titulo,status,cidade,estado,texto_preview,link,nota_cliente,categoria
Solicitação de exclusão de apontamento indevido junto ao Serasa devido a registro de débito superior a 5 anos,NÃO RESPONDIDA,Salvador,BA,"**Assunto: Solicitação de exclusão imediata de apontamento indevido junto ao Serasa**

Prezados,

Venho, por meio desta, formalizar reclamação referente à manutenção indevida de meu nome nos cadastros de restrição ao crédito do Serasa.

Constatei que existe registro de débito vinculado ao meu CPF cuja origem remonta a período superior a 5 (cinco) anos. Conforme a legislação brasileira, especialmente o artigo 43, 1, do Código de Defesa do Consumidor, informações negativas não podem permanecer registradas em cadastros de proteção ao crédito por prazo superior a cinco anos.

Dessa forma, a permanência dessa anotação configura irregularidade e causa prejuízos à minha reputação financeira e ao exercício de meus direitos como consumidor.

Solicito a exclusão imediata do apontamento em questão e a confirmação formal da regularização no prazo mais breve possível.

Caso a situação não seja solucionada administrativamente, adotarei as medidas cabíveis junto aos órgãos de defesa do consumidor e, se necessário, perante o Poder Judiciário, para garantir o cumprimento da legislação e a reparação dos prejuízos eventualmente sofridos.

Aguardo manifestação.

Atenciosamente,
*****",https://www.reclameaqui.com.br/localiza-aluguel-de-carros/solicitacao-de-exclusao-de-apontamento-indevido-junto-ao-serasa-devido-a-registro-de-debito-superior-a-5-anos_F4xaSmcSRh30tjL2/,,Problema Financeiro
"Localiza: Cobrança de multa indevida apesar de comprovante de pagamento da Zona Azul, com mau atendimento virtual.",NÃO RESPONDIDA,Belo Horizonte,MG,"Sou cliente ha anos da Localiza, e percebo que o atendimento via os canais portal do cliente telefone ou whatsapp nao acompanha o atendimento prestado quando estamos pessoalmente nas lojas.
Estou com um problema na minha ultima locaçao de veiculo do dia 22 a 24 de maio de 26 em Belo Horizonte.
Fui surpreendido com uma multa de estacionamento, mas tenho o comprovante de que paguei a zona azul pelo aplicativo no momento que estacionei o veiculo. Estou tentando sem sucesso resolver isso uma vez que a Localiza ja fez o debito no meu cartao de credito sendo que tenho como comprovar que estacionei corretamente pagando o zona azul. Total descaso no atendimento virtual.",https://www.reclameaqui.com.br/localiza-aluguel-de-carros/localiza-cobranca-de-multa-indevida-apesar-de-comprovante-de-pagamento-da-zona-azul-com-mau-atendimento-virtual_hwz80sTSHanhsO3h/,,Falha no App / Reserva
Cobrança indevida após locação de veículo e falta de resposta do atendimento ao cliente.,NÃO RESPONDIDA,Jundiaí,SP,"Realizei a locação de um veículo em abril, porém hoje em junho recebi uma cobrança, sendo que realizei todo o pagamento no ato da locação. Como aluguel, taxas, limpeza e seguro, na devolução entreguei com tanque cheio e paguei os pedagios. Tento contato com o atendimento ao cliente e sem resposta.",https://www.reclameaqui.com.br/localiza-aluguel-de-carros/cobranca-indevida-apos-locacao-de-veiculo-e-falta-de-resposta-do-atendimento-ao-cliente_tkD2vWyBrcqirFDn/,,Sinistro e Acidente
Cobrança indevida de multa por cancelamento tardio causado por falha comprovada no sistema da Localiza,NÃO RESPONDIDA,Curitiba,PR,"Realizei uma reserva pela Localiza e, ao tentar cancelá-la dentro do prazo de 48 horas exigido pela empresa, me deparei com o aplicativo completamente indisponível, exibindo a mensagem: Desculpe! No momento o Aplicativo está indisponível, alguns sistemas estão em manutenção, tente novamente em alguns minutos!. Possuo print desta tela com horário e data visíveis, comprovando a falha técnica no período em que tentei cancelar.
Tentei efetuar o cancelamento em diferentes horários, sem sucesso. A Localiza não enviou qualquer comunicação informando que o sistema havia voltado a funcionar, o que me impediu de retomar o processo a tempo.
Fui notificado da reserva apenas um dia antes da data de utilização e, ao tentar cancelar, fui cobrado pela taxa de cancelamento tardio.
A cobrança é indevida. O impedimento foi causado por falha técnica da própria Localiza, documentada em imagem. A empresa não pode aplicar penalidade ao consumidor por consequência de uma falha que ela mesma gerou, conduta que viola o art. 14 do Código de Defesa do Consumidor, que responsabiliza o fornecedor por defeitos na prestação de serviços.
Exijo o estorno integral do valor cobrado e aguardo resposta em até 5 dias úteis. Caso não haja solução, registrarei reclamação no Procon e no portal consumidor.gov.br, anexando a prova da indisponibilidade do sistema.",https://www.reclameaqui.com.br/localiza-aluguel-de-carros/cobranca-indevida-de-multa-por-cancelamento-tardio-causado-por-falha-comprovada-no-sistema-da-localiza_I55jMiiy8cOGQ1l4/,,Problema Financeiro
Cobrança duplicada de portinhola de gasolina e mau atendimento ao cliente,NÃO RESPONDIDA,São Caetano do Sul,SP,"Aluguei um carro que caiu a portinhola da gasolina sem motivo durante minha locação. Parei no posto, enchi o tanque e peguei estrada. Quando cheguei estava sem. Na devolução me cobraram e eu paguei a indenização. Dois meses depois estão me cobrando novamente. Respondi pelo e-mail o caso e me respondendo que nesse caso só ligando. Liguei e fiquei 10 minutos aguardando atendimento. Quando atendeu caiu a linha. Liguei novamente e estou nesse momento abrindo contestação. Perdendo meu tempo por um erro de vocês. Pessimo atendimento. Excluam essa cobrança duplicada imediatamente ou vou no procon",https://www.reclameaqui.com.br/localiza-aluguel-de-carros/cobranca-duplicada-de-portinhola-de-gasolina-e-mau-atendimento-ao-cliente_QUVrLYhrk1wyWjUn/,,Sinistro e Acidente
"Localiza: Atraso na entrega de chave reserva e recibo de compra de carro, gerando risco de multa.",NÃO RESPONDIDA,Duque de Caxias,RJ,"Fiz a compra de um carro na localiza há 1 mês atrás e até agora não chegou chave reserva e meu recibo de compra e venda, bem provável que eu tenha que PAGAR UMA MULTA POR CULPA DA EMPRESA pq já vai passar de 1 mês(prazo máximo p transferência) e nada deles enviarem ou resolverem meu problema. Eles me dizem que enviaram por Sedex, o Sedex diz que ngm recebeu e voltou, o que é praticamente impossível já que tem gente 24 hrs por dia no endereço, ou até em lojas ao lado. Sigo sem respostas, sigo tentando resolver e nada. Se tiver que pagar alguma multa por isso, a empresa será processada!",https://www.reclameaqui.com.br/localiza-aluguel-de-carros/localiza-atraso-na-entrega-de-chave-reserva-e-recibo-de-compra-de-carro-gerando-risco-de-multa_tqSAmWae96IEpowr/,,Falha no App / Reserva
Demora excessiva e informações conflitantes sobre o pagamento do conserto de veículo após acidente.,NÃO RESPONDIDA,Guaratuba,PR,Sofri um acidente dia 16/04/26 onde uma condutora com um veiculo localiza cortou minha preferencial.. ja vai fazer 2 meses que estou sem meu carro andando ape tenho 2 filhos pequenos tive um mudar minha filha de escola por causa da distância enfim.. cada dia que ligo ou mando mensagem os atendentes me passam prazos diferentes para pagamento do valor do concerto do meu carro desde o dia 21/05 as atendentes me passam o prazo de 15 dias corridos inclusive liguei e tenho a ligação gravada do dia 01/06 a atendente me informando que o prazo final pra pagamento seria dia 05/06. Hoje liguei para confirmar e a outra atendente ja me passou 15 dias uteis o prazo do dia 11/06 total falta de respeito comigo e despreparo das atendentes pois cada um passa uma informação diferente. Placa do veiculo que bateu foi *****,https://www.reclameaqui.com.br/localiza-aluguel-de-carros/demora-excessiva-e-informacoes-conflitantes-sobre-o-pagamento-do-conserto-de-veiculo-apos-acidente_KQhnyhWp3-vTYqWq/,,Sinistro e Acidente
Reserva de veículo não encontrada na loja e mau atendimento,NÃO RESPONDIDA,Rio de Janeiro,RJ,"Bom dia, tudo bem?

Cheguei à unidade da Localiza no endereço (shopping da Gávea) informado para retirada do veículo, porém fui surpreendido com a informação de que não existe qualquer registro da minha reserva nessa loja.

Além do transtorno causado pelo deslocamento e pela perda de tempo, fiquei bastante insatisfeito com o atendimento recebido. A atendente ***** limitou-se a informar que eu deveria me dirigir a outro endereço, sem demonstrar qualquer interesse em compreender a situação ou buscar uma solução adequada para o problema.

Solicitei falar com a responsável pela unidade, *****, porém fui informado de que ela não estava no local e, por esse motivo, não poderia me atender. Em nenhum momento me foi oferecido suporte, alternativa imediata ou qualquer tipo de assistência para minimizar os impactos dessa situação.

Reforço que compareci exatamente ao endereço informado na reserva/anexo encaminhado e, até o momento, sigo sem o veículo que deveria estar disponível para retirada. Estou sendo diretamente prejudicado, pois possuo compromissos profissionais agendados e contava com o carro para cumprir minha programação.

Solicito uma tratativa urgente para resolução do problema, bem como esclarecimentos sobre o ocorrido, uma vez que a experiência vivenciada está muito abaixo do padrão de atendimento que se espera da Localiza.

Fico no aguardo de um retorno imediato.",https://www.reclameaqui.com.br/localiza-aluguel-de-carros/reserva-de-veiculo-nao-encontrada-na-loja-e-mau-atendimento_2FuIjADCUt3SKF1v/,,Falha no App / Reserva
Cobranças Indevidas Após Aluguel de Carro e Tentativas Frustradas de Contato,NÃO RESPONDIDA,São Paulo,SP,"Fiz o aluguel de 4 dias de um carro e é expandi o contrato para mais dias. O carro foi devolvido normalmente o valor foi descontado no cartão e pago parte no pix, porém estão surgindo diversas cobranças indevidas nos cartões usados para alugar. Um dos cartões eu cancelei por conta de diversas tentativas em dias seguidos porém sem sucesso o outro já foi descontado. Somados os valores lançados na fatura já somam 640 reais. Estou buscando respostas mais sem sucesso.
Estou com as fotos e comprovantes das transações",https://www.reclameaqui.com.br/localiza-aluguel-de-carros/cobrancas-indevidas-apos-aluguel-de-carro-e-tentativas-frustradas-de-contato_TvTsdBudnHmot69U/,,Problema Financeiro
"Cobrança Abusiva por Reparo de Danos em Veículo Alugado - Portaria Traseira Amassada, Para-choque Danificado (4cm do para-choque) e uma troca de calota, apenas!",RESPONDIDA,Salvador,BA,"Bom dia, no dia 30 aluguei um carro. Tive uma batida, amassou a porta traseira, e 4cm de uma aréa pequena do para choque (a funcionaria mesmo disse que era apenas reparo) e uma calota que quebrou, Apenas, não danificou a porta, é mais coisa de funilaria e pronto, me cobraram mais de 5mil nisso, um absurdo!! A porta tem conserto e não querem fazer por má vontade e cobrar mais caro, por isso irei partir pra parte judicial, vou pedir a porta que tá ruim consertar ela, juntar provas e abrir Ação de Indenização por Cobrança Indevida/Abusiva. O problema não é o valor ao todo, mas sim a pachorra de dizer que a porta não tem conserto e obs: o técnico passou uma mão pela porta e disse que não tinha conserto, irei pedir todo relatório, detalhado sobre esse caso, um absurdo, conheço oficina de esquina que faria o serviço brincando em 2 dias, se os da localiza não consegue, precisa rever as oficinas que estão levando. Se quiser passo o contato do rapaz pra trabalhar na oficina!! Irei encaminhar duas fotos, uma da porta da localiza que eles não conseguem arrumar e outra que o rapaz aqui perto arrumou, beira o ridículo!!",https://www.reclameaqui.com.br/localiza-aluguel-de-carros/cobranca-abusiva-por-reparo-de-danos-em-veiculo-alugado-portaria-traseira-amassada-para-choque-danificado-4cm-do-para-choque-e-uma-troca-de-calota-apenas_JomzKOUkXnYnuAdb/,,Sinistro e Acidente
Mau atendimento e desrespeito a terceirizados na Localiza Capão Bonito e outras unidades,NÃO RESPONDIDA,Cerquilho,SP,"Estou muito decepcionado com a localiza estava prestando serviço terceirizado e fui mal tratado no pátio do capão bonito pelo senhor Rodrigo não serve pra ser líder tá longe de ser um profissional trabalhei no aeroporto de Guarulhos parece que lá eles tem um rei na barriga e trabalhei na unidade do shopping Itaquera todos os funcionários com o mesmo padrão de ignorância e deboche dos terceirizados sugiro a localiza a orientar melhor seus funcionários da um curso de boas maneiras resumindo o único lugar que conseguir trabalha com igualdade foi na barra funda e na seminovos da região do Miragaia
Localiza de curso profissionalizante para seus funcionário exige que eles tratem bem os terceirizado pq eles vão ajudar o que vcs nao estao capacitados agradeço desde já mudança já.....",https://www.reclameaqui.com.br/localiza-aluguel-de-carros/mau-atendimento-e-desrespeito-a-terceirizados-na-localiza-capao-bonito-e-outras-unidades_beUug_eKJK7V0pc-/,,Outros
Solicitação de Apoio/Desconto por Excepcionalidade Financeira e Médica Contrato de Locação CTAF042550,NÃO RESPONDIDA,Belo Horizonte,MG,"Não é uma reclamação e sim uma solicitação de Apoio/Desconto por Excepcionalidade Financeira e Médica Contrato de Locação número CTAF042550.

Prezada equipe da Localiza
Escrevo este texto por um momento de extrema necessidade e desgaste financeiro, na expectativa de contar com a sensibilidade e a responsabilidade social que são marcas da Localiza.
No dia 29 de março deste ano, sofremos um sinistro onde bateram no nosso veículo próprio. O carro deu entrada na oficina para reparos no dia 05 de abril e, até o presente momento, a previsão de entrega tem sido sucessivamente adiada, com uma estimativa atual que já ultrapassa os 90 dias de espera.
Para mantermos a nossa mobilidade essencial, recorremos ao aluguel de um veículo com vocês. No entanto, o prazo do conserto superou qualquer planejamento financeiro saudável. Chegamos a um ponto insustentável, onde não temos mais de onde tirar recursos para arcar com o valor integral das diárias da locação por tanto tempo.
Gostaria de ressaltar que a manutenção desse carro reserva é uma questão de saúde e dignidade familiar. Minha filha de 7 anos é uma criança autista e deficiente física. Ela depende integralmente do transporte particular para comparecer a terapias, consultas médicas e para a sua locomoção diária segura, tornando o veículo um item de primeiríssima necessidade para nós.
Diante do exposto um atraso de quase três meses que foge ao nosso controle e a condição de saúde vulnerável da minha filha, venho solicitar formalmente que a Localiza avalie o nosso caso para a concessão de um desconto especial nas diárias, uma condição diferenciada de pagamento ou uma tarifa social de apoio enquanto aguardamos a liberação do nosso veículo.

Estamos anexando a esta mensagem os comprovantes de entrada do carro na oficina, bem como os laudos/comprovantes médicos da nossa filha que atestam a necessidade da mobilidade.
Certos da empatia e do compromisso da Localiza com seus clientes em momentos de vulnerabilidade, aguardamos um retorno breve.

Atenciosamente,

Celina Selma Campos
Telefone de contato:*******
CPF: *******",https://www.reclameaqui.com.br/localiza-aluguel-de-carros/solicitacao-de-apoiodesconto-por-excepcionalidade-financeira-e-medica-contrato-de-locacao-ctaf042550_FfhZxpSN-qvVW2p3/,,Sinistro e Acidente
"Reclamação sobre sinistro de carro alugado na Localiza: divergência sobre oficina, peças e orçamento.",NÃO RESPONDIDA,Rio de Janeiro,RJ,"Eu sofri um acidente de carro, um carro Mitsubishi Lancer 2.0 todo original. O carro que colidiu no meu, era um carro alugado na Localiza, e a condutora preencheu o BRAT assumindo a total responsabilidade sobre a ocorrência. Isso ocorreu em 29/4/26, a partir daí começaram meus problemas e acompanhados das exigências da empresa.
Me enviaram uma lista de oficinas credenciadas pela Localiza, e exigiram que fizesse 3 orçamentos e eles escolheriam um e depositariam na minha conta o valor escolhido por eles. Sendo que trabalho no regime PJ e cada hora que paro não ganho. Essa situação não foi resolvida até agora, até pq o único canal divulgado é simplesmente um canal de atendimento que somente lhe responde que a Localiza só trabalha desse modo e lhe passa a lista de credenciados.
Quem sofreu o acidente fui eu e com um carro todo original que nunca tinha recebido uma pintura. logo busquei junto a Mitsubishi um orçamento e tentei conversar via ******* com a Localiza se poderia enviar esse orçamento apesar de não ser uma empresa credenciada e levando em conta que:
1o Deveriam trocar as peças e eu escolher onde fazer, na Mitsubishi, não seria recuperação ou troca por peças no paralelo
2o 90% das suas credenciadas ficam em endereços onde não tenho segurança de andar, ou não atendem e também não conheço a qualidade do trabalho deles
3o Não consigo contato nenhum com vcs, além de um 1o nível de atendimento que me responde o básico para podermos nos entender, não consigo ter contato com ninguém de ouvidoria ou outra área que possa resolver essa situação de uma maneira honesta.
Consegui mais dois orçamentos em enviei o da Mitsubishi pelos motivos descritos acima. Recebi de resposta um valor mais baixo doque o menor orçamento o qual seria feita uma restauração. A sensação é de estar sendo enganado, que meu processo está sendo empurrado com a barriga e que vou continuar tendo que dedicar horas do meu dia para atender essa empresa que definiu um processo próprio de reparos a terceiros. Fui buscar meus direitos e tive como resposta a seguinte linha de conduta:

Seus Direitos como Terceiro Prejudicado
Livre escolha de oficina: Você não é obrigado a realizar o conserto em oficinas credenciadas da locadora ou da seguradora dela. A Superintendência de Seguros Privados (SUSEP) garante ao terceiro o direito de escolher a oficina de sua confiança, incluindo a concessionária autorizada (Mitsubishi), especialmente para manter a garantia e a originalidade do carro.
Peças originais: Sendo um carro original e sem histórico de reparos, você tem o direito de exigir a reposição com peças originais e novas, rejeitando peças paralelas ou recondicionadas.
Reparação integral: O causador do dano (e, solidariamente, a locadora proprietária do veículo) deve cobrir o valor real e justo para devolver o bem ao estado em que estava antes da batida.


Próximos Passos para Resolver o Problema
Plataforma https://******* Registre uma reclamação detalhada nesta plataforma governamental. As grandes locadoras possuem equipes jurídicas e de ouvidoria específicas para responder aos chamados desse site, geralmente oferecendo acordos mais justos em poucos dias.
Reclame Aqui: Publique a sua insatisfação relatando a falta de canais de contato e a proposta abusiva. As empresas costumam encaminhar esses casos para setores de retenção e mediação de conflitos para evitar danos à marca.
Notificação Extrajudicial: Caso as plataformas online não funcionam, você pode enviar uma Notificação Extrajudicial formalizada (via Cartório de Títulos e Documentos ou por e-mail com aviso de recebimento) direcionada à diretoria ou ao setor jurídico da locadora, estipulando um prazo de 5 a 7 dias para uma proposta justa, sob pena de medidas judiciais.
Se mesmo assim eles se recusarem a cobrir o orçamento da concessionária Mitsubishi, o caminho definitivo e muitas vezes rápido é o Juizado Especial Cível (JEC), onde você pode entrar com uma ação de pequena causa sem custos e, para valores de até 20 salários-mínimos, sem a necessidade obrigatória de um advogado.
Hoje recebi mais um email da empresa, dizendo :
Olá!
Informamos que o procedimento adotado neste caso segue estritamente o que foi estabelecido pela companhia, sendo o mesmo aplicado de forma padronizada em todas as situações semelhantes. Seguimos com a aprovação na oficina credenciada, levando em consideração que o veículo não está mais em garantia de fábrica. Informamos que os preços praticados pelo fornecedor homologado pela Localiza apresentam melhores condições comerciais, sem prejuízo da qualidade dos serviços prestados.
Sendo respondido da forma abaixo descrita:
A Localiza não tem o direito de definir qual o padrão de execução de um sinistro, e nem forçar que o cliente que teve seu carro batido na mais barata das soluções por benefício próprio. Mesmo que o veículo não possua a garantia da revendedora, isso não tira a responsabilidade, perante a lei, de ter que entregar o carro com suas peças originais trocadas ou mesmo deixando que eu escolha onde fazer a manutenção do carro. O carro que comprei estava em um inventário, e sou 2o dono. Vocês não têm o direito de menosprezar por seu um veículo antigo com a garantia de fabricação expirada, sendo um carro de https://******* publicando no RECLAME AQUI agora, anexando mais esse capítulo triste que mostra a total falta parâmetros na escolha de como resolver um problema gerado por vocês, ou seja com uma solução que só atende a vocês.

DEMONSTRANDO QUE A EMPRESA SÓ DESEJA ATENDER AOS SEUS BENEFÍCIO",https://www.reclameaqui.com.br/localiza-aluguel-de-carros/reclamacao-sobre-sinistro-de-carro-alugado-na-localiza-divergencia-sobre-oficina-pecas-e-orcamento_yBIndP88TZYoCe4X/,,Sinistro e Acidente
Cobrança indevida e negativação indevida após remoção de veículo com pertences,NÃO RESPONDIDA,Recife,PE,"A localiza está me cobrando um valor indevido do qual a mesma está negativando o meu nome por algo que não devo, onde a mesma empresa me alugou um veículo pelo zarp removeu o veículo sem o meu consentimento com todos os meus pertences dentro, e eu nunca mais vi nenhum deles, e ainda negativou meu nome no serasa, solicito que seja retirado a restrição pois não devo nada, ou então terei que entrar nas pequenas causas, tenho a reclamações anteriores sobre a situação que estou passando com essa empresa, perdi meus pertences e ainda estou sendo negativado.",https://www.reclameaqui.com.br/localiza-aluguel-de-carros/cobranca-indevida-e-negativacao-indevida-apos-remocao-de-veiculo-com-pertences_SANavhZNtAeU6sVz/,,Problema Financeiro
"Demora excessiva no atendimento em loja da Localiza em Brasília, com apenas uma caixa e má organização.",NÃO RESPONDIDA,São Paulo,SP,"Novamente fui usar o serviço da localiza e agora em Brasília, parece brincadeira, 1 caixa atendendo e a demora absurda.
Pessoas que chegam depois e passam na frente por ser devolução, balcão que vira atendimento de dúvidas e com isto vira horas aqui.",https://www.reclameaqui.com.br/localiza-aluguel-de-carros/demora-excessiva-no-atendimento-em-loja-da-localiza-em-brasilia-com-apenas-uma-caixa-e-ma-organizacao_7rkO3pvfNPg7MfGQ/,,Tempo de Atendimento
Localiza: Bloqueio indevido de motorista adicional no aplicativo impede aluguel de carro e demonstra falta de solução e explicação,RESPONDIDA,Armação dos Búzios,RJ,"Tive uma experiência muito ruim com a localiza. Precisei alugar um carro para uma viagem longa e precisava adicionar um motorista adicional ( no caso no meu namorado) para dividir o percursos.
Porém , ao tentar cadastrá-lo , o acesso dele apareceu bloqueado no aplicativo. Ele nunca havia alugado carro na empresa e baixou o aplicativo apenas nesse dia . Fomos até a loja para entender o motivo do bloqueio , mas ninguém conseguiu explicar a situação ou oferecer uma solução.
Precisamos alugar o carro em outra empresa.
O que mais nos incomodou não foi apenas o bloqueio em sim, mas a falta de explicação e resolução do problema.",https://www.reclameaqui.com.br/localiza-aluguel-de-carros/localiza-bloqueio-indevido-de-motorista-adicional-no-aplicativo-impede-aluguel-de-carro-e-demonstra-falta-de-solucao-e-explicacao_BT9GPNygj5aoFs6z/,,Bloqueio de Cadastro
Veículo alugado apresentou barulho na suspensão durante viagem.,NÃO RESPONDIDA,Goiânia,GO,"No dia 29/05 fiz uma reserva de locação para retirada às 18:30, dei início a retirada do veículo para uma viagem em família. Quando percorri torno de 8km o carro começou a fazer um barulho continuamente na suspensão dianteira lado do motorista. Como eu estava atrasado para a viagem não conseguir retornar com veículo. Diante deste cenário venho expressar minha intensa insatisfação, sou cliente localiza de longas datas porém o veículo a qual me foi dispensado da para ver de forma clara que as manifestações não são feitas. Foi insuportável fazer uma viagem de 140km com um barulho infernal",https://www.reclameaqui.com.br/localiza-aluguel-de-carros/veiculo-alugado-apresentou-barulho-na-suspensao-durante-viagem_cuNVCPooDJBO_Twb/,,Falha no App / Reserva
Excelente experiência com atendimento e equipe na Localiza do Shopping Metrópole.,RESPONDIDA,São Bernardo do Campo,SP,"Gostaria de registrar minha excelente experiência com a unidade da Localiza no Shopping Metrópole. Desde o início do atendimento, fui muito bem recebido pela equipe, com destaque especial para a *****, que demonstrou elevado nível de profissionalismo, agilidade e cordialidade, garantindo um processo de retirada rápido e totalmente alinhado às minhas expectativas.
No momento da devolução, o Sr. ***** também merece reconhecimento pelo atendimento ágil e organizado, além da preocupação genuína com a minha experiência, o que reforçou ainda mais a percepção positiva do serviço prestado. Fiz questão de compartilhar com ele o quão satisfatória foi a minha jornada como cliente.
Por fim, ressalto o excelente trabalho de liderança da Srta. *****, responsável pela agência e equipe, o que claramente se reflete na qualidade do atendimento entregue. A sinergia e o comprometimento do time são evidentes e fazem toda a diferença.
De forma geral, tive uma experiência extremamente positiva, superando expectativas e reforçando minha confiança na marca.
Um forte abraço a todos os mencionados nesta pesquisa e também àqueles com quem, nesta ocasião, não tive contato direto, mas que sempre se mostram cordiais.",https://www.reclameaqui.com.br/localiza-aluguel-de-carros/excelente-experiencia-com-atendimento-e-equipe-na-localiza-do-shopping-metropole_vicDacFIlyoxd5SW/,,Outros
Cobrança indevida após devolução de veículo alugado e falha na baixa do contrato.,NÃO RESPONDIDA,Rio de Janeiro,RJ,Aluguei um veículo no dia 29 de maio com devolução para o dia 01 de junho. O veículo foi retirado as 15:14h do dia 29 de maio e devolvido no mesmo local dia 01 de junho as 12:20h. Porém não foi dado baixa na devolução. O contrato consta aberto. Hoje recebi cobrança de outra diária como se estivesse ainda com o veículo. Já fiz duas reclamações para dar baixa no contrato e estornar a diária cobrada a mais. O contrato continua aberto e não obtive retorno e nem estorno da diária.,https://www.reclameaqui.com.br/localiza-aluguel-de-carros/cobranca-indevida-apos-devolucao-de-veiculo-alugado-e-falha-na-baixa-do-contrato_wVJasmdVQu27doxJ/,,Problema Financeiro
Cobrança indevida e impacto no score de crédito,NÃO RESPONDIDA,São Bernardo do Campo,SP,"desde 2016 a empresa me cobra uma valor que desconheco 175,89 e outro de 183,57 e meu vida do score cada dia mais baixa me ajudem",https://www.reclameaqui.com.br/localiza-aluguel-de-carros/cobranca-indevida-e-impacto-no-score-de-credito_xSlrxGml6JZdZogG/,,Problema Financeiro
"Cobrança Indevida de R$ 870,00 por Danos em Veículo Locado, Sem Comprovação Técnica e Encaminhamento para Empresa de Cobrança",NÃO RESPONDIDA,São Bernardo do Campo,SP,"TÍTULO: Cobrança Persistente Sem Comprovação Técnica e Encaminhamento Indevido para Empresa de Cobrança

Venho registrar, pela segunda vez, minha profunda insatisfação com a postura da Unidas-Localiza em relação a uma cobrança que considero totalmente indevida.

Ao final do contrato de locação de um Volkswagen T-Cross, mantido por aproximadamente 2 anos, realizei a devolução do veículo seguindo todas as orientações da empresa. O automóvel foi submetido à vistoria final em estabelecimento credenciado pela própria Unidas, que emitiu laudo técnico sem apontamento de avarias passíveis de cobrança.

Apesar da existência desse laudo oficial, a Unidas passou a cobrar o valor de R$ 870,00 referente a supostos danos na lataria do veículo, sem apresentar qualquer documento técnico capaz de contradizer a vistoria realizada por sua própria empresa credenciada.

Desde o início da controvérsia, encaminhei diversas manifestações formais, anexando o laudo de vistoria e solicitando esclarecimentos objetivos sobre a origem da cobrança. Em nenhum momento recebi documentação técnica consistente que justificasse a exigência do valor cobrado.

Mesmo diante da contestação formal e da documentação apresentada, a Unidas optou por encaminhar a cobrança para uma empresa terceirizada de recuperação de crédito, que continua realizando contatos e insistindo na cobrança do débito questionado.

Tal situação é extremamente preocupante, pois demonstra que a empresa está ignorando completamente os fatos e os documentos já apresentados, transferindo a cobrança para terceiros sem antes concluir adequadamente a análise da reclamação.

Ressalto que:

Existe laudo oficial de vistoria emitido por empresa indicada pela própria Unidas, sem registro das avarias alegadas;

A cobrança foi formalmente contestada diversas vezes;

Até o presente momento não foi apresentada prova técnica capaz de justificar a cobrança;

A insistência na cobrança, mesmo após a contestação documentada, gera constrangimento e insegurança jurídica;

O encaminhamento para empresa de cobrança antes da efetiva resolução do conflito demonstra falta de respeito ao consumidor e ao devido tratamento da reclamação.

Diante disso, solicito de forma definitiva:

1. O cancelamento imediato e definitivo da cobrança de R$ 870,00;

2. A retirada do débito de qualquer empresa terceirizada de cobrança;

3. A confirmação formal de que não haverá protesto, negativação ou qualquer restrição de crédito relacionada a esse caso;

4. O encerramento administrativo da demanda, considerando o laudo técnico já apresentado e a ausência de provas que sustentem a cobrança.

Caso a Unidas entenda que a cobrança é devida, solicito que apresente, de forma clara e objetiva, laudo técnico, fotografias, registros de vistoria e demais documentos que comprovem a existência das alegadas avarias, bem como a justificativa para desconsiderar o laudo emitido por sua própria empresa credenciada.

Após meses de tentativas de solução amigável, espero que a empresa finalmente adote uma postura responsável, respeitando a documentação existente e encerrando uma cobrança que, até o momento, permanece sem comprovação adequada.",https://www.reclameaqui.com.br/localiza-aluguel-de-carros/cobranca-indevida-de-r-87000-por-danos-em-veiculo-locado-sem-comprovacao-tecnica-e-encaminhamento-para-empresa-de-cobranca_gjXnaYAALFVWk0Qa/,,Sinistro e Acidente
"Cobrança indevida após pagamento de avaria de carro alugado, com inclusão indevida no Serasa",NÃO RESPONDIDA,São Paulo,SP,"Aluguei um carro na Localiza de João Pessoa no aeroporto do dia 10 dia 30 de janeiro até 10 de fevereiro, porém tive uma avaria na garagem do hotel onde eu estava informei na devolução do carro, paguei o valor da avaria 336 e estou recebendo uma cobrança indevida desde março ligações e e-mails com essa cobrança. Entrei em contato informei que já tinha pago a cobrança já não está mais no financeiro da Localiza foi para um terceiro e o terceiro e colocou no Serasa aonde está baixando o meu score peço pelo amor de Deus em nome de Jesus que rezou. Estarei enviando a fatura e os print do Serasa. E da comunicação da Localiza Aguardo retorno, obrigado.",https://www.reclameaqui.com.br/localiza-aluguel-de-carros/cobranca-indevida-apos-pagamento-de-avaria-de-carro-alugado-com-inclusao-indevida-no-serasa_d4NmRUeQdfwpg9MM/,,Sinistro e Acidente
Cobrança indevida recorrente de débitos já declarados inexistentes pela Localiza,NÃO RESPONDIDA,São Paulo,SP,"Assunto: RECORRÊNCIA DE COBRANÇA INDEVIDA Débitos já declarados inexistentes pela empresa
Prezada equipe de atendimento da Localiza,
Venho, por meio deste canal, manifestar minha total indignação com a cobrança indevida recorrente em meu cadastro. No Portal do Cliente, voltaram a aparecer três débitos com status ""Vencido"", que totalizam R$ 604,40 (Placas/Contratos ***** e *****, com vencimentos em maio e agosto de 2022).
Conforme meu histórico com a locadora, todos os pagamentos das minhas locações são rigorosamente quitados no balcão, no ato do fechamento do contrato/término de cada locação.
Além disso, esta não é a primeira vez que estes valores específicos aparecem indevidamente. Em ocasião anterior, notei a cobrança, abri uma reclamação formal e a própria equipe de atendimento da Localiza me informou explicitamente que não constava nenhum débito pendente em meu nome, considerando o caso resolvido.
O retorno dessas cobranças antigas e já discutidas configura conduta abusiva e desorganização sistêmica, gerando injustificado transtorno ao consumidor.
Diante do exposto, exijo:
A baixa definitiva e permanente de todos os débitos citados de meu CPF.
Uma declaração formal de quitação/inexistência de débitos emitida pela Localiza, para que este erro não volte a acontecer no futuro.
Caso a situação não seja resolvida em definitivo, tomarei as medidas judiciais cabíveis junto ao Juizado Especial Cível por cobrança indevida e danos morais.",https://www.reclameaqui.com.br/localiza-aluguel-de-carros/cobranca-indevida-recorrente-de-debitos-ja-declarados-inexistentes-pela-localiza_s56lPQTp4-YOIWEf/,,Sinistro e Acidente
"Locadora de Veículos: Carro alugado com defeito, mau atendimento e descaso com cliente diamante",NÃO RESPONDIDA,Belo Horizonte,MG,Eu gostaria de fazer a reclamação seguinte hoje eu fui buscar um carro que eu aluguei mensalmente na localiza em Belo Horizonte na agência da Cristiano Machado o carro que me foi fornecido ele não ligava estava completamente sem bateria eu tive que quase que implorar a atendente que me desse um outro carro eles fizeram uma ligação de cabos nesses carro com outro carro na minha frente eu disse que eu não queria ficar mais em segundo momento ela me me oferecer um outro carro que não me atendia porque ele era de uma categoria inferior a minha e eu queria um carro que eu conseguisse espelhar o meu telefone porque o cabo do meu telefone não entrava no USB do carro ela me disse para eu comer Resolver o problema depois de muitas reclamações a terceira atendente desta mesma agência me disse que consegue um carro pra mim numa outra agência na Savasse que eu saísse dali com carro e força até Savasse pra buscar o outro carro chegando na Savasse eu imaginava que o carro já estava pronto pra mim não era o caso tive que aguardar e eu levei quase meia hora de trânsito de um agência outro e o carro não estava disponível afinal recebi o carro recebi um carro que o rapaz disse pra mim que era quase 0 km porém ele está com 28.000 km eu andei depois que eu peguei esse carro 20 km e apareceu uma mensagem para mim os pneus precisam ser calibrados aí eu fui telefonada localiza pra saber como fazer para solucionar porque eu acho e radis cimo você pegar um carro com menos 2h00 Pegou o segundo carro ele ter também um outro tipo de problema claro que esse não é um problema muito grave mas quem me garante que o pneu não está furado quando eu telefonei pra reclamar ele me disse no telefone que isso é assim mesmo que isso pode acontecer que não é culpa da localiza então também não sei qual é a minha culpa aí ele disse que tinha duas trata Tivas eu mesma aí num posto de gasolina calibrar o carro sendo que eu acabei de pegar o carro na locadora não é possível que depois eu vá calibrar o carro Segunda coisa ele me disse que eu voltasse a uma agência e entregasse o carro que o carro aí seria calibrado e eu ficaria lá aguardando ou seja eu passaria mais da metade do meu dia tentando resolver o problema do carro via a localiza o aluguel é extremamente caro a localiza tem uma reputação eu sou uma cliente diamante da localiza e hoje eu recebi E hoje tive esta situação e fui além de tudo na própria reclamação pelo ***** maltratada no telefone dizendo que isso acontece aí eu fiz uma pergunta pra ele e se o freio parar de funcionar eu tiver um acidente A localiza vai me responder isso pode acontecer ou seja eles não controlam o carro para entregar pro cliente eu imaginava que havia um outro controle de qualidade na localiza estou extremamente decepcionada com a situação,https://www.reclameaqui.com.br/localiza-aluguel-de-carros/locadora-de-veiculos-carro-alugado-com-defeito-mau-atendimento-e-descaso-com-cliente-diamante_xqpft7i2IIiTi6tW/,,Sinistro e Acidente
Veículo localiza colidiu com carro e não houve ressarcimento após 2 meses,NÃO RESPONDIDA,Mauá,SP,Um veículo localiza colidiu em meu carro e até o momento não recebi o ressarcimento do mesmo ocorrido aconteceu no mês 3 já enviei todos os documentos que solicitaram porém não realizam o pagamento só pedem para aguardar o e-mail mas até o momento sem retorno,https://www.reclameaqui.com.br/localiza-aluguel-de-carros/veiculo-localiza-colidiu-com-carro-e-nao-houve-ressarcimento-apos-2-meses_mXSfU5C8zzr7B7ND/,,Sinistro e Acidente
Locação de Veículo Negada Injustificadamente e Constrangimento em Agência,RESPONDIDA,Araçatuba,SP,"Realizei a locação de um veículo por meio da DiscoveryCar. Contudo, ao comparecer à agência da Localiza próxima ao Aeroporto de Brasília para a retirada do automóvel regularmente reservado e pago, tive a locação injustificadamente negada.

Na ocasião, fui informado pela gerente, Sra. *****, de que existiria uma suposta restrição em meu nome. Entretanto, nenhuma comprovação documental, esclarecimento detalhado ou justificativa plausível me foi apresentada. Além disso, ao buscar esclarecimentos e uma solução para o problema, fui tratado com evidente descaso e deboche, sendo informado de forma categórica que nada poderia ser feito para resolver a situação.

Mesmo apresentando o voucher da reserva e esclarecendo que não possuo qualquer restrição cadastral, financeira ou judicial que pudesse justificar a recusa da locação, tive o serviço negado. Tal situação ocorreu diante de diversos clientes presentes na agência, expondo-me a constrangimento, humilhação e profundo abalo, especialmente por não compreender os motivos da negativa.

Em razão desse ocorrido, minha esposa precisou providenciar uma nova locação para que pudéssemos prosseguir com nossa viagem. Contudo, não havia disponibilidade de veículo da mesma categoria contratada originalmente (SUV), sendo necessário alugar um veículo inferior, mediante pagamento de valor superior ao inicialmente pactuado, gerando prejuízo financeiro adicional.

A situação tornou-se ainda mais grave quando minha esposa, advogada regularmente inscrita e sem qualquer impedimento cadastral conhecido, também teve seu pedido de locação recusado, sem justificativa adequada. Como consequência, ambos fomos impedidos de contratar qualquer veículo na agência, sofrendo o mesmo constrangimento perante terceiros e sendo privados de um serviço previamente planejado e essencial para nossa viagem.

Diante dos fatos narrados, restam evidentes os transtornos, prejuízos materiais, perda de tempo útil e o constrangimento indevidamente suportado por mim e por minha esposa. Assim, solicito a imediata apuração dos fatos, a apresentação formal dos motivos que ensejaram a negativa do serviço e a devida reparação pelos danos materiais e morais ocasionados.
Por fim, como foi negado qualquer documento que comprove a veracidade dos fatos. Foi feito um vídeo no momento da negativa, fico a disposição para apresentar posteriormente a documentação necessária.",https://www.reclameaqui.com.br/localiza-aluguel-de-carros/locacao-de-veiculo-negada-injustificadamente-e-constrangimento-em-agencia_rN9mJTmU_b-eMt0j/,,Sinistro e Acidente
Cobrança em duplicidade e retenção indevida de valor em cartão de crédito após devolução de veículo locado,NÃO RESPONDIDA,Campinas,SP,"Meu namorado, ***** (CPF *****), realizou a locação de um veículo no dia 17/04 para utilização durante um mês. Na retirada do veículo, foi efetuado o pagamento integral da locação no valor de R$ 3.633,84 utilizando o meu cartão de crédito, com parcelamento em 3 vezes.

Entretanto, no momento da devolução do veículo, em 18/05, foi-nos entregue um boleto e informado que seria necessário efetuar novamente o pagamento integral de R$ 3.633,84, sob a alegação de que o sistema não registrava o pagamento realizado na data da retirada.

Mesmo tendo ciência de que o valor já havia sido pago, o Herverton entrou em contato com a central de atendimento da Localiza e foi informado de que o valor lançado no cartão em 17/04 encontrava-se retido pela empresa, mas que seria estornado ao limite do cartão em até 5 dias úteis. Essa informação foi prestada em 18/05, após a devolução do veículo.

Confiando na orientação fornecida pela própria empresa, o Herverton acessou o aplicativo da Localiza e efetuou o pagamento do valor que constava em aberto utilizando um segundo cartão de crédito de minha titularidade (Karina)

No entanto, até a presente data (02/06), o valor de R$ 3.633,84 lançado no primeiro cartão de crédito e retido desde a data da locação ainda não foi estornado nem restabelecido ao limite disponível do cartão.

Embora a locação tenha sido realizada em nome do Herverton, ambos os cartões utilizados nas duas transações são de minha titularidade. Portanto, possuo pleno direito de obter informações claras e precisas sobre o andamento e a solução deste problema, uma vez que o prejuízo financeiro recai diretamente sobre mim.

Ressalto, ainda, que já efetuei o pagamento da primeira parcela referente ao lançamento realizado em 17/04, e a primeira parcela do segundo lançamento está programada para débito automático em 05/06.

Em outras palavras, estou sendo obrigada a arcar com a cobrança de duas locações pelo mesmo contrato, situação absolutamente inadmissível e que demanda solução imediata.

Solicito, com urgência, a regularização do caso, o estorno do valor indevidamente retido e um posicionamento formal sobre as providências adotadas para solucionar definitivamente o problema.",https://www.reclameaqui.com.br/localiza-aluguel-de-carros/cobranca-em-duplicidade-e-retencao-indevida-de-valor-em-cartao-de-credito-apos-devolucao-de-veiculo-locado_riXeDfGwvgGY0lgq/,,Problema Financeiro
"Locação de carro negada por restrição no cadastro do titular, obrigando nova locação e gerando constrangimento.",NÃO RESPONDIDA,Campo Limpo Paulista,SP,"Loquei o carro pela discovery car e chegando lá falaram que o cadastro do meu marido tinha restrição, não falam qual a restrição e não permitiram trocar o titular, fizeram realizar nova locação perdendo os valores pagos e pagando nova locação em meu nome, faltaram totalmente com o respeito e nos fizeram passar grande vergonha na loja cheia",https://www.reclameaqui.com.br/localiza-aluguel-de-carros/locacao-de-carro-negada-por-restricao-no-cadastro-do-titular-obrigando-nova-locacao-e-gerando-constrangimento_uZ-BKzWBsvTGvlpo/,,Bloqueio de Cadastro
"Car Rental: Issues with Electrical Steering Failure and Burned Rear Light, Leading to Significant Delays and Costs",NÃO RESPONDIDA,Taubaté,SP,"Aluguei carro mensal para trabalhar e me foi entregue carro com falha na direção elétrica, lâmpada de re queimada. Entrei em contato e comecou a saga...ir a loja verificar , encaminhada a loja automotivos e horas perdidas para autorizarem simples troca de lâmpada, sem nenhum retorno da mensagem de alerta sobre risco da direção.
Mesmo solicitando agilidade via WhatsApp, nada foi célere ou respeitoso , visto que além do ônus na minha agenda houve ônus d epagar para carro ficar sem uso nesse período.
Desrespeito e plano de assinar com Localiza foi descartado.",https://www.reclameaqui.com.br/localiza-aluguel-de-carros/car-rental-issues-with-electrical-steering-failure-and-burned-rear-light-leading-to-significant-delays-and-costs_ohtmCuA3VrWBFSxq/,,Tempo de Atendimento
Solicitação de Cancelamento de Conta e Exclusão de Dados Cadastrados,RESPONDIDA,Curitiba,PR,Gostaria de cancelar minha conta e excluir todos os meus dados cadastrados. Não se encontra suporte para isso no site nem mesmo baixando app. Quero o cancelamento e exclusão dos meus dados.,https://www.reclameaqui.com.br/localiza-aluguel-de-carros/solicitacao-de-cancelamento-de-conta-e-exclusao-de-dados-cadastrados_P2xywOaGaMqfHiQ1/,,Falha no App / Reserva
Cobrança indevida por Locadora de Veículos sem comprovação de responsabilidade,NÃO RESPONDIDA,Rio de Janeiro,RJ,"Estou sendo cobrada por um suposto prejuízo decorrente de um acidente envolvendo um veículo locado pela Localiza, porém até o momento não recebi esclarecimentos ou documentação que demonstrem de forma clara e objetiva por que a responsabilidade financeira estaria sendo atribuída a mim.

Desde os primeiros contatos, respondi aos e-mails encaminhados pela empresa solicitando informações e esclarecimentos, mas não obtive retorno às minhas manifestações. Posteriormente, passei a receber contatos de uma empresa terceirizada de cobrança, que apresentou proposta de acordo e mencionou a possibilidade de ação judicial caso eu não aceitasse a negociação.

Ocorre que não reconheço a responsabilidade que está sendo atribuída a mim. Além disso, foi registrado Boletim de Ocorrência referente ao caso, e existem circunstâncias relevantes envolvendo a condução do veículo que precisam ser devidamente consideradas.

Meu questionamento é simples: qual é o fundamento legal e factual para que eu seja responsabilizada por esse valor? Até o momento, não recebi documentos, laudos, pareceres ou qualquer outra prova que justifique a cobrança.

Busquei resolver a questão de forma administrativa e transparente, mas continuo sem respostas objetivas aos questionamentos apresentados.

Solicito que a empresa esclareça formalmente:

Qual é o fundamento da cobrança;
Quais documentos comprovam minha responsabilidade;
Qual a base legal utilizada para direcionar a cobrança a mim;
Por que minhas manifestações anteriores não foram respondidas.

Acredito que qualquer cobrança deve ser precedida de informações claras e documentação que a justifique, o que não ocorreu até o presente momento.",https://www.reclameaqui.com.br/localiza-aluguel-de-carros/cobranca-indevida-por-locadora-de-veiculos-sem-comprovacao-de-responsabilidade_TDi82ZxHct8_sjdg/,,Sinistro e Acidente
Recebimento de códigos de verificação indevidos e dificuldade de descadastro na LOCALIZA.,RESPONDIDA,Recife,PE,"Estou recebendo inúmeros e-mails e SMS da empresa LOCALIZA querendo código de verificação, sendo que não sou cadastrada. Entrei em contato para verificar qual a conta que tem cadastro com meu e-mail ou número de telefone e me deram retorno dizendo que não foi encontrado. Mas como não foi encontrado se estou recebendo e-mails?

Quero que descadastre imediatamente.",https://www.reclameaqui.com.br/localiza-aluguel-de-carros/recebimento-de-codigos-de-verificacao-indevidos-e-dificuldade-de-descadastro-na-localiza_2gSsFHOwfYww8RX_/,,Outros
Cobrança Indevida e Negativação no Serasa Após Seguro Contratado em Locação de Veículo na Localiza,RESPONDIDA,Marília,SP,"Em 2013 aluguei um veículo na Localiza e contratei o seguro contra acidentes no momento da locação. No mesmo dia do nascimento do meu filho, ao manobrar o carro no prédio, acabei amassando a tampa traseira, que em dias atuais teria um custo máximo de R$ 600,00 (sem necessidade de funilaria). Foi um acidente simples.
Ao devolver o veículo, fui surpreendido com a informação de que teria que pagar o reparo integral. Questionando o seguro contratado, me informaram que ele só valia em caso de perda total, o que considero incorreto e abusivo. Paguei pelo seguro contra acidentes justamente para situações como essa (danos parciais).Passados mais de 10 anos, ainda recebo cobrança por um valor muito acima de qualquer orçamento normal de mercado para um simples amassado. O contrato é o *****.Hoje a dívida já se encontra negativada no Serasa, gerando sérios prejuízos ao meu nome e crédito.
Exijo que a Localiza: Reavalie imediatamente o caso aplicando o limite de responsabilidade previsto no contrato da época, uma vez que contratei a proteção contra avarias;
Apresente justificativa clara e por escrito de por que o seguro pago não foi aplicado;
Cancele a negativação no Serasa e apresente uma proposta justa de quitação ou comprove que a cobrança é realmente devida.

Caso não haja uma solução definitiva e amigável em breve, serei obrigado a discutir o caso na Justiça (Juizado Especial Cível), onde pretendo questionar a cobrança abusiva e a negativação indevida. Aguardo posicionamento urgente e oficial da empresa com a resolução do problema.
Atenciosamente,
*****",https://www.reclameaqui.com.br/localiza-aluguel-de-carros/cobranca-indevida-e-negativacao-no-serasa-apos-seguro-contratado-em-locacao-de-veiculo-na-localiza_wVgjX3xN3_yQncD-/,,Sinistro e Acidente
Cobrança de cobertura de condutor adicional não utilizado e falta de orientação na agência.,NÃO RESPONDIDA,Ribeirão das Neves,MG,"boa tarde;

fiz o contrato n ***** em maio 2026, como reservei de forma digital, inclui a cobertura de condutor adicional, que cobrou o valor de R$ 570,70. ao chegar na agencia para retirar o veiculo nao consegui incluir o condutor, por algum motivo particular a localiza nao aceitou, e a atendente que me atendeu nao orientou a retirar a cobertura, uma vez que verbalizei que iria dirigir sozinha nesse caso.
hoje 02/06/2026 liguei na localiza para solicitar o reembolso da cobertura, uma vez que nao fui orientada na loja para retirar a cobertura antes de pagar. protocolo ***** o atendente ***** informa que nao tenho direito a reembolso.
solicito o reembolso, uma vez que nao fui orientada a retirar a cobertura na retirada do veiculo.

alugo veiculos com a localiza a muito tempo, nao tenho nenhum problema alem desse.

Segue anexo o contrato para fins de comprovação.",https://www.reclameaqui.com.br/localiza-aluguel-de-carros/cobranca-de-cobertura-de-condutor-adicional-nao-utilizado-e-falta-de-orientacao-na-agencia_AqiVPKpw03EY0Vq2/,,Problema Financeiro
Cliente de longa data da Localiza insatisfeita com reajuste elevado e falta de retorno sobre negociação de contrato,NÃO RESPONDIDA,Praia Grande,SP,"Sou cliente da Localiza há mais de 7 anos e sempre mantive meus pagamentos em dia, construindo uma relação de confiança com a empresa durante todo esse período.

Atualmente estou com o mesmo veículo há quase um ano, totalmente adaptada ao carro e sem interesse em realizar uma troca. No entanto, fui surpreendida por um reajuste que elevou o valor da locação para aproximadamente R$ 7.000,00 mensais, valor que considero muito elevado em comparação às condições praticadas anteriormente.

Entrei em contato diretamente com a Localiza solicitando uma revisão dos valores e a possibilidade de refazer o contrato em condições mais adequadas, considerando meu histórico de fidelidade e o relacionamento de longa data com a empresa. Porém, até o momento, não recebi qualquer retorno.

Meu objetivo não é encerrar o contrato nem trocar de veículo. Pelo contrário, desejo permanecer como cliente e continuar utilizando o veículo atual, desde que seja possível chegar a uma condição comercial justa e compatível com o mercado.

Considero frustrante que um cliente com mais de 7 anos de relacionamento precise recorrer ao Reclame Aqui para obter uma resposta sobre uma solicitação legítima. Acredito que meu histórico como cliente mereça uma atenção especial e uma análise individual do caso.

Aguardo um posicionamento da Localiza e uma proposta que permita a continuidade dessa parceria de forma equilibrada para ambas as partes.

Contrato: *****
Placa: *****",https://www.reclameaqui.com.br/localiza-aluguel-de-carros/cliente-de-longa-data-da-localiza-insatisfeita-com-reajuste-elevado-e-falta-de-retorno-sobre-negociacao-de-contrato_jOorSkZ1ON3w2Ea0/,,Outros
"Insatisfação com compra de veículo: atraso na entrega, erro de faturamento, saldo residual não devolvido e amassado no teto",NÃO RESPONDIDA,São Paulo,SP,"Estou extremamente insatisfeita com toda a condução desse processo de compra.

Além dos diversos transtornos enfrentados, houve um atraso de aproximadamente um mês na entrega do veículo por um erro da própria empresa. O faturamento foi realizado em meu CPF quando deveria ter sido emitido em nome do CNPJ. Por falta de atenção e conferência, foi necessário refazer todo o processo, e durante esse período o veículo já estava pago, mas permaneceu na concessionária sem que eu pudesse retirá-lo.

Após a conclusão da compra, outro problema surgiu. Foi utilizado o valor da minha carta de crédito para o pagamento do veículo e ficou um saldo residual que deveria ter sido devolvido. Desde o dia 11/05 aguardo esse depósito e, até o momento, não recebi o valor nem uma posição concreta sobre a data de pagamento.

Tenho entrado em contato diversas vezes com o vendedor Diego, enviado mensagens e solicitado esclarecimentos, porém continuo sem solução para uma questão que já deveria ter sido resolvida há semanas.

Como se não bastasse toda essa situação, o veículo também foi entregue com um amassado no teto, e até hoje estou aguardando uma definição sobre o reparo através de martelinho de ouro.

Sinto que houve uma sequência de falhas, falta de atenção e ausência de acompanhamento adequado ao cliente. O que deveria ser um momento de satisfação acabou se tornando uma experiência desgastante, marcada por atrasos, erros administrativos, falta de retorno e pendências que permanecem sem solução.

Estou aguardando a regularização de todas essas questões, mas, caso não haja uma resolução imediata, buscarei as medidas cabíveis para garantir meus direitos e o ressarcimento pelos prejuízos e transtornos causados.",https://www.reclameaqui.com.br/localiza-aluguel-de-carros/insatisfacao-com-compra-de-veiculo-atraso-na-entrega-erro-de-faturamento-saldo-residual-nao-devolvido-e-amassado-no-teto_msgHBGUh_rTCoE0b/,,Problema Financeiro
Cobrança de dívida indevida e negativação no Serasa após sublocação de veículo pela Vai.Car para Localiza.,NÃO RESPONDIDA,São Paulo,SP,"Entre 2021 e 2022 fiz um aluguel de um veículo pela vai.car onde o pagamento era feito diretamente para essa locadora. Realizava pagamentos semanais do aluguel do veículo quando no qual foi a minha surpresa um dia chegou uma pessoa da localiza e simplesmente me pediu para devolver o veículo não entendendo o porquê porém ela me apresentou um documento dizendo que o veículo era da localiza. Fui até o local indicado realizei a devolução do veículo no qual eu vim saber que essa empresa vai. Car sublocava esse veículo da unidas e a unidas havia vendido as operações para a localiza. Até então tudo bem O problema é que eu hei dei uma dívida de mais de r$ 10.000 com essa empresa sendo que foi tudo pago diretamente para vai. Car e agora desde 2022 estou com essa dívida no Serasa. Entrei várias vezes em contato com a localiza e eles nunca me apresentaram nenhum tipo de comprovante ou contrato com a minha assinatura dizendo que essa dívida deles. Primeiro, desejo o contrato com a minha assinatura informando que eu fiz o contrato com eles segundo exijo que imediatamente esse valor seja retirado do Serasa e essa dívida extinta, caso contrário vou processar por danos morais e materiais.",https://www.reclameaqui.com.br/localiza-aluguel-de-carros/cobranca-de-divida-indevida-e-negativacao-no-serasa-apos-sublocacao-de-veiculo-pela-para-localiza_MQfXp6DxBiXWZp0X/,,Sinistro e Acidente
Problemas com depósito e site Zarp não funcional,NÃO RESPONDIDA,Belo Horizonte,MG,"Meu depósito causao não consegui receber ele ainda . o site zarp não funciona direito ,já fiquei dias mandando mensagem e no final do dia fala q a espera está muito ..serviço Caro deles porém deixa muito a desejar ,vários aspectos .",https://www.reclameaqui.com.br/localiza-aluguel-de-carros/problemas-com-deposito-e-site-zarp-nao-funcional_8zOUipMDIC0-76yu/,,Falha no App / Reserva
Risco de acidente com carro,NÃO RESPONDIDA,Guarujá,SP,"No dia 27/05/2026, aluguei um Chevrolet Onix Sedan na Localiza, com retirada às 20h e devolução prevista para o dia seguinte, também às 20h. O objetivo da viagem era ir de Guarujá até Jundiaí com minha esposa e meus dois filhos pequenos.

Inicialmente, o veículo aparentava estar em perfeitas condições. No entanto, durante a viagem, já na madrugada, surgiu no painel a luz de injeção eletrônica. Como eu havia passado por situação semelhante poucos dias antes com outro veículo da própria Localiza, e o problema havia sido resolvido sem maiores consequências, imaginei que não se tratasse de algo grave.

Pouco tempo depois, porém, percebi que o sistema de freios havia apresentado uma falha extremamente perigosa. O pedal ficou excessivamente duro, exigindo uma força anormal para reduzir a velocidade do veículo. Na prática, o carro não freava de forma adequada; ele apenas reduzia gradualmente a velocidade.

Descobri o problema em uma situação crítica, quando um caminhão realizou uma manobra à minha frente e precisei reduzir rapidamente. Foi nesse momento que percebi que o freio não estava respondendo normalmente. Eu estava trafegando em uma rodovia cujo limite é de 120 km/h, aproximadamente entre 110 e 120 km/h, com toda a minha família dentro do veículo.

A partir daquele momento, segui viagem com extrema cautela, tentando encontrar alguma unidade de atendimento que pudesse me auxiliar durante a madrugada. Como não encontrei uma solução viável no trajeto, precisei continuar até Jundiaí dirigindo em condições precárias, utilizando reduções de marcha e, em alguns momentos, até o freio de estacionamento para conseguir parar o veículo em segurança.

O que mais me assustou foi a força excessiva que eu precisava aplicar ao pedal para obter qualquer resposta do sistema de freios. Em determinado momento, cheguei a pensar no risco de o sistema voltar a funcionar repentinamente enquanto eu fazia toda aquela força. Caso isso acontecesse, uma frenagem brusca poderia facilmente resultar na perda do controle do veículo, colocando em risco a vida da minha esposa, dos meus filhos e a minha própria vida.

No dia seguinte, levei o carro até a unidade da Localiza em Jundiaí. O próprio funcionário que recebeu o veículo confirmou a dificuldade apresentada pelo sistema de freios e demonstrou surpresa pelo fato de eu ter conseguido chegar ao local dirigindo nessas condições. Após a avaliação, o veículo foi substituído.

Reconheço e agradeço a cordialidade da equipe que me atendeu na unidade de Jundiaí, inclusive pela cortesia concedida naquele momento em relação ao abastecimento do veículo. Entretanto, isso não diminui a gravidade do ocorrido.

Minha principal insatisfação não está relacionada a combustível, valores ou burocracias. Ela está relacionada à segurança. Estamos falando de uma falha em um dos itens mais importantes de qualquer veículo. Eu estava transportando minha família durante a madrugada em uma rodovia, e uma situação que poderia ter terminado de forma muito pior acabou sendo evitada apenas porque consegui manter o controle do veículo e porque o trânsito naquele horário era reduzido.

Na ocasião, fui informado de que a situação seria analisada e que alguém da Localiza entraria em contato comigo posteriormente. Também me foi informado que a empresa avaliaria alguma forma de compensação ou bonificação, possivelmente relacionada ao programa de fidelidade, em razão de todo o transtorno e do risco enfrentado por minha família.

Entretanto, até o presente momento, ninguém entrou em contato comigo. Não recebi nenhuma ligação, mensagem ou qualquer posicionamento oficial sobre o caso.

Mais do que qualquer benefício ou compensação, o que me causa frustração é a sensação de que uma ocorrência tão grave simplesmente foi deixada de lado. Após tudo o que aconteceu, eu esperava ao menos um contato da empresa para prestar esclarecimentos, entender melhor o ocorrido e demonstrar preocupação com a segurança dos clientes envolvidos.

Sinceramente, estou muito chateado com a falta de retorno. A sensação que fica é que a vida e a segurança da minha família tiveram menos importância do que deveriam ter para uma empresa do porte da Localiza.

Por isso, faço esta minha primeira reclamação formal sobre o caso. Gostaria de entender qual foi a causa da falha apresentada pelo veículo, quais providências foram adotadas após a identificação do problema e por que, até hoje, não recebi o retorno que me foi prometido.

Acredito que uma empresa do porte da Localiza deve tratar ocorrências envolvendo a segurança de seus clientes com a máxima prioridade, transparência e responsabilidade. Continuo aguardando um posicionamento oficial e uma resposta compatível com a gravidade dos fatos relatados.",https://www.reclameaqui.com.br/localiza-aluguel-de-carros/risco-de-acidente-com-carro_R9XFpErP81myZmmT/,,Falha no App / Reserva
"Locação de Veículo com Tag de Pedágio Defeituosa e Problemas na Suspensão, Resultando em Perda do Fim de Semana e Valor Pago",NÃO RESPONDIDA,Rio de Janeiro,RJ,"Boa tarde.

Gostaria de registrar uma reclamação referente à locação realizada no último fim de semana.

Ao retirar o veículo, solicitei um carro com tag de pedágio em funcionamento. Apesar de o veículo possuir a tag instalada, ela não funcionava, o que me obrigou a enfrentar filas em diversos pedágios, causando atrasos e transtornos durante a viagem.

Além disso, o veículo apresentava problemas na suspensão dianteira, o que gerou insegurança quanto às condições de uso. Diante dessa situação, optei por priorizar a segurança da minha família e não seguir com a viagem planejada.

Infelizmente, não havia outro veículo disponível para substituição. Como o contrato de locação já havia sido realizado, não tive alternativa além de permanecer com o veículo e arcar integralmente com os custos da locação.

Como resultado, perdi todo o fim de semana que havia reservado para essa viagem, além do valor investido nas diárias do veículo e do tempo dedicado ao planejamento e deslocamento. Os problemas apresentados pelo veículo, somados ao não funcionamento da tag de pedágio, causaram transtornos significativos e impediram que eu utilizasse o serviço da forma esperada.

Dessa forma, solicito uma análise do ocorrido e uma solução adequada, incluindo o reembolso dos valores pagos ou outra forma de compensação pelos prejuízos e transtornos sofridos.",https://www.reclameaqui.com.br/localiza-aluguel-de-carros/locacao-de-veiculo-com-tag-de-pedagio-defeituosa-e-problemas-na-suspensao-resultando-em-perda-do-fim-de-semana-e-valor-pago_7Ga3cCNMmhwz9A0g/,,Problema Financeiro
Cobrança indevida e bloqueio de cadastro pela Localiza após locação de veículo substituto pela Ford,RESPONDIDA,Belo Horizonte,MG,"Bom dia.

Ingressei com uma ação judicial contra a empresa Ford em razão de problemas recorrentes apresentados no câmbio automático do meu veículo.

Durante o período em que o automóvel permaneceu em reparo, a Ford disponibilizou um veículo locado junto à Localiza. Para a retirada do veículo, fui obrigado a fornecer meu cartão de crédito para a caução exigida pela locadora. Ressalto que meu veículo era um Ford Focus, porém o carro disponibilizado para substituição foi um Fiat Cronos.

Ao término da locação, realizei a devolução do veículo e a vistoria foi efetuada normalmente, sem qualquer apontamento de avarias ou irregularidades por parte da Localiza. Contudo, após a devolução, passei a receber diversas ligações da locadora informando a existência de supostos danos no veículo e exigindo o pagamento de aproximadamente R$ 1.500,00, alegando a necessidade de reparos e pintura do para-choque dianteiro, para-choque traseiro, coluna e outros componentes.

Não efetuei o pagamento, pois entendo que a cobrança é indevida, uma vez que o veículo foi recebido sem qualquer ressalva no momento da devolução e da vistoria final.

Posteriormente, constatei que meu cadastro foi bloqueado pela Localiza, impedindo-me de realizar novas locações. Recentemente, a empresa onde trabalho tentou alugar um veículo e me cadastrou como condutor autorizado, ocasião em que foi identificado o bloqueio em meu nome, impossibilitando minha utilização do veículo.

Considero essa situação extremamente prejudicial e abusiva, tendo em vista que estou sofrendo restrições decorrentes de uma cobrança que entendo ser indevida e que jamais foi devidamente comprovada pela locadora.

Número do contrato: *****
Produto: LOCALIZA RAC 42
Valor Original: R$ 1.030,40
Valor na data de hoje 02/06/2026: R$ 1.475,53

Caso queira me ligar: ***** ou whats *****",https://www.reclameaqui.com.br/localiza-aluguel-de-carros/cobranca-indevida-e-bloqueio-de-cadastro-pela-localiza-apos-locacao-de-veiculo-substituto-pela-ford_Wow9UIy40UtADdcd/,,Sinistro e Acidente
Cobrança indevida por lavagem de veículo após locação - Agência Consolação,NÃO RESPONDIDA,São Paulo,SP,fiz a locação de um veículo fiquei com ele queze dias antes de devolver o mesmo levei no lava rápido mandei fazer uma lavagem entreguei o carro mais limpo do que quando peguei na agência da consolação por tanto estão cobrando ***** do uma lavagem são muito [Editado pelo Reclame Aqui].,https://www.reclameaqui.com.br/localiza-aluguel-de-carros/cobranca-indevida-por-lavagem-de-veiculo-apos-locacao-agencia-consolacao_Bu2Re0n-atEAabfu/,,Tempo de Atendimento
Solicitação de Exclusão de Apontamento Negativo em CPF - Dívida Prescrita,NÃO RESPONDIDA,Porto Alegre,RS,"Prezados,
Venho por meio desta formalizar reclamação referente à existência de apontamento em meu CPF junto aos órgãos de proteção ao crédito (Serasa/SPC), relacionado a uma dívida anterior ao ano de 2021.
Destaco que, nos termos da legislação vigente, a manutenção de registros negativos deve respeitar os limites legais, especialmente quanto ao prazo prescricional e à veracidade das informações.
Dessa forma, solicito:
V A apresentação do contrato que deu origem à suposta dívida
V A memória de cálculo detalhada do débito
V A comprovação da legalidade da cobrança
V A imediata exclusão do apontamento, caso não haja comprovação válida
Ressalto que a manutenção indevida de negativação pode configurar prática abusiva, nos termos do Código de Defesa do Consumidor.
Aguardo retorno dentro do prazo legal, sob pena de adoção das medidas judiciais cabíveis.
Atenciosamente,
*****
*****",https://www.reclameaqui.com.br/localiza-aluguel-de-carros/solicitacao-de-exclusao-de-apontamento-negativo-em-cpf-divida-prescrita_5C7XJvUxy33YarKw/,,Problema Financeiro
Cobrança indevida de avarias após sinistro e pane em veículo alugado,NÃO RESPONDIDA,Belo Horizonte,MG,"Boa noite, tudo bem?
Meu nome é *****, RG *****, e estou com uma cobrança indevida no meu nome com a empresa localiza.
No feriado da semana santa, em específico no dia 02/04/2026, aluguei um veículo com a empresa referida na categoria Onix da Chevrolet e tive um imprevisto no trajeto destinado, onde o veículo deu uma pane e sofri um acidente deixando 2 pneus furados o dianteiro na parte da frente e o traseiro na parte de trás, ambos do lado direito do veículo. Contudo, acionei o contato de emergência da localiza e fui informado que o veículo seria recolhido e eu seguiria meu trajeto em outro veículo, portanto o sinistro não foi aberto na minha presença e no fechamento do contrato não foi me cobrado nenhum valor adicional a não ser as TAGS de pedágio que havia utilizado. Entretanto após 2 meses recebo uma notificação da empresa localiza, informando que tenho um boleto em aberto no valor de $1225,00 referente as avarias apresentadas decorrente do acidente causado pela pane.
Gostaria de um esclarecimento sobre essa cobrança indevida junto a empresa localiza!",https://www.reclameaqui.com.br/localiza-aluguel-de-carros/cobranca-indevida-de-avarias-apos-sinistro-e-pane-em-veiculo-alugado_GNgqnAxSOUkS0HUv/,,Sinistro e Acidente
Estorno não realizado,NÃO RESPONDIDA,São Paulo,SP,"Entre em sua área restrita para administrar suas respostas aos consumidores, acesse aqui",https://www.reclameaqui.com.br/localiza-aluguel-de-carros/estorno-nao-realizado_yg1jyV8skoe5LddQ/,,Outros
Pane Mecânica em Veículo Locado: Exigência de Encerramento de Contrato e Estorno de Valor Pago,NÃO RESPONDIDA,Itinga do Maranhão,MA,"No dia 30/05/2026, realizei a locação de um veículo na agência da Localiza do Aeroporto de Imperatriz - MA, sob o contrato de locação número *****. Efetuei o pagamento antecipado via Pix no valor total de R$ 457,40, correspondente a duas diárias completas.

Contudo, com apenas cerca de 6 horas de uso, o veículo apresentou uma pane mecânica que interrompeu completamente a prestação do serviço. O carro precisou ser imobilizado e foi levado pelo guincho da própria Localiza no mesmo dia (30/05/2026), impossibilitando a continuidade da minha viagem.

Para minha surpresa e indignação, verifiquei no meu aplicativo da Localiza que o contrato ainda consta como EM ABERTO e o sistema está me cobrando a devolução de um veículo que já foi recolhido pelo guincho de vocês há dias.

Diante do claro vício do serviço (Art. 18 e Art. 20 do Código de Defesa do Consumidor), exijo a regularização imediata do status do meu contrato para ""Encerrado por Pane Mecânica"" e a devolução proporcional dos valores pagos. Como não utilizei a segunda diária e o carro quebrou logo no início da primeira, solicito o estorno via Pix do valor equivalente à diária não utilizada (R$ 228,70) somado ao ajuste do período em que fiquei sem o veículo.

Aguardo o envio do comprovante de estorno na minha conta bancária para evitar o acionamento do Procon e medidas judiciais cabíveis.

Atenciosamente,
*****
CPF: *****
Contrato: *****",https://www.reclameaqui.com.br/localiza-aluguel-de-carros/pane-mecanica-em-veiculo-locado-exigencia-de-encerramento-de-contrato-e-estorno-de-valor-pago_UFQaDebqkQpcLrse/,,Problema Financeiro
Enrola o processo de indenização para vitimas,NÃO RESPONDIDA,Rio de Janeiro,RJ,"Gostaria de registrar minha profunda insatisfação com a empresa Localiza e a forma como o processo de indenização vem sendo conduzido.

Na madrugada do dia 11 de Maio 2026, um veículo alugado pela Localiza (placa *****) colidiu violentamente com minha motocicleta estacionada, bem como com outra motocicleta, causando danos extremamente graves. Após o acidente, o condutor abandonou o local sem prestar qualquer assistência e fugiu, deixando para trás os veículos danificados.

Ao constatar os danos, iniciei imediatamente todos os procedimentos necessários, reunindo fotos, vídeo da câmera de segurança, informações da placa do veículo envolvido e registrando a ocorrência junto às autoridades competentes.

Apesar da gravidade da situação e da identificação do veículo envolvido, precisei insistir diversas vezes junto à Localiza para que o caso fosse efetivamente considerado. Durante 5 dias, recebi apenas a informação de que seria necessário aguardar manifestação do locatário, mesmo se tratando de um caso em que o condutor havia fugido do local do acidente.
Somente após diversas ligações, registro de reclamação e insistência constante, o sinistro foi finalmente aberto.

Desde então, tenho colaborado integralmente com o processo, enviando toda a documentação solicitada sem qualquer atraso. Também fui orientada a apresentar 2 orçamentos da concessionária Honda. Novamente, toda a responsabilidade operacional ficou sob minha responsabilidade. Precisei organizar pessoalmente a remoção da motocicleta, arcar com os custos envolvidos e coordenar toda a logística necessária para que a avaliação fosse realizada.
A concessionária Honda concluiu a análise técnica e apresentou orçamento no valor de R$ 26.536,87. Trata-se de um orçamento que demonstra claramente a inviabilidade econômica do reparo e evidencia um cenário compatível com perda total.

Mesmo diante de toda a documentação já apresentada, das provas existentes, do orçamento técnico da concessionária e da completa ausência de pendências da minha parte, continuo sem qualquer definição sobre o caso!

O que mais causa indignação é que, enquanto aguardo uma decisão, permaneço sem meu principal meio de transporte há semanas. Estou arcando com custos adicionais de deslocamento e sofrendo prejuízos diários em decorrência de um acidente pelo qual não tive qualquer responsabilidade.

Tenho a sensação de que todo o esforço para movimentar este processo recai exclusivamente sobre mim, enquanto a única resposta recebida é a referência ao prazo de até 30 dias para análise!

Diante de todo o histórico do caso, da clareza do orçamento apresentado e dos prejuízos que venho suportando diariamente, solicito que este processo seja efetivamente priorizado e que seja fornecida uma previsão concreta para sua conclusão.
Aguardo um posicionamento e uma solução compatível com a gravidade da situação.

Atenciosamente,

*****
***** (S/C)
Protocolo *****",https://www.reclameaqui.com.br/localiza-aluguel-de-carros/enrola-o-processo-de-indenizacao-para-vitimas_FImq8-sM7zNxhzsv/,,Sinistro e Acidente
Fiz o pagamento para a empresa anova da localiza fiz um acordo com desconto do limpa nome com 90%de desconto parcelado,NÃO RESPONDIDA,São Paulo,SP,"Entre em sua área restrita para administrar suas respostas aos consumidores, acesse aqui",https://www.reclameaqui.com.br/localiza-aluguel-de-carros/fiz-o-pagamento-para-a-empresa-anova-da-localiza-fiz-um-acordo-com-desconto-do-limpa-nome-com-90de-desconto-parcelado_-otIuqF-HvxugPrH/,,Outros
Insatisfação com atendimento e má fé de atendentes em loja de veículos em São Bernardo do Campo.,NÃO RESPONDIDA,São Paulo,SP,"Ola,

Gostaria de registrar minha insatisfação com o Atendimento prestado pela Loja Santa Cruz no que pra mim é um claro caso de má fé dos atendentes da loja. Fui a loja realizar a troca do veículo por problemas na multimídia e sinalizei problemas de limpeza no carro.

O deslocamento que fiz foi da loja onde retirei (SBC Metrópole) até a minha casa e, em seguida, da minha casa até a loja Santa Cruz Shopping (SP). A troca foi feita.

Na devolução do veículo em SBC, a surpresa: sendo cobrado por abastecimento de combustível (que não tinha baixado sequer 1/8 do tanque, limpeza no valor praticamente o dobro do valor padrão e o motivo da troca como ""preferência"".

Pra mim ficou claro o uso da má fé pelos funcionários que me atenderam. Fora o fato de que eu não fui sequer sinalizado sobre qualquer cobrança que seria realizada, o que, se eu soubesse, prontamente teria buscado resolver.",https://www.reclameaqui.com.br/localiza-aluguel-de-carros/insatisfacao-com-atendimento-e-de-atendentes-em-loja-de-veiculos-em-sao-bernardo-do-campo_SXGLbyqAm_M1ZxOM/,,Problema Financeiro
Nome negativado após quitação integral da dívida,NÃO RESPONDIDA,Rio de Janeiro,RJ,"Paguei os valores atrasados da dívida.
Quitei o valor integral, avista a mais de 5 dias.
Até o momento, meu nome consta negativado.
Solicito a regularização imediatamente!",https://www.reclameaqui.com.br/localiza-aluguel-de-carros/nome-negativado-apos-quitacao-integral-da-divida_APyhPBUzW6dOKq1-/,,Problema Financeiro
Cadastro desaprovado sem motivo na Localiza,NÃO RESPONDIDA,Itapeva,SP,"tive meu cadastro na Localiza desaprovado, sem eles mencionarem o motivo.
desrespeito com o consumidor, anos atrás aluguei um veículo na Localiza, sem nenhum problema de cadastro , como tbem nenhum problema na devolução do veículo.
queria saber o motivo da negação",https://www.reclameaqui.com.br/localiza-aluguel-de-carros/cadastro-desaprovado-sem-motivo-na-localiza_gUViJZtE9ZbBgUt7/,,Outros
"Localiza não realizou o pagamento de conserto de veículo após acidente, apesar de aprovação e autorização.",NÃO RESPONDIDA,Uberaba,MG,"Houve um acidente de carro de sistro numero ***** no qual fui vítima de um veículo da Localiza, entrei com todos os documentos e foi aprovado um orçamento no valor de 2079,00 referente a quebra de um retrovisor e um amassado na lateral, o pagamento foi autorizado por eles no dia 06 de maio, solicitaram 15 dias uteis para o pagamento e até hoje não efetuaram.O carro da localiza tem a placa *****.",https://www.reclameaqui.com.br/localiza-aluguel-de-carros/localiza-nao-realizou-o-pagamento-de-conserto-de-veiculo-apos-acidente-apesar-de-aprovacao-e-autorizacao_6tPE0A3_bjjZOJN7/,,Sinistro e Acidente
Cobrança Indevida e Responsabilização por Acidente Causado por Terceiro em Contrato de Assinatura de Veículo,NÃO RESPONDIDA,Cuiabá,MT,"Possuo um contrato de um veículo por assinatura, um T-Cross.
Sofri um acidente no dia 09/03 enquanto conduzia o veículo. O acidente foi causado por um terceiro (bateu na traseira do veículo que estava atrás de mim no trânsito, e também afetou o meu veículo), que por coincidência também é cliente da Localiza de um veículo por assinatura.
Aí começou o meu problema, ao tentar realizar o processo de acidente causado por terceiros, a Localiza não aceitou os dados do terceiro, pois segundo eles não teriam como fazer a Localiza cobrar a Localiza. Ou seja, fui responsabilizado e cobrado pelo acidente (cobrança está nos prints em anexo, assim como a explicação da atendente sobre o problema da Localiza não conseguir realizar o procedimento).
Em seguida, no dia 20/03 me foi informado que o reparo levaria cerca de 60 dias, e que eu só teria direito ao carro reserva por uma fração desse período. Nesse dia já solicitei o cancelamento do contrato, ciente de que haveria a cobrança proporcional ao restante do contrato. Me foi informado que o valor da antecipação do final do contrato seria calculado e lançado em meu aplicativo. Não foi.
Quando comecei a receber a cobrança das mensalidades normais tentei dezenas de vezes contato (prints estao em anexo), para tratar e reafirmar meu desejo de cancelamento do contrato. Em todos
Houve a confirmação do valor, do prazo, confirmação de que o procedimento estava encerrado (prints também em anexo).
Porém, hoje, 02/06 continuo sendo cobrado mensalmente pelo contrato, todos os dias a localiza me oferece a compra do veículo, e o mais absurdo, estão me cobrando pelo acidente causado por outro cliente deles (que assumiu a culpa, fez o BO e também entrou em contato para resolução).",https://www.reclameaqui.com.br/localiza-aluguel-de-carros/cobranca-indevida-e-responsabilizacao-por-acidente-causado-por-terceiro-em-contrato-de-assinatura-de-veiculo_0yLWrt6WV7R53eSs/,,Sinistro e Acidente
Solicitação de Evidências de Cobrança de Para-choque em Sinistro,NÃO RESPONDIDA,Abaetetuba,PA,"Olá,

Solicito, por gentileza, o envio das fotos da vistoria e o detalhamento que justifique a cobrança do para-choque traseiro no sinistro n *******, referente ao contrato BELA442665.

Na foto que enviei, o dano está restrito à tampa da mala, amassada levemente, e não houve impacto no para-choque. No boletim de ocorrência, também ficou registrado que o veículo teve um pequeno amassado na tampa traseira, sem menção a dano no para-choque.

Peço que me enviem as evidências que fundamentaram a inclusão do para-choque na cobrança, pois, com base na foto e no BO, o reparo no para-choque não parece necessário.

Fico no aguardo.

Atenciosamente,
Felipe Fonseca de Oliveira
CPF: *******",https://www.reclameaqui.com.br/localiza-aluguel-de-carros/solicitacao-de-evidencias-de-cobranca-de-para-choque-em-sinistro_LIJiA6Zz-23paU6T/,,Sinistro e Acidente
Cobrança Indevida e Negativação do CPF pela Localiza sem Vínculo Contratual,NÃO RESPONDIDA,São Paulo,SP,"Fui surpreendido recentemente ao consultar o meu CPF e constatar que a empresa Localiza incluiu o meu nome nos órgãos de proteção ao crédito (Serasa/SPC) por conta de uma suposta dívida.
No entanto, eu nunca firmei qualquer tipo de contrato, não aluguei veículo e jamais tive qualquer vínculo comercial ou financeiro com a Localiza.
Trata-se de uma cobrança totalmente indevida e de uma negativação sem qualquer fundamento legal, o que está prejudicando diretamente o meu score de crédito e a minha vida financeira. Suspeito, inclusive, que possa ter ocorrido o uso indevido dos meus dados pessoais ([Editado pelo Reclame Aqui]) por terceiros, algo que a empresa deveria ter verificado com rigor antes de efetuar qualquer registro.
Diante disso, exijo que a Localiza tome as seguintes providências em caráter de urgência:
A exclusão imediata do meu nome e CPF dos cadastros do Serasa e de qualquer outro órgão de proteção ao crédito relacionado a essa cobrança.
A baixa definitiva de qualquer débito ou contrato falsamente registrado em meu nome.
O envio dos comprovantes que originaram essa suposta dívida (contrato assinado, boletos, etc.), para que eu possa tomar as medidas legais cabíveis, caso necessário.
Aguardo um posicionamento e a resolução rápida deste problema, evitando que a situação precise ser levada ao âmbito judicial por danos morais.",https://www.reclameaqui.com.br/localiza-aluguel-de-carros/cobranca-indevida-e-negativacao-do-cpf-pela-localiza-sem-vinculo-contratual_LiQW3Xcoc7-y_lYH/,,Sinistro e Acidente
Não dão baixa em dívida quitada há mais de 1 ano,RESPONDIDA,São Paulo,SP,"Já fiz o pagamento e meu nome ainda consta no Serasa há mais de 1 ano. Não consigo contato por nenhum telefone, preciso de um retorno urgente!",https://www.reclameaqui.com.br/localiza-aluguel-de-carros/nao-dao-baixa-em-divida-quitada-ha-mais-de-1-ano_VkkRwUn_Ard7b2v9/,,Problema Financeiro
Propaganda enganosa na locação de carro com pontos,NÃO RESPONDIDA,Caldas Novas,GO,Hoje por volta das 09:00 aluguei carro com meus 8.500 pontos na hora da retirada foi cobrado uma taxa 88 reais sendo que antes confirmar o veículo estava nítido 300 reais ou 8.500 pontos que propaganda enganosa,https://www.reclameaqui.com.br/localiza-aluguel-de-carros/propaganda-enganosa-na-locacao-de-carro-com-pontos_5adsCILDmKhtm0DY/,,Problema Financeiro
Cobrança indevida de dívida caducada,NÃO RESPONDIDA,São Paulo,SP,"Estão me cobrando por uma dívida que não reconheço do ano de 2016. Mesmo se estivesse devendo, não poderiam cobrar por estar caducada.",https://www.reclameaqui.com.br/localiza-aluguel-de-carros/cobranca-indevida-de-divida-caducada_p1iaDTNcAKEdwUfT/,,Problema Financeiro
Não recebimento de PLR após 6 anos de colaboração e tentativas de contato sem sucesso.,NÃO RESPONDIDA,Belo Horizonte,MG,"Fui colaboradora da empresa por 6 anos, e ao ser desligada, em setembro/25, informaram que eu receberia minha PLR em maio/26, o que não aconteceu. Tenho enviado e-mails e não tenho recebido nenhuma resposta. Por gentileza, quero minha PL!",https://www.reclameaqui.com.br/localiza-aluguel-de-carros/nao-recebimento-de-plr-apos-6-anos-de-colaboracao-e-tentativas-de-contato-sem-sucesso_O-SZyu0FzTcVX3Pk/,,Outros
Cobranças adicionais abusivas,NÃO RESPONDIDA,Teresina,PI,"RECLAMAÇÃO FORMAL COBRANÇA INDEVIDA E SOLICITAÇÃO DE ESTORNO

À Localiza Rent a Car,

Venho por meio desta registrar reclamação formal referente à locação de veículo realizada por intermédio da plataforma Booking.

Efetuei a locação de um veículo pelo período de 3 (três) dias, sendo informado que o contrato contemplava franquia total de ******* km, correspondente a ******* km por dia de locação. Ao final do contrato, houve excedente de aproximadamente ******* km além da franquia contratada.

No momento da contratação, fui informado de que a quilometragem excedente seria cobrada à razão de R$ 0,50 por quilômetro rodado. Contudo, para minha surpresa, a Localiza realizou cobrança de R$ 2,79 por quilômetro excedente, além da incidência de uma taxa adicional de 15% sobre o valor da locação, valores estes que não correspondem às condições que me foram apresentadas no momento da contratação.

Diante disso, solicito:

1. A imediata disponibilização e liberação do valor caucionado (calção), caso ainda esteja retido;
2. O detalhamento completo e discriminado de todas as cobranças efetuadas;
3. A devolução integral dos valores cobrados indevidamente, caso não haja previsão contratual clara e expressa que justifique os valores aplicados;
4. O envio de cópia do contrato e das cláusulas específicas que fundamentaram a cobrança realizada.

Ressalto que, caso a situação não seja solucionada administrativamente em prazo razoável, adotarei as medidas cabíveis junto aos órgãos de defesa do consumidor, incluindo reclamação no Procon, registro na plataforma https://******* e eventual ajuizamento de ação judicial para restituição dos valores cobrados indevidamente, sem prejuízo de eventual pedido de indenização pelos transtornos causados.

Aguardo manifestação urgente para resolução do caso.

Atenciosamente,

Antes de enviar, recomendo conferir no contrato da locação e na reserva do Booking se a cobrança de R$ 0,50/km realmente está registrada por escrito. Se você tiver o contrato ou a fatura, posso ajudar a analisar os valores e calcular exatamente quanto deveria ter sido cobrado.",https://www.reclameaqui.com.br/localiza-aluguel-de-carros/cobrancas-adicionais-abusivas_dDPioT7NuKu4wHS3/,,Sinistro e Acidente
Cobrança indevida de chave de carro por assinatura após solicitação de atendente,NÃO RESPONDIDA,Guarulhos,SP,"Venho por meio deste tentar esclarecer minhas indignação com a empresa,tenho um carro por assinatura e antes de pegar o carro fiquei com um provisório,este provisório ficou bloqueado na porta da minha casa entrei em contato pelo 0800 a atendente verificou que tinha acontecido uma pane no automóvel pediu que eu tirasse todos meus pertences de dentro do carro e deixasse a chave dentro do porta luvas . Fiz o que ela me solicitou e a indaguei ""como vou travar o carro se a chave vai estar dentro do porta luvas ? "" Ela me respondeu que ela mesmo estaria travando o veículo por lá e quando o guincho chegasse destravaria da mesma forma.
Segui o que me foi solicitado não fiquei no local aguardando o guincho pois tinha visitas marcadas do meu trabalho para fazer ,ela travou o carro com a chaves dentro do mesmo .

E agora estou sendo [Editado pelo Reclame Aqui] pela empresa me cobrando uma chave que a própria atendente solicitou deixar dentro do carro,peço encarecidamente que tirem está dívida de 3mil reais do meu nome pois segui o que me foi solicitado.

Por qual motivo eu ficaria com uma chave ?
Como o mecânico fez os testes sem chave já que a empresa alega eu ter ficado com a chave .

A mesma tecnologia que usou para fechar o carro sem a chave foi a mesma que usou para o guincho abrir .

Já fiz mais de 5 solicitação pelo 0800 , esclarecendo o ocorrido e ninguém resolve este problema,peço ajuda pois estou vendo que isso vai além de um atendimento telefônico.",https://www.reclameaqui.com.br/localiza-aluguel-de-carros/cobranca-indevida-de-chave-de-carro-por-assinatura-apos-solicitacao-de-atendente_LcimsctfN3nDQre5/,,Sinistro e Acidente
Documentação,NÃO RESPONDIDA,Belo Horizonte,MG,"Arrematei um veículo da localiza no Palácio dos leilões no dia 16/01 e não foi entregue a documentação , o Palácio dos leilões fala que a comitente no caso a localiza não forneceu a documentação para que fosse entregue",https://www.reclameaqui.com.br/localiza-aluguel-de-carros/documentacao_L1_bu6Np58-nRa8Y/,,Outros
Cobrança abusiva de km excedente em aluguel de carro via Booking.com,RESPONDIDA,Rio Grande,RS,"Realizei o aluguel de um carro pela plataforma booking Contrato *****
Dia 22/05/2026 / Cidade ITAJAI-SC / Carro ONIX PREMIER II 1.
Quando reservei o carro, não me atentei que era km limitado, mas na reserva dizia R$0,50 por km adicional já incluso impostos e outras taxas. Ao retirar o carro na agência de Itajaí, nenhum momento o atendente me informou que era km limitado, isso que falei que iria viajar com o carro e tudo mais. O único interesse dele era de eu contratar seguro, e outros serviços adicionais. Eu estava com pressa, ele me falou que tudo que estava no papel nós já tínhamos conversado, só assinei o documento, peguei a chave a sai. No retorno, ao devolver o carro, informaram que eu tinha um custo pendente de 3 mil reais de km excedente. Fiquei surpreso, como? A localiza me cobrou R$2,51 por km rodado, mesmo na minha reserva com booking informando 0,50 centavos, além disso nem no site da localiza eles alugam ou reservam carro com o custo de R$2,51 o km rodado, por que no meu contrato está esse valor extremamente abusivo? Inclusive os próprios funcionários da agência informaram que esse valor é abusivo, que normalmente não cobram e eu deveria ir atrás do meus direitos e se necessário entrar com processo judicial. Eu já abri registro no booking, eles informaram que entraram em contato com localiza e eles iriam me reembolsar, mas ao abrir protocolo com a localiza, além de demorar mais que o tempo previsto para responder, negaram meu estorno! Estou completamente insatisfeito com os serviços prestados. Solicito reembolso dessa divergência de valores.",https://www.reclameaqui.com.br/localiza-aluguel-de-carros/cobranca-abusiva-de-km-excedente-em-aluguel-de-carro-via_SGrflRm-aSPKGnil/,,Sinistro e Acidente
Cobrança de caução não devolvida e bloqueio de acesso ao aplicativo pela Localiza,RESPONDIDA,Rondonópolis,MT,"Eu queria fazer uma reclamação a localiza fez uma fez uma caução e meu nome um carro e ja devolvir no dia 28, até agora não me devolveu essa calção procurei a localiza e Luís Eduardo Magalhães e não tive resposta outra coisa eles, eles me bloquearam o acesso aos aplicativos, eu gostaria que ela me dissesse. Quando que vai devolver essa calção que está com eles?",https://www.reclameaqui.com.br/localiza-aluguel-de-carros/cobranca-de-caucao-nao-devolvida-e-bloqueio-de-acesso-ao-aplicativo-pela-localiza_elJ2VR-D-JBf1zaH/,,Problema Financeiro
Cobrança indevida e mau atendimento após acidente de trânsito com veículo locado falta de empatia e coação,NÃO RESPONDIDA,Rio de Janeiro,RJ,"No dia 30 de maio de *******, por volta das 12h30, o veículo locado encontrava-se devidamente estacionado quando foi atingido na traseira por um Ford Ka vermelho, placa *******, conduzido por Gabriel Santos, CNH n*******. Após a colisão, o próprio motorista informou que vinha de São Paulo e que havia se distraído ao volante, assumindo a responsabilidade pelo ocorrido. O impacto foi suficientemente forte para empurrar o para-choque traseiro contra a roda do veículo, causando danos materiais e provocando grande susto em minha família, que se encontrava próxima ao local no momento do acidente. Meu filho de 13 anos, que estava comigo, também ficou bastante abalado com a situação e posteriormente passou a relatar dores nas costas em decorrência do impacto.

Após o acidente, ainda abalado pelo impacto sofrido por minha família, entrei imediatamente em contato com a Localiza. Fui atendido pela colaboradora Elisângela, cuja postura foi exemplar. Demonstrou preocupação genuína com nossa segurança, ouviu atentamente meu relato e me transmitiu tranquilidade em um momento de extrema tensão. Naquele instante, senti que a empresa estava ao lado de um cliente que acabara de passar por uma situação traumática. Fui orientado a solicitar o reboque e informado de que poderia utilizar transporte particular até a agência mais próxima para retirada de outro veículo, arcando apenas com o custo da corrida. Também fui informado de que as questões relacionadas ao sinistro e eventuais valores seriam tratadas posteriormente, ao final do contrato, na agência de origem.

Com a ajuda dos socorristas da Via Dutra, consegui fazer o veículo voltar a trafegar. O para-choque traseiro havia sido empurrado para dentro em razão da violência da colisão, chegando próximo à roda, o que inicialmente impedia a continuidade da viagem. Após o reposicionamento da peça, o veículo pôde seguir viagem. Prossegui apenas porque minha esposa possuía compromissos profissionais inadiáveis com pacientes no Rio de Janeiro e precisava chegar ao trabalho.

Já bastante cansado, emocionalmente desgastado e acompanhado de meu filho de 13 anos, dirigi-me à agência da Avenida das Américas, n *******, acreditando que receberia o suporte necessário para concluir a troca do veículo e seguir com minha rotina.

Infelizmente, a experiência foi profundamente decepcionante. O acolhimento, a empatia e a orientação recebidos por telefone simplesmente desapareceram ao chegar à agência. Em nenhum momento fui questionado sobre meu estado de saúde ou o de meu filho. Não houve qualquer demonstração de preocupação com uma família que acabara de passar por um acidente.

Outro aspecto que me marcou profundamente foi a completa ausência de acolhimento humano. Eu havia acabado de passar por um acidente, estava emocionalmente abalado, preocupado com minha esposa e acompanhado de meu filho de 13 anos. Ainda assim, em nenhum momento houve qualquer demonstração de preocupação com nosso estado físico ou emocional. Nem mesmo um simples copo d'água nos foi oferecido.

Pode parecer um detalhe pequeno, mas, para quem havia acabado de enfrentar momentos de tensão, medo e insegurança, esse gesto faria toda a diferença. Naquele momento, não me senti tratado como uma pessoa que precisava de suporte, mas apenas como alguém diante de uma cobrança financeira.

Para minha surpresa, as informações fornecidas na agência contrariavam diretamente tudo o que me havia sido informado pela central de atendimento. Apesar de ter fornecido imediatamente todos os dados do motorista responsável pela colisão, incluindo documentos e informações registradas junto à própria Localiza, fui informado de que deveria realizar pagamentos imediatamente, como se eu fosse o causador do acidente.

O sentimento de injustiça aumentou quando precisei deixar a agência para abastecer o veículo sob a ameaça de cobranças adicionais superiores a R$ *******, mesmo tendo ocorrido consumo mínimo de combustível após o acidente. Tudo isso em um momento no qual minha única preocupação deveria ser o bem-estar da minha família e a continuidade segura da viagem.

Durante a vistoria, foram apontados reparos e valores que me causaram enorme preocupação. Foi informada a necessidade de substituição da lanterna traseira, embora ela apresentasse apenas um trincado lateral, além da cobrança referente à porta traseira amassada e outros danos decorrentes da colisão. A cada novo valor apresentado, aumentava minha sensação de impotência. Em vez de orientação e suporte, senti-me colocado contra a parede para aceitar imediatamente a cobrança da franquia de aproximadamente R$ 4.*******, acrescida de uma taxa administrativa de 15%, cuja finalidade sequer me foi devidamente esclarecida.

O momento mais constrangedor ocorreu quando compreendi que, sem realizar o pagamento naquele instante, enfrentaria dificuldades até mesmo para retirar meus pertences do veículo. Eu estava longe de casa, acompanhado de meu filho menor de idade, com bagagens da família e ainda tentando lidar emocionalmente com os acontecimentos das horas anteriores.

Ao longo do atendimento, a pressão para resolver imediatamente a questão do pagamento tornou-se cada vez mais angustiante. Eu estava cansado, abalado, preocupado com meu filho e tentando manter a calma diante de toda a situação. Mesmo assim, fui colocado diante de cobranças e decisões que exigiam análise, esclarecimentos e tranquilidade.

A forma como a situação foi conduzida fez com que eu me sentisse coagido e pressionado a aceitar condições e realizar pagamentos naquele exato momento. Minha percepção foi de que não havia espaço para esclarecimentos adequados, para uma análise posterior dos fatos ou para que a responsabilidade do verdadeiro causador do acidente fosse devidamente considerada antes das cobranças.

Sob pressão, cansado, preocupado e sem enxergar alternativa viável, realizei o pagamento, mesmo sem possuir naquele momento condições financeiras adequadas para arcar com aquele valor inesperado.

Meu contrato estava vinculado à agência de Resende, local onde imaginei que toda a situação pudesse ser analisada com calma, equilíbrio e respeito aos fatos. Acreditei que poderia concluir a viagem, devolver o veículo na agência de origem e então discutir responsabilidades, documentação e eventuais valores. Afinal, o responsável pela colisão havia sido identificado, reconhecido o ocorrido e seus dados haviam sido prontamente fornecidos à Localiza.

Em vez disso, fui colocado diante de uma situação que me fez sentir culpado por um acidente do qual fui vítima. O sentimento que permaneceu foi o de desamparo. Após ter meu veículo atingido enquanto estava regularmente estacionado, esperava receber apoio, orientação e respeito. Em vez disso, saí da agência com a sensação de que estava sendo tratado como responsável pelo ocorrido, carregando não apenas o impacto emocional do acidente, mas também a frustração, a indignação e o desgaste provocados pelo atendimento recebido.

Saí da agência com a impressão de que o trauma do acidente havia sido substituído pela angústia do atendimento. O que deveria ter sido um procedimento de suporte ao cliente transformou-se em uma experiência desgastante, frustrante e emocionalmente difícil para mim e para minha família.

Diante de todo o exposto, solicito a reavaliação da cobrança realizada, bem como a análise do atendimento prestado na agência da Avenida das Américas, considerando que fui vítima da colisão, que o responsável pelo acidente foi devidamente identificado e que todas as informações e documentos foram fornecidos à Localiza imediatamente após a ocorrência. Solicito ainda esclarecimentos sobre os critérios utilizados para a cobrança da franquia e da taxa administrativa, bem como uma análise cuidadosa das circunstâncias em que o pagamento foi realizado.

Permaneço à disposição para apresentar documentos, fotografias, comprovantes e quaisquer outros esclarecimentos que se façam necessários.",https://www.reclameaqui.com.br/localiza-aluguel-de-carros/cobranca-indevida-e-mau-atendimento-apos-acidente-de-transito-com-veiculo-locado-falta-de-empatia-e-coacao_l41t2hc0ZBRxXW8j/,,Sinistro e Acidente
Cobrança Indevida e Bloqueio de Cartão por Aluguel de Carro Realizado por Terceiros,RESPONDIDA,Marabá,PA,"Um conhecido alugou um carro e colocou meu cartão uma vez pra pagar o carro alugado, toda semana tentam debitar esse valor do meu cartão! Não posso usar o cartão, pq tem que estar todo tempo bloqueado! Já tentei contato com vocês e sem sucesso! Quero que retirem meu cartão do banco de dados de vocês",https://www.reclameaqui.com.br/localiza-aluguel-de-carros/cobranca-indevida-e-bloqueio-de-cartao-por-aluguel-de-carro-realizado-por-terceiros_5uhioKDk9y9dG-Ud/,,Problema Financeiro
"Carro alugado da Localiza causou acidente e causou danos ao meu carro, que é minha ferramenta de trabalho. Demora excessiva no conserto e falta de suporte.",NÃO RESPONDIDA,Rio de Janeiro,RJ,"Uma carro alugado da Localiza com uma Família passeando na região dos lagos bateu em meu carro no dia 14/02/26 eu trabalhando com meu carro, desde então meu carro começou apresentar inúmeros problemas , ja vai fazer 4 meses que estou sem meu carro e ja tem 3 meses que meu carro está na oficina que a própria Localiza me indicou que seria feita o serviço o responsável pelo carro alugado deles ja pagou a franquia na mesma semana que aconteceu o acidente até então meu carro nada foi feito. Recebi email informando que ja foi autorizado o concerto mas até agora nada do carro, é minha ferramenta da trabalho na ocasião do acidente eu estava trabalhando. Tenho três filhos menores de idade entre eles uma bebê de um ano estou gastando dinheiro com transporte o tempo todo , buscando meus filhos na escola , tendo que ir em hospital e até mesmo lazer com minha família. Isso é uma falta de respeito que eles estão fazendo comigo uma empresa multinacional que tem milhares de carro na garagem aqui no Brasil e no exterior se não vai consertar o carro pelo menos me dê um que seja do mesmo ano e modelo do meu carro eu preciso do meu veículo para trabalhar!!!!!
Número do sinistro 4677420
Placa do carro da Localiza *******
Meu carro *******
Estou operado e minha Esposa tá tendo que dar jeito aqui em casa com tudo sozinha e preciso tá indo no hospital para revisões estou tentando que pedir dinheiro emprestado para a família para poder gastar com transporte de uber ja não estou aguentando mais em tempo de ter uma depressão por causa desse problema que é tão simples de resolver só basta a localiza querer.

Socorro pelo Amor de Deus!!!!!!",https://www.reclameaqui.com.br/localiza-aluguel-de-carros/carro-alugado-da-localiza-causou-acidente-e-causou-danos-ao-meu-carro-que-e-minha-ferramenta-de-trabalho-demora-excessiva-no-conserto-e-falta-de-suporte_QsIhnxKtu48nI98b/,,Sinistro e Acidente
Cobrança indevida por chave danificada após devolução de veículo alugado - Localiza,NÃO RESPONDIDA,Santa Luzia,MG,"Em 30/03/2026 fui surpreendido com cobrança no valor de R$ 3.842,72 pela Localiza, supostamente referente a chave danificada do veículo Nissan Kicks (contrato n ***** / sinistro n *****).

Ocorre que o veículo foi regularmente devolvido em 24/11/2025, sem qualquer apontamento de avaria, checklist presencial ou comunicação de dano no ato da entrega.

Mais grave: durante a locação o veículo apresentou falha de funcionamento, deixou de ligar e precisou ser removido por guincho providenciado pela própria Localiza em 22/11/2025, sendo posteriormente substituído.

Apesar disso, somente em 12/12/2025 aproximadamente 18 dias após a devolução foi unilateralmente criado um relatório de avaria alegando genericamente chave do veículo danificada, sem minha presença, sem vistoria conjunta, sem assinatura minha e sem qualquer demonstração técnica contemporânea do alegado dano.

Em 08/05/2026 abri atendimento no SAC, impugnando formalmente a cobrança e requerendo documentos, laudos, fotos, ordem de serviço, identificação da peça supostamente danificada e detalhes técnicos da alegada avaria. A própria Localiza informou abertura do checklist n ***** e prazo de até 20 dias úteis para análise e levantamento das evidências.

Até o presente momento, não recebi qualquer comprovação efetiva do suposto dano.

Inclusive, ao solicitar evidências, foi encaminhada fotografia de um componente mecânico/eletrônico que sequer aparenta corresponder a uma chave automotiva, smart key ou controle presencial do veículo, aumentando ainda mais a insegurança sobre a legitimidade da cobrança.

Solicito solução imediata, com:

1. Apresentação integral das provas do alegado dano;
2. Esclarecimento técnico detalhado sobre a suposta avaria;
3. Suspensão/cancelamento da cobrança até efetiva comprovação;
4. Garantia expressa de não negativação do meu nome.

A cobrança, até aqui, parece baseada em mera presunção, sem transparência e sem prova técnica idônea.",https://www.reclameaqui.com.br/localiza-aluguel-de-carros/cobranca-indevida-por-chave-danificada-apos-devolucao-de-veiculo-alugado-localiza_so3pTmDPg47d9Dyx/,,Sinistro e Acidente
Bloqueio de cadastro após cancelamento de reserva e cobrança de taxa,RESPONDIDA,Nova Iguaçu,RJ,"Em viagem a Foz do Iguaçu, realizei a locação de um veículo, no periodo de 22 a 25/05, o veículo foi entregue e o contrato encerrado sem intercorrências. Efetuei nova reserva, no período de 30/05 a 08/06, em virtude de emergência de falecimento, precisei retornar de viagem e tive que cancelar a reserva a taxa de cancelamento foi cobrada e devidamente paga, sem questionamentos, uma vez que está prevista em contrato. O problema e a falta de respeito com um cliente a anos começam, quando tentei fazer uma nova reserva, pois, finalizado a emergência, estou retornando a Foz e não conseguir efetuar a reserva, uma vez que a localiza bloqueou meu cadastro, por 180 dias, alegando uma análise da qual eles não informam o motivo. Simplesmente, perderam um cliente e perderão outros, pois já loquei o veículo na concorrência, onde do tratado com o respeito que um cliente merece e, com certeza, será minha indicação a meus amigos e parentes.",https://www.reclameaqui.com.br/localiza-aluguel-de-carros/bloqueio-de-cadastro-apos-cancelamento-de-reserva-e-cobranca-de-taxa_h0w6srLtU-q9oes2/,,Falha no App / Reserva
Cobrança indevida de reserva não realizada e solicitação de estorno,RESPONDIDA,São Paulo,SP,"Fui cobrado por uma reserva (*****) que eu não fiz e por um modelo que nunca usei. Os problemas envolvendo a agência do aeroporto de Guarulhos parece não ter fim. Desejo que seja revista a situação e a devolução no meu cartão no valor de r$88,97 no dia 27/05.
Agradeço um retorno urgente!",https://www.reclameaqui.com.br/localiza-aluguel-de-carros/cobranca-indevida-de-reserva-nao-realizada-e-solicitacao-de-estorno_Kh9ODq4G17NfzcKw/,,Problema Financeiro
Cobrança indevida de diária adicional após devolução de veículo alugado.,RESPONDIDA,São Bernardo do Campo,SP,"No dia 29/05/2026 (sexta-feira) às 9:49h compareci a loja Localiza Rent a Car do Shopping Plaza Sul em São Paulo e contratei duas diárias de aluguel do veículo Mobi Trekking Flex placa: *****. Desta forma deveria entregar o veículo dia 31/05/2026 (domingo) no mesmo local e contando com às 3h grátis até às 12:49h deste dia. No Domingo por volta das 12h levei o carro para entregar, porém a loja estava fechada e também não havia nenhum funcionário no local destinado a entrega dos veículos. Assim entrei em contato com a Central de Atendimento da Localiza às 12:12h pelo telefone: ***** e falei com a atendente ***** que me informou que a loja não abre aos domingos e me instruiu a voltar no dia seguinte, segunda-feira, 01/06/2026 às 8h da manhã para devolução, nesta ligação forneceu o protocolo: *****. Diante dessa informação, procedi conforme as instruções e na segunda-feira 01/06/2026 entreguei o carro, porém antes da entrega, verifiquei que dia 31/05/2026 foi realizada a cobrança de uma diária adicional no valor de R$210,00 no cartão de crédito utilizado para pagamento da locação, isto é, o contrato foi prorrogado sem meu consentimento. Ressalto que durante a assinatura do contrato em nenhum momento foi informado que a loja não funciona aos domingos e nem tampouco foram esclarecidas as alternativas, isto é, que deveria entregar antes ou mesmo dado a opção de analisar se gostaria de continuar com a locação devido a estas condições. Reclamei com o rapaz que entreguei o carro e ele me pediu para falar na loja. Fui até lá e falei com a ***** que disse que não era possível desfazer a cobrança e me forneceu as cópias dos contratos em anexos. Informo que já protocolei a reclamação no Procon e espero que esta empresa melhore a sua prestação de serviço que atualmente tem muitas falhas sistêmicas e operacionais. Solicito que o valor adicional cobrado de R$210,00 seja estornado do meu cartão de crédito para que não necessite ingressar no Juizado Especial Civil para ter garantido os meus direitos como consumidor.",https://www.reclameaqui.com.br/localiza-aluguel-de-carros/cobranca-indevida-de-diaria-adicional-apos-devolucao-de-veiculo-alugado_b2H9cRzM3UGJ9GQW/,,Problema Financeiro
Cobrança indevida de quilometragem excedente em aluguel de veículo com devolução em cidade diferente,RESPONDIDA,Pontal do Paraná,PR,"Realizei o aluguel de um veículo (Contrato *****) com retirada na Agência Aeroporto Londrina no dia 31/05/2026 e devolução na Agência Centro em Paranaguá no dia 01/06/2026.

No momento da cotação e reserva, informei exatamente a minha intenção de trajeto. O sistema me gerou um custo total previsto de R$ 1.232,54, o qual paguei no cartão de crédito no momento da retirada. Desse valor, a maior parte (R$ 817,70) referia-se exclusivamente à taxa de ""Retorno do Carro Alugado"", cobrada justamente por devolver o veículo em uma cidade diferente e distante.

Para a minha surpresa e enorme constrangimento, no momento da devolução em Paranaguá, o atendente informou que eu deveria pagar um adicional de R$ 366,85 no cartão de débito, sob a justificativa de que eu havia ultrapassado a franquia de 200 km/dia estipulada no contrato. Segundo o demonstrativo, utilizei 539 km e fui cobrado por 319 km excedentes (R$ 319,00) acrescidos de 15% de taxa administrativa.

A cobrança é manifestamente ilógica e abusiva. A distância rodoviária entre Londrina e Paranaguá é superior a 400 km. É fisicamente impossível retirar o carro em Londrina, entregá-lo em Paranaguá (conforme o próprio sistema da Localiza autorizou e me cobrou caríssimo para tal) e rodar apenas 200 km.

Ao aceitar a minha reserva para este trajeto e me cobrar R$ 817,70 pela devolução em outra cidade, entende-se que a viagem contratada está coberta. Se a franquia contratada sequer permite que eu chegue ao destino aprovado na reserva sem gerar custos extras, isso se trata de uma tarifa oculta e uma falha grave na clareza das informações, o que fere o Art. 6, III, e o Art. 39, V, do Código de Defesa do Consumidor (vantagem manifestamente excessiva).

Eu efetuei o pagamento de R$ 366,85 na entrega para evitar maiores transtornos e por me sentir constrangido no balcão, retirando dinheiro de outros compromissos. Já tentei resolver amigavelmente via SAC (Protocolo: *****), mas não obtive sucesso.

Solicito a restituição em dobro do valor de R$ 366,85 cobrado indevidamente a título de quilometragem excedente, totalizando o montante de R$ 733,70, conforme me garante o parágrafo único do Art. 42 do Código de Defesa do Consumidor (CDC - repetição do indébito). A quilometragem utilizada foi estritamente a necessária para cumprir o contrato de deslocamento entre Londrina e Paranaguá, configurando a cobrança extra como abusiva e sem justificativa plausível de engano. Caso o estorno desse valor não seja realizado administrativamente, buscarei a reparação e indenização no Juizado Especial Cível (JEC).",https://www.reclameaqui.com.br/localiza-aluguel-de-carros/cobranca-indevida-de-quilometragem-excedente-em-aluguel-de-veiculo-com-devolucao-em-cidade-diferente_7deGrYOUCwCeNRdJ/,,Sinistro e Acidente
"Empresa de locação de veículos retira carro alugado em Foz do Iguaçu sem explicação, após promessa de atendimento nacional.",RESPONDIDA,Indaial,SC,"Aluguei um veiculo em Blumenau para fazer um passeio a atendente falou que podia rodar em todo território nacional, fui fazer uma viagem para conhecer foz do Iguaçu e quando cheguei no hotel chegaram e levaram o carro se der uma explicação simplesmente deixaram de ape uma falta de respeito com o consumidor uma empresa [Editado pelo Reclame Aqui]!",https://www.reclameaqui.com.br/localiza-aluguel-de-carros/empresa-de-locacao-de-veiculos-retira-carro-alugado-em-foz-do-iguacu-sem-explicacao-apos-promessa-de-atendimento-nacional_F3KS9RVL8uFMn8O9/,,Outros
Não é possível cancelar reserva,RESOLVIDO,Vila Velha,ES,"Nem por app, site ou telefone é possível cancelar ou alterar reserva. Recebo uma tela de erro. Já vou avisando que não pagarei nenhuma taxa à Localiza",https://www.reclameaqui.com.br/localiza-aluguel-de-carros/nao-e-possivel-cancelar-reserva_JtaJSQYzRcfNpfBd/,10.0,Falha no App / Reserva
Prejuízo e Risco de Acidente com Carro Alugado com Problema no Eixo e Roda,NÃO RESPONDIDA,Divinópolis,MG,Na última sexta feira aluguei um carro 8da manhã não andei 20 km aí pessoa q estava passando do lado mandou eu encosta a roda estava rancando e não era só roda não era eixo todo eu estava de viajem com uma criança de 5 ano tive prejuízo pelo atraso tive volta e pega outro carro não podia leva outro pra mim lá na hora falaram q ia demorar 5 horas pra fazer a troca sendo estava 20 km da agência q aluguei e agora meu prejuízo ninguém paga e se acontece um acidente o dinheiro do seguro trazia a vida de alguém que estava no carro de volta tinha q punir esses irresponsável q da o carro pra gente viaja,https://www.reclameaqui.com.br/localiza-aluguel-de-carros/prejuizo-e-risco-de-acidente-com-carro-alugado-com-problema-no-eixo-e-roda_wrhHra69FBbJJIHS/,,Sinistro e Acidente
Cobrança de taxa de cancelamento indevida e sem aviso prévio pela Localiza,RESPONDIDA,Governador Valadares,MG,"Meu nome é *****, sou cliente da Localiza algum tempo,sempre prestaram um ótimo serviço, mas dessa vez fiquei decepcionada. Fiz o cancelamento como houve outras vezes que eu tive que fazer o cancelamento em outras reservas. E nunca houve cobrança dentro do prazo de 24 horas e dessa vez foi me cobrado uma taxa de cancelamento sendo que não foi informado pelo aplicativo que tinha mudado a política de cancelamento. Fiquei indignada, pois sou cliente há tanto tempo e não fui avisada que haveria cobrança se eu cancelasse a reserva dentro do período de 24 horas. Liguei para localiza e Tentei resolver a situação, pois tive que cancelar por motivos maiores sendo que logo mais eu iria refazer uma reserva para outra data fico indignada com a empresa que diz prezar tanto pelo cliente fazer uma cobrança indevida sem transparência sem ter me avisado.Peço que resolvam o meu caso o quanto antes possível.
Para não correr riscos mais de ser [Editado pelo Reclame Aqui] , prefiro não reservar mais carros na localiza e não vou recomendar para ninguém fazer reserva nessa locadora.
Como podem trabalhar sem transparência?
Irei acionar meus direitos de consumidora , pois tenho histórico de outros cancelamentos e reservas concluídas
CPF: *****",https://www.reclameaqui.com.br/localiza-aluguel-de-carros/cobranca-de-taxa-de-cancelamento-indevida-e-sem-aviso-previo-pela-localiza_YYq7JOkaeY-f0MqD/,,Problema Financeiro
Cliente Gold com 10 anos de fidelidade tem cadastro bloqueado sem justificativa e sofre constrangimento em aeroporto.,RESPONDIDA,Rio de Janeiro,RJ,"Sou cliente da Localiza há mais de 10 anos, categoria Gold, com mais de 7 mil pontos acumulados e um histórico consistente de locações realizadas e pagas regularmente.
No entanto, todo esse histórico parece não ter tido qualquer valor para a empresa.
Após concluir normalmente uma locação de 3 dias em Florianópolis, devolvendo o veículo sem qualquer ocorrência, desembarquei no Rio de Janeiro com a expectativa de realizar uma nova locação para seguir viagem até Teresópolis.
Para minha surpresa, ao tentar efetuar a reserva, fui informado de que meu perfil não havia sido aprovado, recebendo apenas o código ***** e a informação de que somente poderia realizar nova tentativa em 180 dias.
Nenhuma justificativa foi apresentada.
Nenhuma pendência foi informada.
Nenhuma alternativa foi oferecida.
Nenhum atendimento humanizado foi disponibilizado.
A situação ocorreu por volta das 20h, no balcão da Localiza localizado no Aeroporto Internacional Tom Jobim (GIG), Setor B, diante de funcionários e demais clientes que estavam no local.
Além do choque pela negativa inesperada, fui submetido a uma situação extremamente constrangedora, sendo tratado como alguém inapto a contratar um serviço que utilizo regularmente há mais de uma década.
O constrangimento foi ainda maior porque eu estava acompanhado de minha esposa, após uma viagem cansativa, dependendo daquele veículo para concluir nosso deslocamento até Teresópolis.
Como consequência direta da negativa, tive prejuízos financeiros e logísticos, pois fui obrigado a buscar meios alternativos de transporte em horário noturno, sem qualquer planejamento prévio, arcando com custos que não existiriam se a Localiza tivesse agido com transparência ou ao menos fornecido uma explicação adequada.
O que mais causa indignação não é apenas a recusa, mas a completa falta de respeito com um cliente antigo, recorrente e fiel à marca.
Uma empresa que se beneficia da fidelização de seus clientes não pode simplesmente bloquear um cadastro, sem qualquer explicação objetiva, e deixar o consumidor desamparado em um aeroporto, à noite, após uma viagem, sem qualquer solução.
Sinto-me profundamente desrespeitado, ofendido e injustamente exposto.
Espero que a Localiza esclareça formalmente:
Qual o motivo real do bloqueio identificado pelo código *****;
Se existe alguma pendência vinculada ao meu CPF;
Por que um cliente Gold, com mais de 10 anos de relacionamento, foi submetido a essa situação;
E quais providências serão tomadas para reparar os prejuízos e transtornos causados.
Até o momento, a experiência transmitida pela Localiza foi de total falta de transparência, ausência de consideração com o cliente e absoluto desprezo pelo histórico de confiança construído ao longo dos anos.",https://www.reclameaqui.com.br/localiza-aluguel-de-carros/cliente-gold-com-10-anos-de-fidelidade-tem-cadastro-bloqueado-sem-justificativa-e-sofre-constrangimento-em-aeroporto_cC7KcJeD__p5InrL/,,Bloqueio de Cadastro
Insatisfação com negativa de locação e cadastro de condutor adicional pela Localiza,RESPONDIDA,Pelotas,RS,"Venho registrar minha insatisfação com o atendimento prestado pela Localiza.

Por diversas vezes realizei locações em que o contrato era efetuado em nome de outra pessoa e eu era cadastrado como condutor adicional, sempre sem qualquer problema ou restrição.

No entanto, recentemente, ao comparecer a uma agência para realizar uma nova locação, fui surpreendido com a informação de que não poderia ser incluído como condutor adicional. Além disso, também não foi possível realizar a locação em meu próprio nome.

O que mais me causou estranheza é que não possuo qualquer restrição financeira, apontamento de crédito ou pendência que pudesse justificar essa negativa. Minha situação cadastral está regular e nunca fui informado sobre qualquer problema relacionado ao meu cadastro junto à empresa.

Solicitei esclarecimentos sobre o motivo da recusa, porém não recebi uma justificativa clara e objetiva. Entendo que a empresa possui critérios internos para análise de locação, mas considero que o consumidor tem o direito de ser informado sobre os motivos que levaram à negativa de um serviço.

Dessa forma, solicito que a Localiza esclareça formalmente quais foram os critérios utilizados para impedir meu cadastro como condutor adicional e para negar a locação em meu nome, bem como informe se existe alguma restrição ou bloqueio cadastral vinculado ao meu CPF.

Aguardo uma resposta clara e uma solução para o caso.

Atenciosamente,

*****.",https://www.reclameaqui.com.br/localiza-aluguel-de-carros/insatisfacao-com-negativa-de-locacao-e-cadastro-de-condutor-adicional-pela-localiza_ouj8o82-Axwcbofy/,,Bloqueio de Cadastro
"Localiza: Falta de veículo reservado, sem justificativa e sem estorno do valor pago",NÃO RESPONDIDA,Cariacica,ES,"Na sexta-feira, dia 19/05, fui até uma agência da Localiza para retirar um veículo que já havia sido reservado previamente por mim e minha namorada.

Ao chegar ao local, fui informado de que não havia mais veículos disponíveis na categoria que eu havia escolhido. Após um longo período aguardando e realizando todo o processo de locação, fui surpreendido pela informação de que o carro não seria mais liberado para mim. O mais absurdo é que não me deram qualquer justificativa clara sobre o motivo da recusa, apenas disseram que não poderiam realizar a locação e que não havia nada que pudesse ser feito.

Além do transtorno, a reserva foi realizada por meio da Rentcars e, até hoje (01/06), ainda não recebi o estorno do valor pago no cartão de crédito. Com isso, além de ter ficado sem o veículo para uma viagem que já estava programada, também tive parte do limite do meu cartão comprometida, dificultando a contratação de um carro em outra locadora.

Considero essa situação uma enorme falta de respeito com o consumidor. Fiquei sem o serviço contratado, sem explicações adequadas e ainda aguardando a devolução do meu dinheiro.",https://www.reclameaqui.com.br/localiza-aluguel-de-carros/localiza-falta-de-veiculo-reservado-sem-justificativa-e-sem-estorno-do-valor-pago_lecNQ6Fd1Qcf64cb/,,Problema Financeiro
Locadora Localiza AG Centro SIA Brasília se recusa a devolver itens esquecidos em carros,NÃO RESPONDIDA,Juiz de Fora,MG,"Segunda vez que pego carro nessa locadora localiza AG Centro SIA Brasília, pois precisei acionar meu seguro e eles nos direcionam para a localiza sempre e por coincidência nessa segunda vez como na primeira esqueci um item dentro do carro, e para minha zero surpresa eles disseram como da outra vez que não tinha nada dentro do carro sem nem sequer olhar, isso porque lembrei do item no mesmo dia e voltei poucas horas depois na agência pedindo pra verificar, ou seja fica aqui o meu alerta façam uma varredura muito bem feita do carro quando forem devolver, pois se você esquecer qualquer item lá por mais simples que seja nunca mais terá de volta porque eles sempre respondem que não tinha nada no carro mesmo você tendo certeza que tinha, na primeira vez esqueci um cabo de carregar celular e dessa vez esqueci o fone, voltei no mesmo dia da devolução e simplesmente disseram que não tinha nada lá!!!!",https://www.reclameaqui.com.br/localiza-aluguel-de-carros/locadora-localiza-ag-centro-sia-brasilia-se-recusa-a-devolver-itens-esquecidos-em-carros_-aTf40K-UvplkNYZ/,,Sinistro e Acidente
Cadastro bloqueado sem justificativa impõe impedimento de locação de veículo.,RESPONDIDA,Rio de Janeiro,RJ,"Tentei realizar uma locação de um veículo no dia 31.05.26, tanto pelo aplicativo, quanto pessoalmente na agência da Tijuca(Rio). Mas segundo a atendente o meu cadastro foi bloqueado e eu só conseguiria fazer uma nova tentativa daqui a 6 meses. Liguei para o 0800 e para a minha surpresa a resposta foi a mesma. Não sabem me dizer o porquê do cadastro bloqueado. Eu sempre fiz locação pela Localiza, nunca tive qualquer problema.
E precisava do carro para a final de semana. Depois desta nunca mais alugo carro na Localiza. Consegui realizar a locação pela movida sem qualquer problema. O que mais deixa indignado é fato de não ter ninguém capaz de dar uma explicação do real motivo do bloqueio e que geraria o impeditivo de ficar sem poder alugar um carro durante 6 meses. Verifiquei meu score no Serasa e está excelente sem nenhuma pendência no meu cpf.",https://www.reclameaqui.com.br/localiza-aluguel-de-carros/cadastro-bloqueado-sem-justificativa-impoe-impedimento-de-locacao-de-veiculo_z1v-mrQFhsjJJAbQ/,,Problema Financeiro
Dificuldade de contato com SAC e informações conflitantes sobre seguro em reservas de veículos,RESPONDIDA,Nova Iguaçu,RJ,"Existe uma dificuldade de falar em canais oficiais.
No 0800 não nos é concedido opcao de SAC.
Sendo assim, usarei este canal.
Simulei uma reserva no site com retirada 11/06 no aeroporto de Bariloche e devolução no dia 18/06 no mesmo aeroporto.
Durante o processo de fazer a reserva, foi me dado duas opcoes de seguro.
Um básico e um Premium.
O Básico só oferecia Franquia em caso de danos, acidentes, [Editado pelo Reclame Aqui], furto e outros.
O Premium oferecia:
Reducao valor da franquia, Fechaduras quebradas, danos nos vidros, pneus furados.
Danos à terceiros, danos causados por granizo, entre outros nao estão cobertos.
Resolvi ligar para a Central que informou que o seguro Premium oferece muito mais garantias que o informado no site, porém, fazendo via telefone eu perco um desconto oferecido através de um voucher emitido por um parceiro e o valor aumenta consideravelmente.
Ela me disse que com certeza cobre, mesmo nao sendo informado no site.
Em anexo a imagem de como aparece no site.
E agora, reservo com voces ou não?
Se eu reservar no site, estarei realmente seguro?",https://www.reclameaqui.com.br/localiza-aluguel-de-carros/dificuldade-de-contato-com-sac-e-informacoes-conflitantes-sobre-seguro-em-reservas-de-veiculos_R5BAFcyg3IKcfED-/,,Sinistro e Acidente
Reembolso pendente e carro com defeito: cliente perde compromisso e reclama de mau atendimento,RESPONDIDA,São Paulo,SP,"Aluguei um carro pelo período de 3 dias sexta as 16h30 ate segunda as 16h30., fiz o pagamento normal, o carro apresentou a luz do painel (pneu) o rapaz falou so calibrar, (de quem é obrigação? ) depois acendeu a LUZ AMARELA com Triangulo com Exclamação..Ohei o manual, que diz :
""Intervenção no sistema de combustível -se equipado"" - ""Avaria no sistema de corte combustível - se equipado"" comos saber se é equipado!!! Fui para o Google ""Um triângulo amarelo com um ponto de exclamação no velocímetro sinaliza que é necessário reagir com atenção. A cor amarela significa cautela, tal como no trânsito rodoviário. Normalmente, isso não significa que exista um perigo imediato, mas há uma anomalia relevante para a segurança.'.
Com essa incerteza como pegar estrada , como viajar??
Devolvi o carro no outro dia, devolveram a franquia, mais o valor pago a maior , ate agora NADA.
Já tentei falar pelos meios de comunicação whattasp, aplicativo, *****, tudo atendimento eletrônico que não resolve nada!!!
Qdo você atrasa, o prolongamento do contrato, perturbam você com mesgs e o pagamento é imediato, agora quando você entrega o carro antes, não tem de quem você cobrar...não tem nada a fazer a nao ser esperar!!!! so DEUS sabe quando !!!

Alias não deviam nem cobrar!!! Pois perdi um compromisso de final de semana!!! Por culpa da LOCaliza...",https://www.reclameaqui.com.br/localiza-aluguel-de-carros/reembolso-pendente-e-carro-com-defeito-cliente-perde-compromisso-e-reclama-de-mau-atendimento_4WDxMmQPXTxJJs3P/,,Sinistro e Acidente
Reclamação contra Localiza: Indiferença e Rigidez na Negociação de Multa de Aluguel de Carro,NÃO RESPONDIDA,Álvares Machado,SP,"Gostaria de registrar minha reclamação aqui contra a Localiza.
Pois recebi uma multa enquanto pilotava um de seus carros alugados. Entrei em contato inúmeras vezes para negociar a cerca do valor da multa.
Me comprometi em pagar o dobro do valor, mais as possíveis taxas que a localiza cobraria. Em prol de não ter minha CNH vinculada ao auto de infração.
Haja visto que é uma previsão legal para toda a pessoa jurídica, segundo o artigo 257 do Código de Trânsito Brasileiro.
Contudo os atendentes sempre se mantiveram rígidos e inflexíveis quanto a minha situação, todos alegavam que ""a Localiza não trabalha dessa forma"".
Então por isso venho aqui atestar meu descontentamento com a empresa. Pois qualquer negócio que não ampare seus clientes num momento de dificuldade está fadado ao fracasso.
Não estou entrando no mérito de nenhuma espécie de caridade, pois me comprometi desde o começo em pagar mais que o dobro de valor da multa (contando com as possíveis taxas). Ou seja, eu seria o único que sairia no prejuízo, tendo em mente as possíveis taxas que a locadora cobraria, ela ainda lucraria em cima. Mas a todo momento se mostraram indiferentes, pois se podem dificultar a vida daqueles ao qual prestam serviços, para que facilitar, não é verdade?
Como disse antes, a locadora perdeu minha confiança, pois se ela não se compromete em amparar seus clientes, nem mesmo quando tem previsão legal para tal, então irei atrás de outra que preste o apoio necessário para seus pagadores.
Pela indiferença mostrada anteriormente, creio que a locadora nem se importará em responder está reclamação.
Mas caso, por algum milagre, responda... Já digo que, caso novamente venham esclarecer a maneira rígida e inflexível como a empresa trata esses casos, digo que não respondam. Pois cada um de seus atendentes já me informaram muito bem a respeito de como a Localiza é inflexível e rígida quanto a minha tentativa de negociação.
Então, se não trouxerem uma solução com a resposta, e apenas vierem através deste canal justificar sua rigidez e inflexão quanto ao exposto, apenas estarão confirmando o que disse anteriormente.
Que a locadora não se preocupa minimamente com seus clientes, com aqueles que lhe sustentam. Apenas consigo própria e que, portanto, está fadada a perder sua clientela para outras locadoras que se preocupem minimamente com seus clientes.
Reitero novamente, estou ciente da infração que cometi, em momento nenhum quis terceirizar a responsabilidade do ato para a locadora.
Desde o começo, o que estou alegando é a falta de empatia, assim como também sua indiferença, rigidez com seus clientes, seus pagadores.
Se fosse outro cliente pleitearia o direito por meio judicial, mas eu não. Apenas venho através desta reclamação expressar meu descontentamento, insatisfação e decepção com a locadora que tanto confiei.
Pensei que num momento tão delicado como esse, a Localiza estaria disposta a ajudar seu cliente, seu pagador. Enfim superestimei a empresa, pensei que seria capaz de fazer o mínimo pelos seus.",https://www.reclameaqui.com.br/localiza-aluguel-de-carros/reclamacao-contra-localiza-indiferenca-e-rigidez-na-negociacao-de-multa-de-aluguel-de-carro_3fjPrFBlFmjRPbe9/,,Multa e Infração
Cobrança indevida e perda de locação por erro no sistema e do atendendte,NÃO RESPONDIDA,São Paulo,SP,Efetuei uma locação hoje pela pelos telefone pedi para que fosse feito pelo pontuação chegando a loja a atendente foi fazer o meu pedido mas devido a erros no sistema ela acabou efetuando erroneamente o a contratação novamente e descontando o valor de R$245 no meu cartão indevido sendo que eu havia informado que era referente aos pontos que eu ia fazer aquela locação no fim a perdi minha locação porque eu não aceitei não retirei o carro perdi minha reunião e até agora eu não consegui receber o reembolso desse valor é muito frustrante saber que a localize está com o atendimento tão horrível desse jeito e a inadimplência do sistema toda hora dando problema fica aqui me indignação sobre o serviço de vocês prestados porém vou ter que voltar a usar a movida que é movida não haveria esses problemas conforme estão tendo há muitos tempo com vocês,https://www.reclameaqui.com.br/localiza-aluguel-de-carros/cobranca-indevida-e-perda-de-locacao-por-erro-no-sistema-e-do-atendendte_mWiLT34NKNiDoIHg/,,Problema Financeiro
"Falha no sistema da Localiza impede prorrogação de contrato pelo aplicativo e site, apesar de funcionar no balcão.",RESPONDIDA,São José dos Pinhais,PR,"Estou novamente enfrentando um problema com a Localiza desde de Dezembro/2025 e, até agora, ninguém resolveu. Abri diversas reclamações sem solução do problema. O problema foi resolvido a 1 semana atrás e fui fazer a prorrogação do contrato com um dos cartões que tenho cadastrado no aplicativo e não está fazendo a transação. Não é problema no cartão e nem limite, pois ao me dirigir ao balcão da localiza o mesmo cartão cadastrado no aplicativo passa sem nenhum problema, quando vou fazer fora da unidade da localiza o mesmo da bloqueado transação não autorizada. Segue print do erro na data de hoje estou tentando renovar e prorrogar o contrato e ocorre erro ao tentar fazer pelo cartão cadastrado.

Não estou conseguindo realizar pagamento nem prorrogação de contrato pelo aplicativo ou site utilizando meu cartão de crédito. Cartão final ***** não passa em anexo erro. No Balcão passa.


O mais estranho é que o cartão funciona normalmente quando utilizado diretamente no balcão da agência. Ou seja, não se trata de limite, bloqueio bancário ou problema financeiro. É claramente uma falha no sistema da própria Localiza.


Já abri diversas reclamações nos canais de atendimento, mas não tive retorno efetivo nem solução definitiva. O problema continua acontecendo, o que tem gerado transtornos, perda de tempo e insegurança em relação à continuidade do contrato.


Depender exclusivamente do atendimento presencial para algo que deveria funcionar digitalmente é inaceitável, principalmente após dois meses de tentativas frustradas.


Solicito:


Correção imediata da falha no meu cadastro ou no sistema;


Liberação do pagamento e prorrogação via app/site;


Explicação formal sobre o que está ocorrendo;


Prazo claro para resolução definitiva.


Aguardo um posicionamento sério e solução concreta.",https://www.reclameaqui.com.br/localiza-aluguel-de-carros/falha-no-sistema-da-localiza-impede-prorrogacao-de-contrato-pelo-aplicativo-e-site-apesar-de-funcionar-no-balcao_Wf8WeOx1k8byWs5U/,,Problema Financeiro
"Ar-condicionado de carro de luxo quebrado durante aluguel, solicitação de voucher para reparo",RESOLVIDO,São Paulo,SP,"Aluguei um carro de luxo e o ar-condicionado estava quebrado, atrapalhou MUITO a viagem para a praia. Gostaria de um voucher para reparar o dano. Contrato *****",https://www.reclameaqui.com.br/localiza-aluguel-de-carros/ar-condicionado-de-carro-de-luxo-quebrado-durante-aluguel-solicitacao-de-voucher-para-reparo_hQ-J0DaMWMkeo60A/,10.0,Sinistro e Acidente
Aumento abusivo na locação mensal Falta de respeito com cliente antigo,NÃO RESPONDIDA,São Paulo,SP,"Reclamação:

Sou cliente da Localiza há anos e sempre gostei muito da empresa, porém estou extremamente decepcionada com o aumento absurdo aplicado na minha locação mensal.

Estou há meses com o veículo alugado, mantendo pagamentos e confiança na empresa. Eu pagava aproximadamente R$ 3.500,00 e fui surpreendida com um reajuste elevando o valor para aproximadamente R$ 4.276,50 / R$ 4.700,00, além de taxas adicionais.
Segundo o atendimento, houve readequação dos valores da frota e aumento da diária de R$ 90,95 para R$ 126,55, sem possibilidade de desconto, negociação ou qualquer consideração por fidelidade.

Entendo que reajustes possam acontecer, porém considero esse aumento extremamente elevado para um cliente antigo, recorrente e que utiliza o serviço há tanto tempo.

O mais decepcionante foi a ausência de flexibilidade, valorização e respeito com um cliente fiel. Empresas deveriam cuidar dos clientes que permanecem por meses e anos utilizando seus serviços.
Sempre admirei e gostei da Localiza, mas sinceramente, situações assim fazem o cliente repensar continuar utilizando a empresa.

Solicito uma reavaliação do meu contrato, análise de valores e uma solução mais justa diante do histórico de relacionamento e fidelidade. Sem condições vou devolver o carro e andar de ônibus!


Atenciosamente,
*****",https://www.reclameaqui.com.br/localiza-aluguel-de-carros/aumento-abusivo-na-locacao-mensal-falta-de-respeito-com-cliente-antigo_d4jvpGhx3wPaASgh/,,Problema Financeiro
Demora na resolução de sinistro de veículo locado e prejuízo a motorista de aplicativo,NÃO RESPONDIDA,Diadema,SP,"Prezados,
Boa tarde!

Venho solicitar posicionamento urgente acerca do sinistro envolvendo veículo locado por cliente dessa empresa, ocorrido em 24/04/2026, que resultou em danos ao meu veículo utilizado para atividade profissional como motorista de aplicativo.

O orçamento para reparo foi encaminhado à locadora em 01/05/2026, no valor de R$ 17.224,98. Posteriormente, em 05/05/2026, fui informado de que a análise ocorreria em até 30 dias corridos.

Entretanto, na presente data (01/06/2026), já transcorreram mais de 30 dias desde o recebimento do orçamento, sem qualquer definição quanto à aprovação do reparo ou previsão de solução.

Ressalto que o veículo permanece impossibilitado de uso, gerando prejuízos diários, uma vez que exerço atividade remunerada como motorista de aplicativo e dependo diretamente do automóvel para obtenção de renda.

Dessa forma, solicito manifestação imediata acerca:

Da aprovação ou não do orçamento apresentado;
Do prazo para início e conclusão do reparo;
Da análise dos prejuízos decorrentes da indisponibilidade do veículo (lucros cessantes).

Informo ainda que já foram realizadas diversas tentativas de solução administrativa, inclusive mediante envio de notificação extrajudicial, sem que até o momento tenha sido apresentada solução efetiva.

Aguardo retorno com urgência.

Atenciosamente,

*****
*****
*****",https://www.reclameaqui.com.br/localiza-aluguel-de-carros/demora-na-resolucao-de-sinistro-de-veiculo-locado-e-prejuizo-a-motorista-de-aplicativo_EATvoPAZF8E5HrOO/,,Sinistro e Acidente
"Localiza: Tag de pedágio não ativada corretamente, risco de multas e cobranças indevidas.",NÃO RESPONDIDA,São Paulo,SP,"Eu aluguei um carro na localiza placa ***** dis 01/jun e na loja me informaram que a tag que posso usar no pedagio estava ativada e pronta pra usar. Consultei no aplicativo e contava como ativada conforme print, inclusive tive cobranças por volta das 10:30 quando saí com o carro. Nos próximos pedagio, o catraca demorou para abrir, me dando a sensação que poderia nao estar autorizado. Mas na hora nao consegui contato com ninguem do pedagio. Liguei na localiza no meio da viagem, ainda na estrada, e fui informada que o a tag nao estava ativada (apesar de todas as infos que estava) e que ela iria ativar naquele momento, protocolo *****. Como passei em pelo menos 3 pedagios com a tag desativada (acreditando que estava ativada segundo informações do app), corro o risco de levar multa. A localiza não consegue me garantir que não vou levar multa, então estou abrindo esse chamado pois quero a seguranca e retorno de que nenhuma multa será atribuída na minha locação",https://www.reclameaqui.com.br/localiza-aluguel-de-carros/localiza-tag-de-pedagio-nao-ativada-corretamente-risco-de-multas-e-cobrancas-indevidas_WQMf1xdNytaUk2YC/,,Problema Financeiro
Bloqueio indevido de locação de veículos pela Localiza no Brasil após ******* dias.,RESPONDIDA,Rio de Janeiro,RJ,"Sempre aluguei carro pela localiza, porém desde julho do ano passado fui bloqueado.
Já se passaram os ******* dias e até agora não desbloqueram. Entro em contato e nada de resolverem. Inclusive aluguei carro na localiza na Argentina e não tive problemas, apenas acontece aqui no Brasil, e as respostas são sempre muito genéricas e sem explicações.",https://www.reclameaqui.com.br/localiza-aluguel-de-carros/bloqueio-indevido-de-locacao-de-veiculos-pela-localiza-no-brasil-apos-180-dias_iksHNLlYMuoLN9JU/,,Bloqueio de Cadastro
Solicitação de esclarecimentos sobre reajuste contratual e tratamento ao cliente,NÃO RESPONDIDA,Governador Valadares,MG,"Boa tarde.

Gostaria de registrar minha insatisfação e profunda decepção com a forma como venho sendo tratado pela Localiza.

Sou cliente mensal desde novembro de 2022 e, durante todo esse período, sempre procurei cumprir rigorosamente minhas obrigações contratuais, mantendo os pagamentos em dia, realizando as manutenções necessárias, cuidando adequadamente dos veículos e, inclusive, recomendando os serviços da Localiza para diversas pessoas.

No entanto, fui surpreendido novamente com um aumento expressivo em minha fatura mensal. Situação semelhante já havia ocorrido anteriormente, ocasião em que busquei esclarecimentos, mas não obtive qualquer suporte ou explicação satisfatória.

Recentemente, me desloquei até Belo Horizonte para realizar a troca do veículo, uma vez que a quilometragem do carro que eu utilizava já estava bastante elevada para os padrões da própria Localiza. Contudo, ao chegar à agência, foi disponibilizado um veículo com quilometragem muito próxima à do automóvel que estava sendo devolvido, o que já me causou estranheza.

Agora, recebo uma nova fatura com valor aproximadamente 50% superior ao cobrado no mês anterior, sem qualquer aviso prévio, comunicado formal ou explicação clara sobre a alteração. Em nenhum momento fui informado de que a troca do veículo acarretaria a perda de descontos ou benefícios que impactariam de forma tão significativa o valor da mensalidade.

Diante disso, sinto-me prejudicado, pois tomei decisões com base nas informações que me foram fornecidas pela equipe da Localiza. Caso tivesse sido devidamente orientado sobre as consequências financeiras da troca, poderia ter avaliado outras alternativas antes de assumir um compromisso incompatível com meu orçamento atual.

Por esse motivo, solicito uma análise detalhada do meu contrato, dos reajustes aplicados e das condições comerciais que foram alteradas, bem como um retorno formal da Localiza esclarecendo os motivos desse aumento e apresentando uma possível solução para a situação.

Sempre mantive uma relação de confiança com a empresa e espero receber o mesmo respeito e transparência que demonstrei como cliente ao longo desses anos.

Aguardo retorno.

Atenciosamente,

*****
*****
Cliente Localiza Mensal desde novembro de 2022",https://www.reclameaqui.com.br/localiza-aluguel-de-carros/solicitacao-de-esclarecimentos-sobre-reajuste-contratual-e-tratamento-ao-cliente__yqTL2A14IGj0JsU/,,Problema Financeiro
Localiza cobra multa indevidamente do cartão da esposa do cliente sem autorização,NÃO RESPONDIDA,São Paulo,SP,A empresa localiza guardou os dados do cartão sem a minha autorização isso foi um [Editado pelo Reclame Aqui] que localiza operou contra mim eu cheguei fiz o pagamento mediante aproximação com cartão da minha esposa e deixei cadastrado um cartão que era meu e deixei claro para atendente não é para cadastrar esse cartão que ele não é meu só tô fazendo o pagamento a mulher falou para mim só tá cadastrado seu aqui pode ficar tranquilo quando pensa que não eu levei uma multa e era para eles debitar ou de mim ou permanecer com a dívida aberta em meu nome que é o correto a se fazer mas não a localiza guardou de forma oculta [Editado pelo Reclame Aqui] os dados do cartão da minha esposa e debitaram do cartão dela um valor de multa no qual ela não sabia e nunca permitiu que a localiza fizesse isso isso é [Editado pelo Reclame Aqui] porque eu nunca permiti guardar os dados do cartão da minha esposa eu nunca passei os números de trás que é o código e como que a localização que consegue tirar dinheiro da minha conta sem colocar senha do cartão tem algo muito errado aí eu vou entrar com um processo jurídico pedindo investigação contra localiza na prática de pagamento,https://www.reclameaqui.com.br/localiza-aluguel-de-carros/localiza-cobra-multa-indevidamente-do-cartao-da-esposa-do-cliente-sem-autorizacao_wARvt2rhzrzq8Bcz/,,Problema Financeiro
Bloqueio de cadastro sem justificativa,RESPONDIDA,Rio de Janeiro,RJ,"Tentei fazer uma reserva de aluguel na localiza e no momento de finalização me deparei com um erro impedindo a conclusão do aluguel. Fui até a localiza do galeão pessoalmente para saber o motivo e a atendente disse que meu cadastro está bloqueado e não sabe o motivo. De imediato a mesma entrou em contato com a central solicitando o desbloqueio e retornaram dizendo que não foi possível desbloquear e novamente não disseram o motivo do bloqueio e que só seria possível uma nova solicitação de desbloqueio daqui há 180 dias. Sou cliente fidelidade Ouro, tenho um histórico longo de aluguel com a empresa, nunca tive problemas e agora me deparo com esse bloqueio sem nenhuma justificativa. Solicito desbloqueio imediato ou acionarei os órgãos competentes para solução judicial.",https://www.reclameaqui.com.br/localiza-aluguel-de-carros/bloqueio-de-cadastro-sem-justificativa_sa1p_u5S_gcCJ0Wc/,,Bloqueio de Cadastro
Cobrança Indevida em Locação de Veículo - Cliente Insatisfeito com Falta de Resolução,NÃO RESPONDIDA,Taboão da Serra,SP,"Fiz uma locação na localiza no dia 23/02/2026 17:30 Agencia Aeroporto Congonhas, Franquia:
200 km/dia, Reserva: *****, Contrato N *****, Retorno / Vigência Seguro: 01/06/2026 17:30 Ag Centro Otavio Tarquiniono momento da devolução a localiza está me cobrando o valor de R$ 1.123,27, totalmente indevido., tentei verificar no chat e no balcão de atendimento, niguém conseguiu resolver essa questão, eu tenho todos os comprovantes pagos de todas as prorrogações do contrato que eu fiz, sou cliente de muito tempo da localiza e esse fato, me deixou totalmente insatisfeito com a empresa, espero que através desta, alguém possa resolver o meu caso.

A minha diária saia no valor de R$ 99,83,",https://www.reclameaqui.com.br/localiza-aluguel-de-carros/cobranca-indevida-em-locacao-de-veiculo-cliente-insatisfeito-com-falta-de-resolucao_dOkb0TMXx6ua7rY0/,,Sinistro e Acidente
Atendimento péssimo e carro avariado na Locadora Localiza em Caxias do Sul,NÃO RESPONDIDA,João Pessoa,PB,"Fiz uma reserva para um carro, antecipadamente, quando cheguei em Caxias do Sul, pessoal mal educado quiz me dar um carro avariado, o farol da frente estava cheio de agua, me neguei a receber e eles disseram que não teriam outro, sou cliente localiza e nunca recebi um tratamento tão ruim como foi nessa filial, absurdo, me deixaram esperando e tive que locar um carro na movida que foi ótimo atendimento.",https://www.reclameaqui.com.br/localiza-aluguel-de-carros/atendimento-pessimo-e-carro-avariado-na-locadora-localiza-em-caxias-do-sul_V2Cqka4L48AXMWeU/,,Sinistro e Acidente
Desconto prometido em reserva não aplicado e protocolo de atendimento sem resolução,NÃO RESPONDIDA,São Paulo,SP,"Recebi um e-mail contendo uma promoção, dizendo que eu teria até 15% de desconto em reservas finalizando a compra pelo botão do e-mail. Acontece que clico no botão e o desconto não é aplicado.
Abri um protocolo para entender como aplicar o desconto, me pediram as informações do e-mail e sumiram. Cinco dias se passaram, hoje é o prazo final para receber um retorno da empresa e nada. No app o protocolo consta como concluído e eu continuo sem saber como aplicar o desconto que eles mesmos me enviaram por vontade própria.",https://www.reclameaqui.com.br/localiza-aluguel-de-carros/desconto-prometido-em-reserva-nao-aplicado-e-protocolo-de-atendimento-sem-resolucao_uzs7JSqWkZ0a-Dgg/,,Problema Financeiro
Cobrança indevida de taxa de retorno após substituição de veículo por defeito.,RESOLVIDO,Belo Horizonte,MG,"Gostaria de registrar minha insatisfação com uma cobrança realizada pela Localiza após uma locação que ocorreu entre os dias 29/05 e 31/05.

Na última sexta-feira (29/05), retirei um veículo na agência de Confins. Durante o deslocamento para Belo Horizonte, percebi que o carro apresentava um problema nos freios, puxando lateralmente em velocidades mais altas. Como eu faria uma viagem longa logo em seguida, fiquei preocupado com a segurança e entrei em contato com a assistência da Localiza.

A atendente que me prestou suporte foi extremamente educada e profissional. Durante a ligação, ela verificou minha localização e identificou que a agência Pampulha era a unidade mais próxima de onde eu estava naquele momento. Por essa razão, fui orientado pela própria Localiza a me deslocar até essa agência para realizar a substituição do veículo.

Seguindo exatamente a orientação recebida, fui até a agência Pampulha, em Belo Horizonte, onde fui atendido pelo colaborador *****. Destaco aqui o excelente atendimento prestado por ele. De forma rápida e eficiente, ele constatou o problema relatado e providenciou imediatamente a troca do veículo.

Toda essa situação já causou um atraso significativo na minha viagem, pois meu planejamento era seguir diretamente para o destino. Ainda assim, compreendi que imprevistos acontecem e segui normalmente com a locação.

No dia 31/05, realizei a devolução do veículo na agência Pampulha. Novamente fui atendido pelo *****, que informou que não havia qualquer pendência e finalizou a locação normalmente.

Para minha surpresa, ao verificar posteriormente meu cartão de crédito, constatei a cobrança de R$ 80,00 referente a uma suposta ""taxa de retorno"".

Essa cobrança é totalmente incoerente e injustificável.

Primeiro, porque em nenhum momento fui informado de que o veículo deveria ser devolvido obrigatoriamente em Confins. Muito pelo contrário: fui direcionado pela própria assistência da Localiza para a agência Pampulha em razão do defeito apresentado pelo veículo original. Em nenhum momento, seja durante a ligação com a assistência, seja durante a substituição realizada na agência Pampulha, fui informado de que haveria qualquer cobrança adicional ou de que a devolução deveria ocorrer exclusivamente em Confins.

Segundo, porque o veículo que devolvi foi justamente o veículo que recebi na agência Pampulha após a substituição autorizada pela própria Localiza. Ou seja, devolvi o veículo na mesma agência em que ele me foi entregue. Qual é a lógica de cobrar taxa de retorno por devolver um carro na própria agência de origem daquele veículo?

Além disso, caso eu tivesse sido informado sobre a necessidade de devolução em Confins, teria realizado a devolução sem qualquer dificuldade. Eu possuía prazo até as 22h para devolver o veículo e efetuei a entrega às 17h, ou seja, havia tempo mais do que suficiente para me deslocar até o aeroporto. No entanto, essa informação jamais foi repassada.

Na prática, fui penalizado financeiramente por seguir exatamente as orientações fornecidas pela própria Localiza para solucionar um problema mecânico que não foi causado por mim.

Não questiono o atendimento recebido pelo contrário, tanto a atendente da assistência quanto o colaborador ***** foram extremamente educados, profissionais e prestativos. Minha reclamação é direcionada exclusivamente à cobrança indevida e à falha de comunicação da empresa, que deixou de informar uma condição que agora está sendo utilizada para justificar uma cobrança adicional.

Diante dos fatos, solicito o cancelamento imediato da cobrança de R$ 80,00 e o respectivo estorno do valor, uma vez que não fui previamente informado sobre essa cobrança e não existe justificativa razoável para sua aplicação nas circunstâncias relatadas.

Como consumidor, espero que a Localiza reveja essa situação e adote procedimentos mais transparentes, evitando que clientes sejam surpreendidos com cobranças decorrentes de orientações prestadas pela própria empresa.",https://www.reclameaqui.com.br/localiza-aluguel-de-carros/cobranca-indevida-de-taxa-de-retorno-apos-substituicao-de-veiculo-por-defeito_LKvQCgDboElfYnlL/,10.0,Problema Financeiro
Multa indevida e mau atendimento por parte da atendente,NÃO RESPONDIDA,naoconsta,Outros,"Em viagem ocorrida na semana passada recebi uma multa pouco provável. Primeiro porque tenho quase 60 anos de idade não ultrapassaria o limite em 50%, LOCAL DA INFRAÇÃO
SP 191 KM 186 METROS 000 / SAO MANUEL, mão única as 18:12, muito estranho, solicitei para atendente do chamado Atendimento [*****], se a multa tinha foto apresentada, ela disse: ""Não trabalho no órgão do governo para dar esta informação"" Eu gostaria que a localize me explicasse o nível de ruido de comunicação nesta resposta, não é assim que funciona correto? pedi a informação do supervisor, ela negou a passagem da ligação, perguntei o motivo de não repassar não fui informado. Ou seja, tentam fazer um débito automático no meu cartão de credito, de uma multa que não tem prova, não tem foto, não tem o nome de ninguém envolvido, se foi radar móvel, se foi radar fixo, foto, nome da viatura no local. Caso seja uma [Editado pelo Reclame Aqui] a Localiza é conivente com isso? é assim que funciona?
Por favor, entrem em contato para prestarem um serviço de excelência, e corrijam a boa vontade da sua funcionaria pfv. Este tipo de resposta não condiz com nenhum dos atendimentos que recebi da Localiza até hoje.",https://www.reclameaqui.com.br/localiza-aluguel-de-carros/multa-indevida-e-mau-atendimento-por-parte-da-atendente_kGvPdMKkWBtKUicJ/,,Problema Financeiro
Reclamação sobre o processo de reembolso e atendimento da Localiza após acidente de carro,NÃO RESPONDIDA,Maringá,PR,"BATERAM NO NOSSO CARRO NO DIA 03/05/2026, SOLICITAMOS O REEMBOLSO COM SINISTRO N *****, POR PARTE DA LOCALIZA, JÁ QUE A PESSOA QUE BATEU EM NÓS TINHA SEGURO COM ELES, JÁ ENVIE O ORÇAMENTO 3 X, A PRIMEIRA X ME PASSARAM OFICINAS DE SP, PEDI DE MARINGA, ME PASSARAM OUTRA LISTA, PERDI MEU TEMPO FAZENDO UM NOVO ORÇAMENTO, ALIAS 3 ORAÇMENTOS DIFERENTES PERDENDO UM TEMPO QUE NÃO TENHO, ME DISSERAM QUE NÃO RECEBERAM, ENVIEI NOVAMENTE, MAIS 2X O MESMO, ME DISSERAM QUE ESTÁ OK, QUE TERIA QUE ESPERAR, E MANDEI NOVAMENTE, DISSERAM QUE AQUELAS OFICINAS NÃO FAZIA MAIS PARTE DO CREDENCIAMENTO DELES, ME PASSARAM UMA NOVA, LEVEI NOVAMENTE, FIZ O ORÇAMENTO MAIS UMA X, ANEXEI DIA 25/05/2026 A 3X, ENTREI EM CONTATO NOVAMENTE HOJE 01/06/2026 E ME DISSERAM QUE NÃO FOI ANEXADO, QUE PRECISO FAZER NOVAMENTE, MAIS UMA X????, ELES ESTÃO DE PALHAÇADA CONOSCO, UM DESCASO, UM PÉSSIMO SERVIÇO, CADA HORA PEDE UMA COISA, OS ATENDENTES PÉSSIMOS, SEM EDUCAÇÃO, DEIXA A GENTE FALANDO NO MEIO DO ASSUNTO, ENCERRA A CONVERSA, JÁ NÃO SEI MAIS O QUE FAZER, POIS CADA HORA É UM PROBLEMA DIFERENTE QUE ELES ARRUMAM.",https://www.reclameaqui.com.br/localiza-aluguel-de-carros/reclamacao-sobre-o-processo-de-reembolso-e-atendimento-da-localiza-apos-acidente-de-carro_Ff5pkRwGtgkGQU-u/,,Sinistro e Acidente
Reserva de veículo com local de retirada errado e cobrança indevida no cartão pela Localiza,RESPONDIDA,Feira de Santana,BA,"**Título:** Reserva feita por telefone com local de retirada errado e cobrança indevida no cartão

No dia **20 de maio de 2026**, fizemos uma reserva de veículo junto à **Localiza**, por telefone, com retirada prevista na cidade de **Campinas/SP**.

**Código da reserva: *******

Ocorre que, por erro da atendente, a reserva foi registrada com retirada em **Congonhas/SP**, sem minha autorização e totalmente diferente do que foi solicitado. Isso é completamente incoerente, pois nosso destino era Campinas, sendo impossível pousar em Campinas e retirar o veículo em Congonhas.

Mesmo diante desse erro interno da Localiza, a empresa realizou a cobrança da reserva no cartão, gerando um prejuízo indevido ao consumidor.

Deixo claro que não autorizei a retirada em Congonhas e que a falha foi exclusivamente da Localiza no momento do atendimento telefônico. Portanto, solicito com urgência o **cancelamento da cobrança e o estorno integral do valor cobrado no cartão**.

Aguardo uma solução imediata, pois não é razoável o cliente pagar por uma reserva feita de forma errada pela própria empresa. Caso não haja resolução rápida, tomarei as medidas cabíveis junto aos órgãos de defesa do consumidor.

**Solicitação:**
Estorno integral e imediato do valor cobrado no cartão, referente à reserva feita incorretamente pela Localiza.",https://www.reclameaqui.com.br/localiza-aluguel-de-carros/reserva-de-veiculo-com-local-de-retirada-errado-e-cobranca-indevida-no-cartao-pela-localiza_Ov3nHsYLaKEmkP2z/,,Problema Financeiro
Problema com pagamento de indenização de dano corporal de terceiros.,NÃO RESPONDIDA,Assis,SP,"Sou procuradora em um sinistro de danos corporais, e foi encaminhado um termo pelo DocuSign porém o mesmo não abriu para assinatura digital, em contato com a central a orientação foi de imprimir, assinar e enviar em resposta ao e mail, e assim o fiz no dia 04/05, foi feito contato no dia 06/05 para saber o andamento da recepção e programação de pagamento, inicialmente a informação na central foi de que deveria contar 15 dias úteis desde o envio do termo.
Ocorre que nos contatos posteriores a resposta dos atendentes é que o termo não foi assinado digitalmente, mesmo em todos os atendimentos e e mails enviados a analista, não tive nenhum retorno até o momento, de que foi recebido, ou que seria reenviado de forma digital, as ligações são diárias e sempre com a mesma informação, que será aberto chamado pro analista pedindo prioridade, porém sem nenhum retorno, o mesmo está acontecendo pelo contato pelo WhatsApp, não tendo nenhum contato para falar com superior ou diretamente com a própria analista.
Levando em consideração a data do envio do termo o pagamento deveria ter acontecido em 22/05.
Preciso de ajuda para resolver tal situação.",https://www.reclameaqui.com.br/localiza-aluguel-de-carros/problema-com-pagamento-de-indenizacao-de-dano-corporal-de-terceiros_HG4pu-HoxmVgZ4ik/,,Sinistro e Acidente
Cobrança de taxa administrativa sobre multa de trânsito em veículo locado,NÃO RESPONDIDA,Belo Horizonte,MG,"Estou com uma locação ativa na Localiza, desde o dia 09/04/2026, de um veículo Fiat Fastback Audace T200, placa *****, conforme contrato *****. Hoje pela manhã recebi uma cobrança em meu cartão de crédito, no valor de R$1.540,72, referente a uma multa de trânsito emitida pela Polícia Rodoviária Federal no dia 22/05/2026, às 17:26, conforme AIT n *****.
A infração possui valor de R$1.467,35 e será paga pela Localiza com desconto de 20% (R$293,47) disponibilizado automaticamente, conforme o artigo 284 do CTB, perfazendo o valor de R$1.173,88. Tal dispositivo foi incluído pelo legislador no código de trânsito, com o objetivo de incentivar a quitação do débito, reduzindo a inadimplência e a burocracia. Trata-se de um benefício para as pessoas que honram os compromissos e cumprem seu papel societário. Entretanto, a Localiza está me cobrando um valor a mais de R$366,84 sob a justificativa de taxa administrativa de 25%, prevista em contrato, aplicada sobre o valor integral da multa.
Apesar de não concordar com a aplicação da multa pelo órgão federal, não sou o tipo de cliente que quer levar vantagem ou deixar de arcar com as minhas responsabilidades perante à locadora. Se o veículo fosse de minha propriedade, iria recorrer da infração juntao ao órgão autuador, porém, por se tratar de um veículo locado, concordo com o pagamento integral da penalidade.
O motivo da minha reclamação é referente a aplicação da taxa administrativa de 25% feito pela locadora. Entendo que ela está prevista em contrato e compreendo que ela é cobrada para gerir custos operacionais da empresa. Porém estou me sentindo totalmente [Editado pelo Reclame Aqui] pela Localiza, ao ser obrigado a pagar um valor superior ao valor da multa aplicada, principalmente pelo alto valor da mesma. Principalmente por estar com um contrato vigente de alto custo, por ser um cliente que cumpre seu contrato e suas obrigações e por não conseguir sequer entrar em contato com a empresa para questionar/negociar esse valor.
Isso me deixou muito insatisfeito e será determinante para minha avaliação futura com relação à novos alugueis.",https://www.reclameaqui.com.br/localiza-aluguel-de-carros/cobranca-de-taxa-administrativa-sobre-multa-de-transito-em-veiculo-locado_pCWF5_i-re8o-bhK/,,Problema Financeiro
Cobrança Indevida,NÃO RESPONDIDA,São Paulo,SP,"Fiz a locação de um automóvel da Localiza (contrato *****) via RentCars, paguei tudo pelo app da Rentcars e agora a Localiza me mandou um boleto de cobrança no valor de R$ 447,35 incluindo quilometragem (um absurdo, visto que não rodei nem de perto a quilometragem contratada de 200km/dia) no valor de R$ 389,00. Aí tento resolver o problema via Atendimento da Localiza e, CLARO, não consigo, pois o atendimento virtual não me dá essa opção (tentei três vezes!!!) Uma falta de respeito absurda com o cliente!",https://www.reclameaqui.com.br/localiza-aluguel-de-carros/cobranca-indevida_b1v3U_X5FMn_tmXg/,,Problema Financeiro
Cobrança de taxas não previstas e omissão de informações na locação de veículo pela Decolar e Localiza,NÃO RESPONDIDA,Santos,SP,"Prezados,
Venho por meio desta registrar uma reclamação formal contra a plataforma Decolar (e, de forma solidária, a Localiza), devido à severa falta de transparência, omissão de informações contratuais e cobrança de taxas não previstas no momento da contratação de um aluguel de veículo.
Dados da Reserva:
Titular: *****
N da Reserva (Decolar): *****
N do Contrato (Localiza): *****
Período de Locação: 24/05/2026 a 30/05/2026
O Ocorrido:
Realizei a locação de um veículo do grupo SUV por meio da plataforma Decolar, efetuando o pagamento antecipado de R$ 856,00. O voucher gerado pela plataforma me levou a crer que os custos atrelados à locação estavam devidamente quitados, restando apenas eventuais despesas de consumo próprio (como combustível e pedágios).
Entretanto, ao realizar a devolução do veículo, fui surpreendido com uma fatura final de R$ 1.408,97 calculada pela Localiza. Como a locadora faturou apenas R$ 791,29 para a agência Decolar, fui obrigado a pagar uma diferença imprevista de R$ 617,68 no balcão.
Analisando os demonstrativos detalhadamente, identifiquei que a diferença ocorreu por falha grave na prestação de informações da Decolar, resultando em duas cobranças específicas:
Taxa de Aluguel (15%) no valor de R$ 183,78: O voucher emitido pela Decolar não faz nenhuma menção à incidência de uma ""Taxa de Aluguel 15%"" que seria cobrada no balcão. Fui pego totalmente de surpresa por esse valor, o que configura omissão de informação prévia e essencial para o planejamento financeiro do consumidor.
Quilometragem Excedente no valor de R$ 329,00: O voucher da Decolar descreve as condições de quilometragem de maneira extremamente vaga, limitando-se a dizer ""Até 200 km"". A plataforma falhou em especificar de forma clara e ostensiva que se tratava de uma franquia de ""200 km/dia"", bem como omitiu o valor de R$ 1,00 por quilômetro excedente que constava no contrato interno da locadora. Essa ambiguidade induziu a erro no uso do serviço.
Nota de Boa-Fé: Ressalto que reconheço e não questiono as cobranças atreladas ao meu consumo real por meio da Tag de Pedágio (R$ 11,85 de diárias do serviço e R$ 196,26 de utilizações nas cancelas).
Base Legal:
A conduta das empresas fere frontalmente o Código de Defesa do Consumidor (Lei 8.078/1990), em especial:
Art. 6, Inciso III: Que garante o direito básico à informação adequada e clara sobre os produtos e serviços, com especificação correta de quantidade, características, composição, qualidade, tributos incidentes e preço.
Art. 37, 1: Que proíbe a publicidade enganosa por omissão, quando se deixa de informar dado essencial sobre o serviço (como taxas obrigatórias e regras de cobrança por uso excedente).
Pedido Final:
Diante do exposto, solicito o estorno/reembolso imediato do valor de R$ 512,78 (referente à soma da Taxa de Aluguel de 15% e da penalidade de Quilometragem Excedente que gerou prejuízo), uma vez que tais custos e regras foram omitidos ou apresentados de forma dúbia no momento da contratação via Decolar.
Aguardo um retorno célere com a resolução deste impasse.
Atenciosamente,
*****",https://www.reclameaqui.com.br/localiza-aluguel-de-carros/cobranca-de-taxas-nao-previstas-e-omissao-de-informacoes-na-locacao-de-veiculo-pela-decolar-e-localiza_TcePBp9Hjxf6PXAM/,,Problema Financeiro
Reserva de carro em São Paulo: Problemas com endereço de devolução e cobrança de combustível.,RESPONDIDA,Presidente Prudente,SP,"Fiz uma reserva de carro em São Paulo, quando fui devolver, apertei no app da localiza no endereço da agência ""como chegar"", chegando ao local do estacionamento o rapaz da portaria disse que não era ali o local da devolução, coloquei mais dois endereços e tive que dar varias voltas para encontrar o local correto, chegando la, na vistoria de devolução o atendente disse que teria que cobrar a gasolina pois o odometro abaixou um nivel de combustível..
Me cobrou 108,74, sendo que faltou ali, no máximo, 3 litros de combustível sendo que a culpa nem foi minha do botão que indica como chegar na agência estava dando em outro local.",https://www.reclameaqui.com.br/localiza-aluguel-de-carros/reserva-de-carro-em-sao-paulo-problemas-com-endereco-de-devolucao-e-cobranca-de-combustivel_-3vV5LUSJ6D4UoQK/,,Falha no App / Reserva
Bloqueio de cadastro por quase um ano sem justificativa,RESPONDIDA,São Paulo,SP,"Sou cliente da empresa há anos e venho, por meio desta, formalizar minha insatisfação diante da manutenção injustificada de bloqueio em meu cadastro, situação que já perdura há aproximadamente 1 (um) ano, sem qualquer explicação clara, objetiva ou formal por parte da empresa.

O bloqueio ocorreu após um acidente envolvendo veículo locado, no qual não fui o causador. Ainda assim, agi de forma absolutamente colaborativa e de boa-fé, quitando integralmente todas as pendências relacionadas ao seguro e demais custos eventualmente envolvidos, sem qualquer discussão, inadimplência ou litígio entre as partes. O assunto foi encerrado de maneira amigável e integralmente resolvido.

Apesar disso, sigo impedido de realizar novas locações junto à empresa, mesmo após diversos contatos realizados ao longo deste período ao menos 5 tentativas formais de esclarecimento sem que me fosse apresentada qualquer justificativa concreta, critério objetivo ou informação transparente acerca da restrição aplicada ao meu perfil.

A postura adotada pela empresa viola princípios básicos do Código de Defesa do Consumidor, especialmente os deveres de boa-fé objetiva, transparência e informação adequada ao consumidor. Não é razoável que um cliente permaneça indefinidamente bloqueado sem sequer conhecer os motivos da restrição ou possuir oportunidade de esclarecimento e revisão da decisão.

Além do evidente constrangimento e desgaste, a situação causa verdadeira humilhação ao consumidor, que, mesmo tendo honrado integralmente suas obrigações contratuais, passa a ser tratado como inapto comercialmente sem qualquer fundamento claro ou comunicação formal.

Ressalto que, diante da ausência de solução, fui obrigado a migrar minhas locações para empresa concorrente, embora preferisse manter a relação comercial anteriormente existente.

Dessa forma, solicito formalmente:

A imediata apresentação, por escrito, dos motivos específicos que fundamentaram o bloqueio do meu cadastro;
A revisão da restrição aplicada ao meu perfil;
A regularização do meu cadastro para retomada das locações, caso inexistam débitos ou pendências;
Alternativamente, caso a empresa mantenha a negativa comercial, que apresente justificativa formal, objetiva e documentada.

Na ausência de resposta satisfatória, reservo-me o direito de registrar reclamação junto aos órgãos de defesa do consumidor, inclusive Consumidor.gov.br, PROCON e medidas judiciais cabíveis, inclusive pleiteando reparação pelos danos morais decorrentes da situação.",https://www.reclameaqui.com.br/localiza-aluguel-de-carros/bloqueio-de-cadastro-por-quase-um-ano-sem-justificativa_Jsxk3O5VKnP0lpVm/,,Sinistro e Acidente
Cobrança indevida e cobrança de dano preexistente em aluguel de carro com seguro premium,RESOLVIDO,Ribeirão Preto,SP,"Aluguei um carro de 13 a 20 de maio de 2026, retirada no Aeroporto Santos Dumont, Rio de Janeiro, com seguro premium. Fui conferir meu extrato bancário e constatei a cobrança de aproximadamentes 700 reais a mais pelo pagamento do mesmo. Quando devolvi o carro no Rio, no dia 20, foi constatado erroneamente um trinco no para-brisa do carro, que tecnicamente estaria coberto pelo meu seguro mas, ao indagar o perito dizendo que não havia batido nada no carro, ele consultou as fotos anteriores à retirada e constatou que já havia o trinco, não sendo assim necessário acionar o seguro e liberando a entrega do carro. Quero minha diferença de volta imediatamente!",https://www.reclameaqui.com.br/localiza-aluguel-de-carros/cobranca-indevida-e-cobranca-de-dano-preexistente-em-aluguel-de-carro-com-seguro-premium_rWHEoUORoFK5gvaN/,10.0,Sinistro e Acidente
"Cliente Localiza causa acidente e empresa oferece valor de conserto abaixo do necessário, gerando prejuízo.",NÃO RESPONDIDA,Recife,PE,"Fui vítima de um acidente provocado por um cliente localiza, e ao tentar resolver o conserto me pedem dois orçamentos, onde foi enviado e o dois com valores bem parecidos, porém aprovaram um valor bem abaixo onde não consigo resolver o conserto do meu carro e ficaria com um prejuízo de mais de R$1000, queria uma solução se não terei que judicializar",https://www.reclameaqui.com.br/localiza-aluguel-de-carros/cliente-localiza-causa-acidente-e-empresa-oferece-valor-de-conserto-abaixo-do-necessario-gerando-prejuizo_kH1UOQQdaYYd6tih/,,Sinistro e Acidente
Nome mantido no Serasa após quitação de dívida negociada,RESOLVIDO,Caruaru,PE,"Existe uma dívida pendente que já fora negociada, porém após negociada e após ser feito o pagamento eles ainda não retiraram o nome do Serasa. Solicito a retirada imediata deste nome dos órgãos de proteção ao crédito e depois isso está complicando minha vida.",https://www.reclameaqui.com.br/localiza-aluguel-de-carros/nome-mantido-no-serasa-apos-quitacao-de-divida-negociada_CeVmdF2qFPvy0SpK/,10.0,Problema Financeiro
Cobrança indevida de pedágios após locação de veículo na Localiza,RESPONDIDA,Santana do Paraíso,MG,"Bom dia.
Fizemos uma locação de um carro na Localiza de 23 a 28 de abril. Quitamos o valor no momento da locação e ainda pagamos mais um valor adicional quando entregamos o carro referente aos pedágios que a localiza identificou no momento da entrega. Agora recebemos um boleto da locadora no valor de R$ 204,99 e ninguém sabe nos informar do que se trata. Acredito que é uma cobrança indevida haja vista que não deixamos de pagar nada e respeitamos q sinalização sendo muito improvável que seja uma multa!

Aguardo breve retorno!",https://www.reclameaqui.com.br/localiza-aluguel-de-carros/cobranca-indevida-de-pedagios-apos-locacao-de-veiculo-na-localiza_lHJs4C7sHAN_Uevs/,,Problema Financeiro
"Cobrança indevida, retenção não devolvida e falta de retorno da Localiza",NÃO RESPONDIDA,Miguel Calmon,BA,"Realizei uma locação mensal de veículo junto à Localiza no dia 17/04/2026.

No ato da contratação, foi cobrado um determinado valor referente à locação, além da retenção/garantia realizada pela empresa. Após a devolução do veículo, efetuei o pagamento dos pedágios utilizados, porém fui surpreendido com novas cobranças adicionais.

Entre elas, foi lançada uma cobrança de lavagem especial, mesmo eu já tendo selecionado/pago uma opção de lavagem no momento da contratação. Além disso, o veículo não saiu da cidade, não houve uso que justificasse cobrança diferenciada de higienização, e mesmo assim foi gerado um boleto com valor de quase R$ 300,00 a mais em relação ao que já havia sido pago.

Na prática, entendo que houve cobrança em duplicidade e/ou cobrança indevida, pois já havia sido pago o valor contratado inicialmente, além dos pedágios após a devolução.

Outro ponto grave é que a retenção realizada no ato da contratação até o momento não foi devolvida. Já entrei em contato com a central de atendimento e fui informado de que o valor seria liberado em até 5 dias, porém esse prazo não foi cumprido. Também entrei em contato com o setor financeiro, mas até agora não tive uma solução efetiva.

Atualmente, resta apenas uma parcela vinculada à locação, e preciso de um posicionamento claro da Localiza sobre:

Por que foi gerado um boleto com cobrança adicional de quase R$ 300,00;
Por que houve cobrança de lavagem especial se já havia sido selecionada/paga uma lavagem;
Quando será devolvido o valor retido no ato da contratação;
Como será feita a restituição ou compensação dos valores cobrados indevidamente.

Solicito a revisão imediata das cobranças, o cancelamento dos valores indevidos e a devolução da retenção que permanece pendente desde a contratação.

Aguardo uma solução formal da empresa, com demonstrativo claro dos valores cobrados, pagos e eventualmente a restituir.",https://www.reclameaqui.com.br/localiza-aluguel-de-carros/cobranca-indevida-retencao-nao-devolvida-e-falta-de-retorno-da-localiza_42mQjDWT8C7tlYn4/,,Problema Financeiro
"Cobrança de R$ 898,92 por avaria mesmo com proteção contratada e sem ninguém me informar nada",RESOLVIDO,Massapê,CE,"Cobrança de R$ 898,92 por avaria mesmo com proteção contratada e sem ninguém me informar nada

Aluguei um carro na Localiza e contratei a proteção básica. Paguei por essa proteção justamente acreditando que estava coberto em caso de algum dano no veículo, porque é isso que a própria Localiza divulga: que a proteção cobre danos e avarias no carro.

O que me deixou muito indignado é que em nenhum momento me explicaram como essa proteção funcionava de verdade. Ninguém sentou comigo, ninguém falou de limite, de franquia, de exceção, de nada. Na contratação só me passaram o contrato e pediram pra assinar. Não me deram tempo nem oportunidade de ler. Foi tudo rápido, no automático, só ""assina aqui"".

Durante o uso o carro acabou ficando com uma avaria. Eu nem discuto que ela existiu. O problema é a forma como fui tratado depois: na hora de devolver o veículo, de novo não me deixaram ler nada. Me apresentaram só a tela do celular com um espaço pra assinar. Não vi termo de devolução, não vi relatório de avaria, não vi relatório de sinistro, não vi orçamento, não vi foto, não vi nada. Só assinei porque foi o que me mandaram fazer.

E aí veio a surpresa: me cobraram R$ 898,92. Eu fui pego completamente de surpresa, porque tinha pago a proteção e nunca ninguém me avisou que mesmo assim eu poderia ter uma cobrança dessas. Se tivessem me explicado isso na hora de alugar, eu teria decidido com consciência. Não me deram essa chance.

Me sinto [Editado pelo Reclame Aqui]. Contratei proteção, não fui informado de nada, não pude ler nenhum documento nem na retirada nem na devolução, e ainda assim fui cobrado em quase mil reais sem nenhuma explicação clara.

Enfim, semprei recomendei a Localiza pra todos e sempre fui cliente, mas após esse ocorrido, não indico mais pra ninguém. Pessima experiencia.",https://www.reclameaqui.com.br/localiza-aluguel-de-carros/cobranca-de-r-89892-por-avaria-mesmo-com-protecao-contratada-e-sem-ninguem-me-informar-nada_kJzwiCSkA765p9gu/,10.0,Sinistro e Acidente
Cobrança Indevida Após Quitação Integral da Dívida,NÃO RESPONDIDA,Rio de Janeiro,RJ,"Paguei os valores atrasados da dívida.
Quitei o valor integral, avista a mais de 5 dias.
Até o momento, meu nome consta negativado.
Solicito a regularização imediatamente!",https://www.reclameaqui.com.br/localiza-aluguel-de-carros/cobranca-indevida-apos-quitacao-integral-da-divida_LjamzGY6MXIqjQTo/,,Problema Financeiro
"Acidente com veículo alugado, sinistro não aberto pela empresa, impedindo acesso ao seguro.",RESPONDIDA,Caucaia,CE,"Estou extremamente indignado com a forma como esse caso está sendo tratado.

No dia *****, sofri um grave acidente envolvendo um veículo alugado da frota da empresa, que realizava uma manobra de ré sem qualquer sinalização na *****, causando a colisão e colocando minha vida em risco.

Ainda no dia do acidente, o condutor ***** me informou que o veículo possuía seguro e que ele faria a abertura do sinistro, afirmando que eu não precisava me preocupar com isso.

Agora, ao entrar em contato com a Localiza para verificar a situação, fui informado de que o sinistro sequer foi aberto e, para minha surpresa, também fui informado de que eu mesmo não posso realizar essa abertura junto à central, mesmo possuindo documentação, fotos do acidente e todas as informações repassadas pelo próprio condutor no momento do ocorrido.

É inadmissível que, mesmo tendo todos os elementos necessários para comprovar os fatos, eu esteja enfrentando essa falta de bom senso e de suporte por parte da Localiza.

Ou seja, estou sendo completamente prejudicado. Sofri um acidente grave, tenho lesões decorrentes do ocorrido e, por uma falha que não foi causada por mim, estou sem acesso ao seguro e sem qualquer solução para o meu caso.

Solicito a abertura urgente do sinistro e uma solução imediata para essa situação.",https://www.reclameaqui.com.br/localiza-aluguel-de-carros/acidente-com-veiculo-alugado-sinistro-nao-aberto-pela-empresa-impedindo-acesso-ao-seguro_x-YEsdIjpcxCA94U/,,Sinistro e Acidente
Impossibilidade de substituição de veículo agendado em unidade de fim de semana,NÃO RESPONDIDA,Guarujá,SP,"Me mandaram mensagem solicitando a substituição do veículo, onde agendei a troca no sábado dia 30/06/2026, onde até mesmo deixei de ir na revisão que também havia agendado para o dia 29/05/2026. A troca foi agendada na unidade de Guarujá ao chegar lá foi dito que não podia ser feito essa troca no final de semana, sendo que via whatsapp mês.eu próprio canal de atendimento, foi confirmado que funciona normalmente de segunda a sábado, sendo assim não entendi, o por que não foi feita a troca/substituição do veículo, é necessário a substituição pois trabalho com o veículo é necessário a troca do mesmo. Aguardo uma resposta, onde a atendente afirmou que me mandaria uma mensagem hoje 01/06/2026, para realizar a substituição do veículo, aguardo por uma resposta",https://www.reclameaqui.com.br/localiza-aluguel-de-carros/impossibilidade-de-substituicao-de-veiculo-agendado-em-unidade-de-fim-de-semana_iS3X4SZ2fWJyt8hr/,,Outros
Paguei mais de R$ 6 mil pelo sinistro e continuo com pendências,NÃO RESPONDIDA,Parnamirim,RN,"Realizei a locação de um veículo pela Localiza e, durante o período da locação, me envolvi em um acidente com um terceiro. Após o ocorrido, todos os procedimentos foram realizados e efetuei o pagamento de aproximadamente R$ 6.000,00 referentes aos custos do sinistro cobrados pela Localiza.

O problema é que, no momento do acidente, devido ao nervosismo e à correria, foram identificados apenas os danos na lateral do veículo do terceiro. Posteriormente, verificou-se que também havia avarias no farol dianteiro e no retrovisor esquerdo (lado do motorista), itens que aparentemente não foram considerados na vistoria inicial e, consequentemente, não foram incluídos no valor cobrado pela Localiza.

Após a finalização do processo, o terceiro entrou em contato comigo informando que recebeu um orçamento adicional de R$ 3.600,00 à vista ou R$ 4.553,00 parcelado para reparar esses itens que não teriam sido contemplados anteriormente. Dessa forma, estou sendo cobrado diretamente por danos decorrentes do mesmo acidente, mesmo após já ter quitado integralmente o valor exigido pela Localiza.

Meu questionamento é simples: ao efetuar o pagamento do sinistro à Localiza, entendi que os danos relacionados ao acidente seriam tratados e resolvidos por meio do processo conduzido pela locadora. Não considero razoável continuar sendo acionado pelo terceiro para arcar com novos valores referentes ao mesmo evento.

Solicito que a Localiza analise o caso, esclareça a situação e informe qual será a solução adotada, pois já realizei o pagamento solicitado a LOCALIZA e não desejo permanecer recebendo cobranças adicionais relacionadas ao mesmo sinistro.
Caso necessite de mais informações estou a disposição
Segue documentação comprobatória em anexo.",https://www.reclameaqui.com.br/localiza-aluguel-de-carros/paguei-mais-de-r-6-mil-pelo-sinistro-e-continuo-com-pendencias_zpcJCXvMnd7Xbf-B/,,Sinistro e Acidente
"Não exuclão do meu nome no Serasa, apôs dívida paga há quase 3 semanas",NÃO RESPONDIDA,Sorocaba,SP,"Assunto: Solicitação de regularização cadastral e retirada de apontamento após quitação de débito
Venho registrar minha insatisfação em relação à demora na atualização de informações referentes a um débito que mantive junto à Localiza e que foi integralmente quitado há aproximadamente três semanas.
A negociação foi realizada para possibilitar a regularização da minha situação cadastral, uma vez que necessitava da liberação do meu cadastro para utilização de veículo alugado destinado ao exercício de minhas atividades profissionais. Na ocasião, fui informada de que, após a quitação do débito, meu cadastro seria desbloqueado e meu nome seria regularizado.
Embora a dívida já não conste mais como negativação tradicional junto ao Serasa, ela continua aparecendo em outros sistemas de consulta de crédito e pendências financeiras. No aplicativo do Itaú, por exemplo, ainda consta uma pendência vinculada ao meu CPF, no valor aproximado de R$ 9.500,00, relacionada à Localiza. Além disso, a informação também permanece visível em áreas de consulta de débitos do aplicativo Serasa, causando a impressão de que a obrigação financeira ainda não foi devidamente regularizada.
Ressalto que estou em processo de reorganização da minha vida financeira após um período de desemprego e venho buscando regularizar todas as minhas pendências. Dessa forma, solicito que a Localiza verifique a situação com urgência e promova a atualização de seus registros junto aos órgãos de proteção ao crédito, instituições financeiras e demais bancos de dados aos quais tenha reportado a dívida, para que não permaneçam informações desatualizadas em meu CPF.
Solicito, ainda, um posicionamento formal sobre o prazo para a completa regularização dos apontamentos remanescentes, considerando que a dívida foi quitada e que a manutenção dessas informações tem gerado transtornos e prejuízos à minha imagem creditícia.
Agradeço a atenção e aguardo uma solução.
Uma observação importante: mesmo após a quitação, alguns sistemas bancários e de análise de crédito podem levar alguns dias ou semanas para atualizar seus bancos de dados. Porém, se já se passaram cerca de três semanas e a pendência continua aparecendo, é razoável solicitar que a Localiza confirme se efetuou a comunicação de baixa aos birôs de crédito e demais parceiros que utilizam essas informações.",https://www.reclameaqui.com.br/localiza-aluguel-de-carros/nao-exuclao-do-meu-nome-no-serasa-apos-divida-paga-ha-quase-3-semanas_AeG_RVlW_HY5iiSF/,,Problema Financeiro
Falha na Locação de Veículo: Reserva Confirmada Não Encontrada na Agência Localiza - Navegantes,RESPONDIDA,Belo Horizonte,MG,"Prezados,

Venho registrar reclamação formal referente à falha ocorrida na locação de veículo realizada junto à Localiza.

Antes da viagem, efetuei uma reserva pela internet, sob o localizador *****, para retirada na agência do Aeroporto de Navegantes. A reserva foi devidamente confirmada pela empresa, contendo todas as informações do serviço contratado.

Contudo, ao comparecer à agência para retirar o veículo, fui surpreendido com a informação de que não havia qualquer reserva cadastrada em meu nome, apesar de eu apresentar a confirmação emitida pela própria Localiza.

Diante da situação e da necessidade do veículo, fui obrigado a realizar um novo contrato diretamente na agência, de n *****, para conseguir prosseguir com minha viagem.

A falha da empresa me causou transtornos, perda de tempo, insegurança e constrangimento, uma vez que cheguei ao local acreditando que o veículo reservado estaria disponível conforme contratado.

Ressalto que possuo tanto o comprovante da reserva realizada pela internet quanto o contrato efetivamente celebrado na agência, documentos que demonstram claramente a inconsistência entre os sistemas da empresa e a falha na prestação do serviço.

Diante do ocorrido, solicito:

Explicação formal sobre o motivo pelo qual minha reserva confirmada não constava no sistema da agência;
Apuração da falha operacional ocorrida;
Análise de eventual diferença de valores e condições entre a reserva original e o contrato realizado na agência;
Compensação pelos transtornos causados pela falha na prestação do serviço.

Caso não haja solução satisfatória, levarei o caso aos órgãos de defesa do consumidor para análise das medidas cabíveis.

Atenciosamente,

*****",https://www.reclameaqui.com.br/localiza-aluguel-de-carros/falha-na-locacao-de-veiculo-reserva-confirmada-nao-encontrada-na-agencia-localiza-navegantes_7UKph-AU4TyApyF0/,,Falha no App / Reserva
Nome incluído no Serasa por dívida desconhecida de aluguel de carro,NÃO RESPONDIDA,Campo Grande,MS,"Colocaram meu nome no Serasa por uma dívida que desconheço , pois nunca aluguei carro , gerando desconforto e sujando meu nome",https://www.reclameaqui.com.br/localiza-aluguel-de-carros/nome-incluido-no-serasa-por-divida-desconhecida-de-aluguel-de-carro_I0BP4aHtNIQkunTS/,,Problema Financeiro
Não consigo fazer nenhuma reserva,RESPONDIDA,São Paulo,SP,Boa noite eu quero saber por que eu não consigo alugar nenhum carro nem na juma reserva,https://www.reclameaqui.com.br/localiza-aluguel-de-carros/nao-consigo-fazer-nenhuma-reserva_pKkO8A50k3tosTRt/,,Bloqueio de Cadastro
Cadastro bloqueado na Localiza sem restrição aparente ao tentar acionar seguro Tokio Marine,RESPONDIDA,Venâncio Aires,RS,Tenho seguro com a Tokio Marine e precisei acionar ...e simplesmente meu cadastro está bloqueado na localiza sem eu ter qualquer restrição.. infelizmente sem solução!,https://www.reclameaqui.com.br/localiza-aluguel-de-carros/cadastro-bloqueado-na-localiza-sem-restricao-aparente-ao-tentar-acionar-seguro-tokio-marine_dRF8YoDsQzFrpHXE/,,Sinistro e Acidente
Problema com freio em carro alugado e cobrança indevida pela troca,NÃO RESPONDIDA,São Paulo,SP,fiz o aluguel de um carro na Localiza e foi dado pra gente um carro com problema no freio além de também um pequeno amassado na lateral é nós fizemos a devolução logo depois que a gente viu que o Freio tava esquisito a nossa intenção era pegar um outro carro né para substituir e esse carro era para viagem então a gente já tava atrasado por conta desse contratempo estamos na outra Localiza na na para fazer a troca do carro que é no caso é na Localiza de Congonhas lá foi informado que a gente não poderia fazer a troca pois não tinha um outro carro da mesma categoria então basicamente a gente tinha que devolver o carro finalizar ali o contrato e pagar uma diária de um carro praticamente de não utilizou né já que o carro tava com problema de freios quando a gente percebeu esse chiado esse barulho que tava fazendo no freio a gente tenta voltar na loja que a gente locou o carro mas já estava fechada E aí bônus lá não tinha o carro que a gente precisava o carro para gente no caso né para trocar e acabou gerando todas as contratempo né a gente não conseguiu fazer a viagem com o carro que a gente queria porque a gente teve que voltar para loja e a gente ainda teve que pagar praticamente duas diárias por conta do carro então a gente saiu num prejuízo muito grande nisso daí tanto de tempo quanto financeiro no final eu não conseguia fazer um downgrade nem um upgrade para trocar de carro também e acabei tendo que cancelar aquele primeiro carro que eu coloquei e colocar um segundo carro ou seja Perdi tempo e dinheiro eu achei um serviço bem ruim por conta disso né por todo esse estresse que aconteceu poderiam ter tentado ajudar a gente né pelo menos quando a gente foi fazer a troca do carro trocar por algum outro carro qualquer ali para a gente continuar nossa viagem mas pelo visto a gente teve que ver um caminho mais difícil que foi tem que cancelar a primeira e fazer uma nova contratação de um carro né E aí eu queria deixar que a reclamação por conta disso né que serviço poderia ter sido bem melhor a gente poderia ter resolvido de uma outra forma eu acredito,https://www.reclameaqui.com.br/localiza-aluguel-de-carros/problema-com-freio-em-carro-alugado-e-cobranca-indevida-pela-troca_ejtmBl9Oxs2Oxbe4/,,Qualidade do Veículo
Cobrança indevida de combustível e divergência de quilometragem na devolução de veículo alugado na Localiza,RESPONDIDA,São Paulo,SP,"No dia 28/05/2026, aluguei um Volkswagen T-Cross na Localiza, recebendo o veículo com o tanque cheio e quilometragem registrada em 10.519 km.

Durante todo o período da locação, utilizei o veículo normalmente e percorri apenas 146 km. Portanto, no momento da devolução, a quilometragem correta do veículo era de aproximadamente 10.665 km (10.519 km + 146 km), informação que consigo comprovar por meio dos meus registros.

No dia 30/05/2026, abasteci o veículo e solicitei ao frentista que completasse totalmente o tanque. O abastecimento totalizou R$ 115,00, e possuo o comprovante em anexo.

No dia 31/05/2026, antes de devolver o carro, utilizei o veículo por um curto período pela manhã. Para garantir a devolução exatamente nas mesmas condições em que recebi o veículo, retornei ao posto e solicitei novamente que o tanque fosse completado. Esse segundo abastecimento totalizou R$ 15,00, também com comprovante anexado.

Após esse último abastecimento, segui diretamente para o local de devolução do veículo. A distância entre o posto e a agência é de apenas alguns metros, tornando impossível qualquer consumo significativo de combustível que justificasse a cobrança posteriormente realizada.

Para minha surpresa, após a devolução, fui informado de que o veículo não estava com o tanque cheio e fui cobrado em R$ 113,00 por um suposto combustível faltante.

Imediatamente contestei a cobrança, informando que havia abastecido o veículo por completo e que possuía os comprovantes dos dois abastecimentos realizados. Durante a ligação telefônica com a atendente da Localiza, solicitei que me fosse enviada uma fotografia do painel do veículo para comprovar a alegação da empresa.

Foi então que identifiquei uma situação ainda mais grave.

A fotografia enviada pela própria Localiza exibe uma quilometragem de 10.761 km. Entretanto, o veículo foi retirado com 10.519 km e percorreu apenas 146 km durante todo o período da locação, o que resulta em uma quilometragem final de aproximadamente 10.665 km.

Em outras palavras, a imagem enviada pela empresa apresenta uma diferença de 96 km em relação à quilometragem que o veículo deveria possuir no momento da devolução.

Essa divergência é objetiva, matemática e facilmente verificável.

Diante desse fato, questiono como a Localiza pode utilizar uma fotografia com quilometragem incompatível com a utilização real do veículo para justificar uma cobrança financeira contra o cliente.

A inconsistência encontrada compromete totalmente a credibilidade da evidência apresentada pela empresa e levanta sérias dúvidas sobre a validade da cobrança realizada.

Possuo e anexarei os seguintes documentos:

- Comprovante do abastecimento de R$ 115,00 realizado em 30/05/2026;
- Comprovante do abastecimento de R$ 15,00 realizado em 31/05/2026;
- Registros da quilometragem na retirada e na devolução do veículo;
- Conversas e imagens enviadas pela própria Localiza.

Diante de todos os fatos apresentados, solicito:

1. O cancelamento imediato da cobrança de R$ 113,00 referente ao combustível;
2. O estorno integral do valor, caso já tenha sido debitado;
3. O esclarecimento formal sobre a divergência de quilometragem existente na fotografia enviada pela empresa;
4. O envio de todos os registros de vistoria utilizados para justificar a cobrança.

Aguardo a resolução rápida deste problema. Caso a cobrança indevida não seja cancelada e os valores não sejam estornados, tomarei as medidas cabíveis para a defesa dos meus direitos, incluindo reclamações junto aos órgãos de proteção e defesa do consumidor e o ajuizamento das medidas judiciais pertinentes para apuração dos fatos, reparação dos prejuízos sofridos e responsabilização pelos danos eventualmente causados.

Espero que a Localiza analise cuidadosamente a documentação apresentada e resolva a situação de forma transparente, justa e definitiva.",https://www.reclameaqui.com.br/localiza-aluguel-de-carros/cobranca-indevida-de-combustivel-e-divergencia-de-quilometragem-na-devolucao-de-veiculo-alugado-na-localiza_cutjWxuD5Lq3OLfH/,,Sinistro e Acidente
Aumento Desproporcional e Abusivo na Renovação de Contrato de Aluguel de Veículos,NÃO RESPONDIDA,Porto Alegre,RS,"Sou cliente da Localiza há anos e sempre mantive uma relação de uso responsável com a empresa, cuidando adequadamente dos veículos e sem histórico de avarias nos carros utilizados.

No entanto, fui surpreendido com uma proposta de renovação do contrato atual com um aumento de aproximadamente 47% no valor mensal, o que considero desproporcional e abusivo, especialmente considerando meu histórico como cliente e o fato de já estar há bastante tempo com o veículo atual.

O que chama ainda mais atenção é que, ao consultar um contrato novo, o valor apresentado pode sair mais em conta do que simplesmente manter o contrato atual. Ou seja, para pagar menos, eu teria que abrir um novo contrato e ainda trocar o carro que já estou acostumado a utilizar há anos, o que não faz sentido para um cliente recorrente.

Mesmo assim, os valores praticados atualmente em novos contratos também estão muito acima do que era cobrado anteriormente, tornando a continuidade do serviço cada vez menos viável.

Entendo que reajustes possam ocorrer, mas um aumento dessa proporção, sem uma justificativa clara e sem consideração pelo histórico de uso do cliente, causa grande insatisfação. Sempre cuidei bem dos veículos, nunca tive problemas com avarias e mantive uma relação estável com a empresa.

Diante disso, solicito que a Localiza reavalie as condições apresentadas e ofereça uma proposta mais justa e compatível com meu histórico como cliente, evitando que eu precise encerrar o contrato ou buscar alternativas no mercado.",https://www.reclameaqui.com.br/localiza-aluguel-de-carros/aumento-desproporcional-e-abusivo-na-renovacao-de-contrato-de-aluguel-de-veiculos_8sc4a_xlyZH8Q4f9/,,Sinistro e Acidente
Cobrança abusiva e enganosa de seguro em carro reserva na Localiza,NÃO RESPONDIDA,Salvador,BA,"Recentemente tive um sinistro com meu carro e fui à LOCALIZA da Av. Oceânica pegar o carro reserva pago pela minha seguradora. La chegando, para minha surpresa, fui informada de que o seguro do carro reserva não era completo e que, por segurança, e para evitar pagar 8 mil de franquia em caso de sinistro do carro em questão, teria um tal kit conveniência (ela nem usou esse termo e me colocou para assinar o contrato ) muito do mal explicado pela funcionária Ana, que me garantiria tranquilidade. Contrariada, mas receosa de acontecer algo com o carro, paguei o valor estipulado por ela (******* reais e pouco - que não sabia se tratar do aluguel por apenas 7 dias), certa de que valeria os trinta dias do aluguel de direito. Doce engano, o valor era de 50 reais /dia, o que em trinta dias me custou quase ******* reais + ******* reais dos sete dias adicionais que precisei. Detalhe: após os sete dias iniciais ela nem pediu autorização para continuar cobrando o seguro). Enfim, fui enganada e EXTORQUIDA sem saber o que estava acontecendo. Quem em sã consciência alugaria um carro cujo seguro é o mesmo valor ou valor superior ao próprio aluguel? Sem cabimento. Fui esclarecer os fatos, inclusive pedindo a meu cunhado advogado saber o que estava acontecendo, e depois de ser recebido de forma meio grosseira e pouco simpática pela gerente, tive que pagar a famigerada conta. Não voltarei nunca mais a essa locadora e não recomendo a ninguém.",https://www.reclameaqui.com.br/localiza-aluguel-de-carros/cobranca-abusiva-e-enganosa-de-seguro-em-carro-reserva-na-localiza_Bfc3_q3tazwdaKgb/,,Sinistro e Acidente
Cliente Platinum se sente [Editado pelo Reclame Aqui] após ter conta bloqueada e não obter suporte para desbloqueio,RESPONDIDA,São Paulo,SP,Efetuei uma reserva a 5 dias atrás pelo aplicativo quando cheguei na agência para retirar pelo fast fiz o pagamento e o colaborador avisou que minha conta esta bloqueada tendo em vista que trabalho com projeto educacional e necessito do msm para ir em fim não deram mais explicações tendo em vista que sou cliente Platinum e utilizo o serviço mandam ligar para o 0800 mais ninguém informa estou me sentindo totalmente [Editado pelo Reclame Aqui],https://www.reclameaqui.com.br/localiza-aluguel-de-carros/cliente-platinum-se-sente-apos-ter-conta-bloqueada-e-nao-obter-suporte-para-desbloqueio_lpOcZCF29lT5NkM7/,,Falha no App / Reserva
"Recusa de reserva e pagamento no aplicativo sem explicação, deixando cliente na rua",RESPONDIDA,Buritama,SP,"Fiz a reserva pelo aplicativo, estava tudo certinho. Quando chegou na hora de pegar o carro e fazer o pagamento, eles recusaram a minha ficha,nao falam o porque é sem transparência. Eu, com viagem marcada, tive que ficar na rua. Eu quero uma explicação.",https://www.reclameaqui.com.br/localiza-aluguel-de-carros/recusa-de-reserva-e-pagamento-no-aplicativo-sem-explicacao-deixando-cliente-na-rua_wNgqy6hppgWl9LVd/,,Falha no App / Reserva
Conta bloqueada sem explicação e sem transparência no atendimento,RESPONDIDA,Guarulhos,SP,"Título: Conta bloqueada sem explicação e sem transparência no atendimento

Aluguei um veículo com a Localiza, utilizei o carro normalmente e realizei a devolução sem qualquer ocorrência, multa, avaria ou pendência de minha parte.

Alguns dias depois, ao tentar realizar uma nova locação, descobri que minha conta havia sido bloqueada. Além disso, fui desconectado do aplicativo e não consigo mais acessar meu cadastro.

O que mais me incomoda é a falta de transparência. Entrei em contato para entender o motivo da restrição, porém não recebi uma explicação clara sobre o que aconteceu nem sobre quais critérios foram utilizados para essa decisão.

Como cliente, acredito que tenho o direito de receber informações objetivas sobre qualquer bloqueio ou restrição que afete meu cadastro, especialmente após cumprir corretamente todas as minhas obrigações contratuais.

Solicito que a Localiza esclareça formalmente o motivo do bloqueio, revise a situação do meu cadastro e forneça uma resposta transparente sobre o ocorrido.

Fico no aguardo de uma solução.",https://www.reclameaqui.com.br/localiza-aluguel-de-carros/conta-bloqueada-sem-explicacao-e-sem-transparencia-no-atendimento_9R59OBHXYCYsONNZ/,,Sinistro e Acidente
"Carros antigos e com problemas na Localiza, além de mau atendimento",NÃO RESPONDIDA,Santos,SP,"Tenho um carro, porém ele é mais antigo e como ia pegar estrada aluguei um na localiza pensando q iria pegar um carro novo e bom. O primeiro carro q eles queriam me dar estava aparecendo no painel q precisava de Óleo e o segundo estava com problema no freio e nas rodas, fazendo um barulho mt forte. Peguei o carro e andei 2km e fui devolver o carro. Eles queriam me colocar 94 reais de combustível. Resumindo. Lá só tem carro velho e com problema!!! E ainda por cima, fomos mau atendidos! Atendente *****",https://www.reclameaqui.com.br/localiza-aluguel-de-carros/carros-antigos-e-com-problemas-na-localiza-alem-de-mau-atendimento_408_gUWTdfxgLixf/,,Qualidade do Veículo
Cobrança Indevida,RESOLVIDO,Almenara,MG,"A Localiza fez uma cobrança errada por taxa de cancelamento no meu cartão, o cancelamento foi feito 32hrs da reserva",https://www.reclameaqui.com.br/localiza-aluguel-de-carros/cobranca-indevida_ZzdkcTGLY4xU6uzp/,10.0,Problema Financeiro
Impossibilidade de Recusar Seguros e Cobrança de Taxa de Aluguel Abusiva no Site da Localiza,NÃO RESPONDIDA,São Paulo,SP,"Preciso alugar um carro e pelo site da localiza eu não consigo recusar as proteções e seguros pois não há opção para isso.
Preciso que me digam exatamente como fazer essa rejeição dos seguros e proteções.
Outro ponto que aparece é uma taxa de aluguel de 15%, algo que não faz o menor sentido, a taxa do aluguel é o próprio valor do aluguel, como existe uma cobrança em cima de um custo que não seja opcional?",https://www.reclameaqui.com.br/localiza-aluguel-de-carros/impossibilidade-de-recusar-seguros-e-cobranca-de-taxa-de-aluguel-abusiva-no-site-da-localiza_PEYoeoy0iPIqdZ1I/,,Sinistro e Acidente
Cobrança indevida e promessa de reembolso não cumprida pela Localiza após devolução de veículo,NÃO RESPONDIDA,Rio de Janeiro,RJ,"Houve uma cobrança indevida por parte da Localiza no meu cartão de crédito após a devolução do veículo na agência do aeroporto em Manaus no dia *****. O atendente do balcão e o contato da Localiza Fidelidade via WhatsApp me garantiram que não seria feita a cobrança indevida. [Editado pelo Reclame Aqui], pois cobraram. Depois que a cobrança foi feita entrei novamente em contato com Localiza via WhatsApp e relatei o caso. A assistente de clientes ***** que entrou em contato por email me garantiu que o valor, que eles concordam ter sido indevidamente cobrado no meu cartão de crédito, seria devolvido. Me informaram por email que em até 48 horas iriam entrar em contato para pedir meus dados bancários, o que não aconteceu. Já se passaram 5 dias e o valor não foi reembolsado, ninguém entrou em contato. O protocolo interno deles sobre este caso é o *****, a locação foi a *****.

Nessa mesma locação, tive que devolver 3 carros pra Localiza, que apresentaram diversas falhas, em especial, da tranca do carro quebrar ao girar a chave nos modelos Mobi. Incrível que além de terem me causado um transtorno enorme durante a locação, pois tive que retornar ao aeroporto 3x em 4 dias, ainda cobraram o valor que prometeram não cobrar e até agora não devolveram o valor que prometeram devolver. Em anexo, fotos das mensagens que me enviaram em diversos dias atestando tudo isto que relatei. O protocolo interno deles sobre este caso é o *****. Incompetência em todos os níveis de serviço, péssima qualidade dos veículos, mas principalmente, um enorme desrespeito com o cliente.",https://www.reclameaqui.com.br/localiza-aluguel-de-carros/cobranca-indevida-e-promessa-de-reembolso-nao-cumprida-pela-localiza-apos-devolucao-de-veiculo_fRrq_NmEgmGhPZQs/,,Problema Financeiro
Bloqueio de cadastro e impossibilidade de cancelamento de reserva em aplicativo da Localiza,NÃO RESPONDIDA,Porto Alegre,RS,"Instalei o aplicativo da localiza com objetivo de fazer uma reserva de veículo de 1 dia. Registrei no aplicativo os meus dados pessoais, como CPF, endereço e cartão de crédito. O aplicativo verificou meu cartão e confirmou estar disponível. Efetuei a reserva e o aplicativo indicava que para fazer a retirada ""fast"" deveria proceder a reconhecimento facial, que não se concretizou e indicou apenas uma mensagem de dirigir-se ao balcão. Recebi via whatsapp a confirmação da reserva e aviso de que estava próxima no horário indicado. Ao chegar na loja do aeroporto salgado filho em Porto Alegre me dirigi ao balcão para informar sobre o reconhecimento facial e fui informado que meu cadastro estava bloqueado. Perguntei o motivo e me foi informado que somente via 0800. Então solicitei cancelamento da reserva e comprovante deste para certificar-me que não haveria cobrança de ""no show"". Fui informado pela supervisora da loja de que não seria possível. Ao informar então que efetuaria registro de ocorrência a supervisora encontrou uma maneira de cancelar a reserva.
Não tenho nada contra o direito da Localiza em recusar um cadastro. Mas não informar isso imediatamente no momento do cadastro e ANTES de efetuar a reserva me parece ação de má fé. Solicito que todos os meus dados sejam retirados do banco de dados da localiza.",https://www.reclameaqui.com.br/localiza-aluguel-de-carros/bloqueio-de-cadastro-e-impossibilidade-de-cancelamento-de-reserva-em-aplicativo-da-localiza_o9rYywmqvFJO1BXz/,,Problema Financeiro
"Cobrança de diferença de seguro não informada, cliente indignado e devolvendo o veículo",NÃO RESPONDIDA,São João del Rei,MG,"Eu recebi um boleto hoje com prazo para pagar na segunda feira. De algo que eu nem fui informado. Segundo a atendente que conversei após ligação e diferença de valores sobre cobertura seguro algo assim. Absurdo eu não fui informado dessa diferença. Pago as diárias e porque não foi atualizado os valores nas diárias por exemplo. Primeiro eu gostaria de ter sido informado. Já poderia estar pagando essa diferença ou até ter trocado o veículo para caber no meu orçamento. Hoje me aparece uma fatura de quase 3 mil
Sendo que já pago quase :6 mil por mês no aluguel. Estou indignado. Vou devolver segunda feira o veículo. Não concordo de não ter sido informado. E não me deram prazo ou possibilidade de pagar parcelado.",https://www.reclameaqui.com.br/localiza-aluguel-de-carros/cobranca-de-diferenca-de-seguro-nao-informada-cliente-indignado-e-devolvendo-o-veiculo_PiLoZgfRYb6fPV3F/,,Sinistro e Acidente
Péssimo atendimento presencial gerando um [Editado pelo Reclame Aqui],NÃO RESPONDIDA,Ribeirão Preto,SP,"Fiz uma locação com retirada em 27/05 para 7 dias, porém não utilizei todos os dias por problema de comunicação e operacional da empresa. Fiz a reserva com o km limitado uma vez que eu tinha uma rota específica para realizar, mas na retirada, adicionei o km ilimitado pois mudaria meu planejamento com a possibilidade de renovar o contrato para mais dias e claro que isso me gerou um custo de mais R$ 95,85 - Pois devido a cobrança de duas vezes o valor caução de 18 mil reais em cartões diferentes o banco bloqueou ambas as contas por questões de segurança e um deles não foi estornado de forma imediata conforme a orientação da atendente no balcão, a retirada foi realizada via app que apresentava problemas e mesmo indo no balcão presencialmente o contrato não foi aberto por elas, mas sim foi insistido pelas atendentes em que eu utilizasse o app e também tentasse utilizar outro cartão. Ou seja precisei retornar para minha cidade de origem antes do tempo e no final recebi um estorno e ainda não recebi o outro valor que me foi cobrado.

A localiza é uma excelente empresa com relação aos veículos, manutenção e organização interno, mas em atendimento presencial em que preciso resolver um problema real [Editado pelo Reclame Aqui] !!

Na minha cabeça não faz sentido um cliente ser tratamento maravilhosamente via digital e presencialmente no balcão o processo não ser o mesmo :/

[Editado pelo Reclame Aqui] poderia ser evitado se a [Editado pelo Reclame Aqui] tivesse aberto meu contrato no momento em que o app apresentou a primeira falha!

Diante disso, tive problema no trabalho, com a cia aérea pra voltar e com a reserva de hotel que precisei alterar A localiza [Editado pelo Reclame Aqui] na cidade Estou extremamente revoltado e decepcionado!!!!",https://www.reclameaqui.com.br/localiza-aluguel-de-carros/pessimo-atendimento-presencial-gerando-um-editado-pelo-reclame-aqui_1q1VWVG9VtB1vWvz/,,Problema Financeiro
Falha na comunicação sobre cobrança adicional após prorrogação de aluguel de veículo,RESPONDIDA,Conselheiro Lafaiete,MG,"No dia 04/05/2026 aluguei um veículo junto à Localiza, com devolução inicialmente prevista para 09/05/2026.

Antes do término do contrato, realizei a prorrogação diretamente pelo portal da empresa, estendendo a locação até 03/06/2026, conforme comprovante emitido pela própria Localiza.

Durante o processo de prorrogação, foi informado que eu possuía um saldo disponível de R$ 723,01, proveniente de pagamento anterior, e que esse valor seria automaticamente utilizado na renovação do contrato. O próprio sistema apresentou um demonstrativo indicando:

* Valor da prorrogação: R$ 516,06;
* Saldo disponível: R$ 723,01;
* Total da prorrogação: -R$ 206,95.

Ou seja, a informação transmitida ao consumidor era de que o saldo existente era suficiente para cobrir a prorrogação, restando inclusive crédito favorável.

Em nenhum momento durante a contratação original, durante a prorrogação ou em qualquer comunicação posterior fui informado de que existiria uma cobrança adicional de aproximadamente R$ 3.470,11 ao final do contrato.

Para minha surpresa, somente no momento da devolução do veículo fui informado da existência desse débito e posteriormente recebi boleto no valor de R$ 3.470,11.

Considero a situação extremamente grave, pois houve evidente falha de transparência e de informação ao consumidor. Caso existissem valores adicionais relevantes, estes deveriam ter sido claramente apresentados antes da confirmação da prorrogação, permitindo que eu avaliasse os custos reais da locação.

Solicito:

1. A suspensão da cobrança de R$ 3.470,11;
2. A comprovação de que fui previamente informado sobre essa cobrança durante o processo de prorrogação;
3. A suspensão de qualquer medida de cobrança até o esclarecimento definitivo do caso.

Ressalto que possuo capturas de tela do portal da Localiza demonstrando que a prorrogação foi confirmada com utilização do saldo existente e sem indicação clara da geração de nova cobrança de valor tão elevado.

Caso a situação não seja solucionada administrativamente, avaliarei a adoção das medidas cabíveis junto aos órgãos de defesa do consumidor, inclusive Procon e Poder Judiciário, diante da possível violação do dever de informação previsto no Código de Defesa do Consumidor.

Atenciosamente,

*****",https://www.reclameaqui.com.br/localiza-aluguel-de-carros/falha-na-comunicacao-sobre-cobranca-adicional-apos-prorrogacao-de-aluguel-de-veiculo_cr5RxN0_MYFGil2z/,,Problema Financeiro
"Cadastro bloqueado indevidamente e exige justificativa e liberação para prorrogação de contrato, sob risco de danos materiais e morais.",RESPONDIDA,Porecatu,PR,"Bom dia.
Manifesto esta reclamação pelo fato ocorrido;
Sou Cliente Localiza a mais de 15 anos, em especial nos últimos 3 anos com locações frequentes. Ao efetuar uma nova reserva para retirada do veiculo no Aeroporto de Sinop-MT solicitada via aplicativo a mensage ERRO, sua reserva não pode ser confirmada. Favor entrar em contato com Assistência ao Clientes 24H - ***** liguei a para minha surpresa estou com cadastro bloqueado.
Ressalto um ponto estou com um carro locado a mais de 45 dias, sempre renovando a locação, pagamentos em dia (via Cartão de Credito), pago o seguro na modalidade intermediário ou completo, justamente para maior segurança em caso de sinistros. Locação sempre com KM livre. Ou seja, pago sempre a mais para evitar surpresas na hora da devolução;
Efetuo a locação para trabalho. É imperativo pontuar que possuo idoneidade financeira incontestável, score de crédito exemplar, histórico absolutamente limpo perante os órgãos de proteção ao crédito (SPC/Serasa) e nenhuma infração grave de trânsito em seu nome. A imposição de um ""bloqueio automático"" e imotivado no exato momento da retirada configura um artifício intolerável de quebra unilateral de contrato.
Um fato ocorrido a menos de 3 semanas foi que passei em um buraco e houve dano no pneu, solicitei a troca do veiculo na unidade de Tanguara da Serra-MT, porem não havia carro disponível, efetuou a troca do pneu, esperei por mais de 4 horas entre a solicitação e finalização do reparo. Atrasei de ir ao trabalho, com uma perda financeira pois trabalho por hora, mas tudo certo.
Trata-se de um relato de flagrante desrespeito ao consumidor e evidente prática abusiva de poder.
Não foi avisado previamente, comprado passagem área para o destino e no pior momento para deslocamento ao Cliente em uma viagem programada ocorre esse problema sendo surpreendidos na ligação de atendimento. A justificativa apresentada pelos prepostos seguiu o conhecido roteiro genérico da empresa: uma suposta ""inconsistência ou bloqueio administrativo de cadastro"", e da imposição de uma carência de 180 dias para novas tentativas.
Acha que não piora? Piora! Como mencionei estou com carro locado contrato ***** a devolução esta agenda para 31/05, não consigo prorrogar para devolver data 02/06. Atendente me informou pode ocorrer o bloqueio do veiculo. Estou a quase 500km da agencia de retirada do veiculo da Localiza, carro tem localizador, e havendo o bloqueio terá consequencias pois ferramental que trabalho são alto valor agragado, não constitui mero ""transtorno comercial"", mas sim uma falha sistêmica na prestação do serviço que atrai a responsabilidade civil objetiva da empresa pelo evidente dano moral provocado. O Artigo 39, inciso IX, que tipifica como prática abusiva a recusa de atendimento às demandas dos consumidores na exata medida de suas disponibilidades de estoque e prestação de serviços. Desejamos que esta manifestação seja analisada por um departamento de ouvidoria ou corpo jurídico real, e não por respostas parametrizadas ou robôs de atendimento (scripts de ""análise de perfil""), os quais apenas chancelarão a litigância judicial que se seguirá.
Exigimos uma justificativa técnica, formal e transparente acerca do exato critério que motivou o suposto bloqueio de um cidadão com cadastro ilibado, sob pena de adoção das medidas cabíveis junto aos órgãos de proteção ao consumidor (Procon) e o imediato ajuizamento de ação de reparação por danos morais e materiais perante o Juizado Especial Cível (JEC).
Aguardo um posicionamento condizente com a gravidade do ato.",https://www.reclameaqui.com.br/localiza-aluguel-de-carros/cadastro-bloqueado-indevidamente-e-exige-justificativa-e-liberacao-para-prorrogacao-de-contrato-sob-risco-de-danos-materiais-e-morais_9v9Gd9Z1P-fqidLg/,,Sinistro e Acidente
Promoção de Pontos Livelo não creditados após compra na Localiza,NÃO RESPONDIDA,Carapicuíba,SP,"Venho registrar reclamação formal referente a uma compra realizada junto à Localiza, por meio da promoção divulgada pela Livelo de 10 pontos a cada R$ 1,00 gasto.
Informo que realizei todo o processo de compra corretamente, seguindo as regras da campanha e o fluxo indicado pela Livelo. Inclusive, para resguardar meus direitos, tirei prints da tela e gravei todo o processo, mantendo evidências robustas de que a contratação foi feita dentro das condições promocionais anunciadas.
Entretanto, até o presente momento, os pontos correspondentes não foram creditados na minha conta Livelo, o que configura falha no cumprimento da oferta apresentada ao consumidor.
Diante disso, solicito a apuração imediata do caso e o crédito urgente dos pontos devidos, conforme a promoção vigente no momento da contratação.
Caso a situação não seja resolvida de forma breve, informo que adotarei as medidas cabíveis, incluindo o registro de reclamação junto ao PROCON, além de outros órgãos de defesa do consumidor, com base nas provas já preservadas.
Aguardo retorno com urgência.

Atenciosamente,",https://www.reclameaqui.com.br/localiza-aluguel-de-carros/promocao-de-pontos-livelo-nao-creditados-apos-compra-na-localiza_M49MU9scob7OJYCd/,,Falha no App / Reserva
Cobrança indevida e bloqueio de nome após cancelamento forçado de reserva de carro - Localiza,RESPONDIDA,Belo Horizonte,MG,Eu tinha uma reserva de um carro com a localiza pro dia 28 tentei alterar a data pois pra mim chega no local pegando dia 28 seria tarde sendo q eu indo tb dia 28 eles n me deram garantia da locação falou q ainda tinha uma análise ai por medo e ora adianta a viagem tentei a alteração pro dia 27 no fim eles me obrigaram a fazer o cancelamento pois falaram q ja tinha passado o prazo pra alteração paguei o valor de 353.00 n tem poblema mas ja q me obrigaram a fazer o cancelamento seria q eles iria libera o carro neh no final tentei fazer a reserva e eles me mandaram msm dizendo q meu nome n estava aprovado ou seja estava aprovado entao so pra eles ne cobra 353.00 de cancelamento e hj eu tento falar com eles n consigo eles bloquearam meu appn n consigo abrir pra constatar a cobrança fora q pra mim consegui fazer a viagem tive constrangimento pois precisei se terceiro pra alugar um carro pra mim viajar pois eles falaram q me nome n estava apto resolve isso localiza agora como n esta apto ora aprovação mas pra cobra cancelamento esta ótimo pf neh aguardo retorno de vcs,https://www.reclameaqui.com.br/localiza-aluguel-de-carros/cobranca-indevida-e-bloqueio-de-nome-apos-cancelamento-forcado-de-reserva-de-carro-localiza_ToHzgmQjblEwBs_6/,,Problema Financeiro
Aluguel de carro com pneu murcho e calota mal instalada causa perda de evento e atraso de mais de 2 horas.,RESPONDIDA,Campinas,SP,"Eu e meu namorado alugamos um carro no aeroporto de Brasília e tinhamos uma evento na Chapada dos Veadeiros que fica a 3h de distância.
O carro estava sujo e depois de rodar um pouco começou a dar sinal de pneu murcho. Paramos em um posto para encher o pneu e quando vimos a calota estava colocada ao contrário o que fez com que o bico de encher o ar estivesse inacessível além de ser altamente perigoso de rodar com o carro assim.
Mas nisso já estávamos na estrada para o nosso evento a 50km de distância. Tivemos que voltar todo o percurso para ir na agência da localiza e a única coisa que fizeram foi trocar nosso carro por um de mesma categoria. Perdemos nosso evento pois tudo isso nos causou mais de 2h de atraso e eles nem aumentaram nossa diária para o horario de retirada do segundo veículo, perdemos tempo de viagem que não nos foi restituído.
A atendente disse que não podia fazer nada apenas abrir um caso fidelidade para que nós pudéssemos ter a chance de receber algum desconto na próxima, o que é inadmissível visto que já perdemos toda a confiança na empresa que não se deu ao trabalho nem de conferir os pneus do carro antes de oferecer ao cliente.",https://www.reclameaqui.com.br/localiza-aluguel-de-carros/aluguel-de-carro-com-pneu-murcho-e-calota-mal-instalada-causa-perda-de-evento-e-atraso-de-mais-de-2-horas_riEW1UreJviJ5dsS/,,Problema Financeiro
Cobrança Indevida Localiza,RESPONDIDA,Contagem,MG,"Hoje 30/06/2026 recebi uma notificação de compra no meu cartão sobre uma reserva de veículo na localiza na agência de Congonhas-SP sendo que estou na Bahia, assim que percebi a compra indevida acessei o app da localiza e não constava nenhum registro além de uma locação que fiz no mês de Abril.
Entrei em contato com a operadora do cartão para contestar e sinalizar que não reconheço nenhuma compra com o valor creditado.
Algumas horas depois acessei novamente o app da localiza e lá constava uma reserva com status Noshow e uma fatura disponível referente a uma cobrança de taxa Noshow.
Gostaria de deixar claro que não fiz nenhuma reserva e fiquei preocupado como a Localiza trata os dados dos seus clientes, muita insegurança",https://www.reclameaqui.com.br/localiza-aluguel-de-carros/cobranca-indevida-localiza_4ALLHRP89NyfrXJe/,,Problema Financeiro
Cobrança indevida e abusiva,NÃO RESPONDIDA,São Paulo,SP,"Em agosto de 2025 fiz uma locação com proteção total de avarias. Houve avaria numa porta (raspou) e na vistoria da devolução (realizada de noite) foi-me informado que, conforme constava na proteção total não haveria cobranças.
Após 5 meses, recebi uma cobrança referente a suposto dano na tampa do bagagito. Porém, nenhuma outra avaria ou dano, além do dano na pintura, foi constatada quando da entrega do veículo, como se constata da íntegra do relatório de devolução do veículo.

Entrei em contato com a empresa e fui informada de que deveria quitar a cobrança para evitar medidas restritivas, inclusive junto ao Serasa Experian. Expondo que tal avaria não existia quando da devolução do veículo, conforme atesta o relatório de devolução do veículo, a Localiza apresentou fotos (aparentemente tiradas com luz solar, ou seja, de dia) do suposto dano, sem data e que não fizeram parte do relatório de devolução.
Por meses continuei recebendo mensagens de whatsapp, ligações, sms, emails com cobranças indevidas, o que me levou a enviar uma notificação extrajudicial à empresa, causando-me custos também financeiros, além de todo desgaste.",https://www.reclameaqui.com.br/localiza-aluguel-de-carros/cobranca-indevida-e-abusiva_Jvdh_aS6dV4-eVeH/,,Sinistro e Acidente
Bloqueio abusivo de cadastro em balcão de retirada (Navegantes/SC) Descumprimento deliberado do Art. 35 e 39 do CDC,RESPONDIDA,Feira de Santana,BA,"Manifesto esta reclamação em nome do meu pai, titular da reserva de locação de veículo, efetuada com 3 semanas de antecedência para retirada na agência do Aeroporto de Navegantes (SC). Trata-se de um relato de flagrante desrespeito ao consumidor e evidente prática abusiva, estruturada para contornar obrigações contratuais no momento da entrega do bem.
Após semanas de planejamento familiar, com a reserva devidamente confirmada e garantida pela plataforma da Localiza, fomos surpreendidos no balcão de atendimento com a recusa sumária de cumprimento da oferta. A justificativa apresentada pelos prepostos seguiu o conhecido roteiro genérico da empresa: uma suposta ""inconsistência ou bloqueio administrativo de cadastro"", acompanhada da devolução dos valores e da imposição de uma carência de 180 dias para novas tentativas.
É imperativo pontuar que o titular da reserva possui idoneidade financeira incontestável, score de crédito exemplar, histórico absolutamente limpo perante os órgãos de proteção ao crédito (SPC/Serasa) e nenhuma infração de trânsito em seu nome. A imposição de um ""bloqueio automático"" e imotivado no exato momento da retirada configura um artifício intolerável de quebra unilateral de contrato.
A conduta da Localiza viola frontalmente o Código de Defesa do Consumidor, em especial:
1 O Artigo 35, inciso I, que assegura ao consumidor o direito de exigir o cumprimento forçado da obrigação, nos termos da oferta, apresentação ou publicidade;
2 O Artigo 39, inciso IX, que tipifica como prática abusiva a recusa de atendimento às demandas dos consumidores na exata medida de suas disponibilidades de estoque e prestação de serviços. A engenharia dessa recusa no balcão, após semanas de retenção da reserva, não constitui mero ""transtorno comercial"", mas sim uma falha sistêmica na prestação do serviço que atrai a responsabilidade civil objetiva da empresa pelo evidente dano moral provocado, expondo a família a situação de vulnerabilidade em região turística.
Desejamos que esta manifestação seja analisada por um departamento de ouvidoria ou corpo jurídico real, e não por respostas parametrizadas ou robôs de atendimento (scripts de ""análise de perfil""), os quais apenas chancelarão a litigância judicial que se seguirá.
Exigimos uma justificativa técnica, formal e transparente acerca do exato critério que motivou o suposto bloqueio de um cidadão com cadastro ilibado, sob pena de adoção das medidas cabíveis junto aos órgãos de proteção ao consumidor (Procon) e o imediato ajuizamento de ação de reparação por danos morais e materiais perante o Juizado Especial Cível (JEC).
Aguardo um posicionamento condizente com a gravidade do ato",https://www.reclameaqui.com.br/localiza-aluguel-de-carros/bloqueio-abusivo-de-cadastro-em-balcao-de-retirada-navegantessc-descumprimento-deliberado-do-art-35-e-39-do-cdc_GZLyy8Q_a7xsGIU5/,,Sinistro e Acidente
"Impedimento no cadastro de cliente para aluguel de carro, com solicitação de remoção de restrição.",RESPONDIDA,União da Vitória,PR,"Nunca aluguei um carro no Brasil. Porém precisei fazer uma reserva urgente pois meu carro ficou na revisão, fiz o cadastro no site da Localiza e recebi uma mensagem que meu cadastro não foi aprovado por restrições. Cabe destacar que nunca tive nome negativado pelos órgãos competentes, nenhuma multa de trânsito, nenhum processo judicial, nada que me desabone.
Gostaria de saber qual é o impedimento para gerar tal restrição e que seja retirada imediatamente.",https://www.reclameaqui.com.br/localiza-aluguel-de-carros/impedimento-no-cadastro-de-cliente-para-aluguel-de-carro-com-solicitacao-de-remocao-de-restricao_Y8hhbzRijjX-ae8B/,,Bloqueio de Cadastro
Localiza: Propaganda Enganosa - Desconto não aplicado para clientes existentes,NÃO RESPONDIDA,Campos Belos,GO,"Sou cliente localiza e fico insatisfeito com as pegadinhas que existem nessa empresa que nos desabonam como cliente, tem um post que fala assim: BAIXE O APLICATIVO FAÇA SUA RESERVA E GANHE 15% DE DESCONTO fui lá baixei o aplicativo quando coloquei o cupom entra uma mensagem, vc não é DIGNO DE DESCONTO VC JÁ É CLIENTE! Isso causa uma chateação na gente grande vc vê o post faz toda a sua programação pq a vida não está fácil e a localiza ao invés de te ajudar atrapalha, fica aqui consumidor a minha reclamação não acredite em tudo que a localiza te oferece.",https://www.reclameaqui.com.br/localiza-aluguel-de-carros/localiza-propaganda-enganosa-desconto-nao-aplicado-para-clientes-existentes_tq17ksmbwn9Qrlec/,,Problema Financeiro
Contestação de cobrança de diária adicional de veículo reserva e divergência em data de devolução,RESPONDIDA,Guarulhos,SP,"Prezados,
Venho formalmente contestar a cobrança de diária adicional referente ao veículo reserva que utilizei enquanto meu veículo próprio permanecia em reparo na oficina.
Desde o início da locação, recebi a informação, inclusive por e-mail, de que a reserva permaneceria ativa até o dia 01/06. Em nenhum momento fui previamente comunicada sobre qualquer alteração da data de devolução para o dia 29/05.
Somente após essa suposta alteração fui informada de que seria cobrada uma diária adicional, o que considero indevido, uma vez que agi de acordo com as informações oficiais que me foram fornecidas.
Além disso, ao buscar realizar a devolução do veículo, fui orientada de que teria até as 15h para entregá-lo. No entanto, ao tentar efetuar a devolução, constatei que a agência já estava fechada, impossibilitando o cumprimento da orientação recebida.
Dessa forma, solicito:
O cancelamento integral da cobrança da diária adicional;
A revisão do atendimento prestado e das informações divergentes fornecidas;
O envio de resposta formal por escrito sobre esta contestação.
Possuo os e-mails e demais registros que comprovam que a data de devolução informada era 01/06 e que não houve comunicação prévia da alteração mencionada.
Aguardo retorno e solução do caso.
Atenciosamente",https://www.reclameaqui.com.br/localiza-aluguel-de-carros/contestacao-de-cobranca-de-diaria-adicional-de-veiculo-reserva-e-divergencia-em-data-de-devolucao_w19bRw8V0ARqS7hS/,,Problema Financeiro
Cobrança abusiva de aluguel mensal após reajuste sem comunicação adequada e devolução imediata do veículo,NÃO RESOLVIDO,Recife,PE,"Cobrança abusiva após reajuste sem comunicação adequada e devolução imediata do veículo

Sou cliente da Localiza na modalidade de aluguel mensal há mais de um ano e, durante todo esse período, nunca enfrentei qualquer situação semelhante.

No início do novo ciclo mensal, como ocorre habitualmente, a Localiza lançou a fatura referente aos próximos 30 dias de utilização do veículo. Entretanto, para minha surpresa, o valor sofreu um reajuste de aproximadamente R$ 1.*******,00, sem qualquer contato prévio por telefone ou WhatsApp, que são justamente os canais normalmente utilizados pela empresa para comunicação com seus clientes.

Ao questionar o aumento, a Localiza alegou que havia enviado um e-mail informando sobre a alteração do valor. Contudo, o e-mail apresentado pela empresa não foi enviado na data informada durante o atendimento e tampouco continha as informações que alegaram ter comunicado. Além disso, o próprio e-mail informava que eu poderia devolver o veículo até o dia 26/05 sem a incidência do reajuste.

Assim que recebi a nova cobrança, realizei a devolução do veículo em aproximadamente 6 horas, justamente para evitar a renovação da locação nas novas condições impostas. ******* que o aluguel mensal da Localiza funciona na prática como uma cobrança antecipada: a empresa calcula o valor dos próximos 30 dias e realiza a cobrança antes do período de utilização.

Mesmo tendo devolvido o veículo imediatamente após tomar conhecimento do reajuste, a Localiza insiste em cobrar o valor integral do novo contrato mensal, como se o veículo tivesse permanecido comigo durante todo o período contratado.

O que torna a situação ainda mais contraditória é que, no mesmo dia da devolução, realizei uma nova locação em categoria inferior. Como ocorre em toda locação mensal, foi exigido um novo depósito de segurança correspondente ao período contratado. Ou seja, a própria empresa reconheceu o encerramento da locação anterior e iniciou uma nova contratação, mas, ainda assim, tenta cobrar integralmente uma mensalidade referente a um veículo que já havia sido devolvido.

Busquei resolver a situação através do SAC Financeiro, sendo atendido pelo colaborador Lucas. Infelizmente, não houve qualquer esforço para compreender os fatos apresentados. Em vez de analisar a situação de forma razoável, o atendimento limitou-se a defender a posição da empresa, sem considerar que a devolução foi realizada imediatamente após a ciência do reajuste.

Sinto-me profundamente [Editado pelo Reclame Aqui] como consumidor. Após mais de um ano de relacionamento com a Localiza, esperava transparência, boa-fé e respeito ao cliente. Não considero justa a cobrança integral de um período que não foi utilizado, especialmente diante da devolução imediata do veículo após a comunicação do aumento.

Solicito a revisão da cobrança realizada, o cancelamento dos valores indevidos e uma análise coerente dos fatos, considerando a dinâmica da locação mensal, a devolução imediata do veículo e a evidente ausência de comunicação adequada sobre o reajuste aplicado.",https://www.reclameaqui.com.br/localiza-aluguel-de-carros/cobranca-abusiva-de-aluguel-mensal-apos-reajuste-sem-comunicacao-adequada-e-devolucao-imediata-do-veiculo_WJ2zAQ1FXxQkvGCh/,5.0,Problema Financeiro
Falha no veículo alugado pela Localiza causa transtornos e prejuízos em viagem familiar,NÃO RESPONDIDA,Rio de Janeiro,RJ,"Bom dia !
Venho registrar minha indignação com a experiência extremamente negativa que tive com a Localiza em minha primeira locação com a empresa.
Retirei um veículo 2026 acreditando estar contratando segurança, tranquilidade e suporte adequado para uma viagem especial em família. Porém, desde o início da locação, enfrentei problemas graves com o carro e total falta de assistência eficiente.
Assim que cheguei ao meu condomínio para pegar as malas, o veículo apresentou falha e não funcionou. Entrei em contato com a central e, após orientação telefônica, o carro voltou a funcionar temporariamente. Mesmo preocupada, retornei à agência antes de viajar buscando auxílio presencial, porém fui orientada novamente a resolver tudo apenas pela central, o que já me causou atraso e perda de parte do meu dia.
No dia seguinte, já em Campo de Jordão, o veículo voltou a apresentar defeito e parou definitivamente. Eu já possuía passeios pagos e programados, mas perdi completamente meu dia, pois o carro substituto só chegou por volta das 16h. O veículo precisou inclusive sair de reboque, comprovando a gravidade do problema.

Além de perder praticamente todo meu final de semana, ainda tive gastos extras com táxi para conseguir me locomover e me alimentar, já que estava hospedada em região de serra sem estrutura próxima.
O mais decepcionante foi a falta de empatia e suporte da empresa diante de uma situação que claramente não foi causada por mim.

Essa viagem tinha um significado emocional importante, pois foi planejada após eu ter passado recentemente por um [Editado pelo Reclame Aqui] e estar sem veículo próprio. Infelizmente, o que deveria ser um momento de descanso e comemoração se transformou em estresse, frustração e prejuízo financeiro.",https://www.reclameaqui.com.br/localiza-aluguel-de-carros/falha-no-veiculo-alugado-pela-localiza-causa-transtornos-e-prejuizos-em-viagem-familiar_qRpiV4AiidgTa9m6/,,Qualidade do Veículo
Cobrança indevida e falha no aplicativo da Localiza durante locação de veículo,RESPONDIDA,Ipatinga,MG,"Venho por meio desta manifestar minha profunda insatisfação com a experiência vivenciada na locação de um veículo para uma viagem ao Distrito Federal, realizada recentemente.

Há mais de 30 dias, realizei uma reserva pelo aplicativo da Localiza com o valor aproximado de R$ 300,00. No momento da reserva, inseri um horário de devolução posterior ao de retirada e, como o sistema não indicou cobrança adicional por esse intervalo, entendi que o valor exibido estava correto.

No entanto, minha experiência foi negativa desde o início devido aos seguintes pontos:

Falha no Aplicativo: No momento de retirar o veículo, o aplicativo apresentou instabilidades (bug), impedindo a conclusão do processo digital e me obrigando a realizar todo o atendimento presencial.

Divergência de Valores: Ao ser atendido no balcão, fui surpreendido com uma cobrança superior ao valor que constava no aplicativo. O atendente, além de não justificar claramente a diferença, demonstrou extrema morosidade no processo burocrático de liberação.

Venda Casada/Indução ao Erro: Para evitar ser cobrado por um valor que considerei abusivo devido a um atraso que sequer havia ocorrido, senti-me pressionado a solicitar uma diária adicional, pela qual me cobraram mais R$ 30,00.

Devido à frustração e ao estresse causados por essa sequência de falhas no sistema e pela ineficiência no atendimento, acabei devolvendo o veículo antes do prazo planejado.

Diante do exposto, solicito a revisão da cobrança realizada e a devida compensação pelos transtornos causados, visto que a falha do aplicativo e a divergência de informações no momento da contratação prejudicaram severamente o planejamento da minha viagem.

Aguardo um retorno breve com uma solução para o reembolso da diferença cobrada indevidamente.",https://www.reclameaqui.com.br/localiza-aluguel-de-carros/cobranca-indevida-e-falha-no-aplicativo-da-localiza-durante-locacao-de-veiculo_vf_wNQ8Ac5zDLNEZ/,,Problema Financeiro
Cobrança indevidas / Aumento de diárias,NÃO RESPONDIDA,São Paulo,SP,"Bom dia!!!
Inicie minha locação em 18/02/26 e estou ate o momento com o veiculo , porém na data de hoje fui surpreendido com o valor das minhas diárias , pois a cada 2 , 3 dias eu renovo , sempre pago em torno de 320,00 por 3 dias , e hoje me deparei com 707,00 , meu contrato ( contrato em enexo )está em torno de 140,00 a diária ja com seguros e encargos, também efetuei um pagamento de 771,00 ( comprovante de pagamento em anexo ) na data de 26/05 que a atendente nao solbe me explicar e disse que não consta o pagamento, preciso do veículo mas alguns dias , so quero acertar minhas diárias e renovações, fico no aguardo para resolução dos problemas.",https://www.reclameaqui.com.br/localiza-aluguel-de-carros/cobranca-indevidas-aumento-de-diarias_kZXaVIUzCJ9WM-kk/,,Sinistro e Acidente
Insatisfação com o serviço de TAG da Localiza que não funcionou em pedágio,NÃO RESPONDIDA,Curitiba,PR,"Gostaria de registrar minha insatisfação com uma experiência recente em uma locação com a Localiza.

Sou cliente da empresa há bastante tempo e sempre enxerguei a Localiza como uma referência em praticidade e confiança. Justamente por isso me senti à vontade para contratar o serviço de TAG, esperando ter a tranquilidade e a agilidade que ele promete durante a viagem.

Infelizmente, na prática, a experiência foi completamente diferente.

Ao chegar ao pedágio, a TAG simplesmente não funcionou. Em vez de conseguir seguir viagem normalmente, precisei parar e aguardar atendimento manual, permanecendo cerca de 15 minutos na praça de pedágio, até alguém da equipe do Sem Parar me atendesse, até conseguir resolver a situação e ser liberado (a resolução é que eu tive que passar nos outros pedágios normalmente, sem passar pelo sem parar, dado que a TAG constava bloqueada).

Foi uma situação extremamente desconfortável e desgastante. Além da demora e do constrangimento de ficar parado sem entender por que o serviço contratado não estava funcionando, houve também a preocupação e a insegurança naquele momento, com fila se formando atrás e toda a expectativa de praticidade se transformando em transtorno.

O que mais me incomodou foi justamente isso: independentemente do veículo locado ou do valor pago, quando um serviço adicional é oferecido e contratado, a expectativa mínima é de que ele funcione corretamente. A proposta da TAG é justamente evitar paradas e trazer comodidade. Quando acontece o oposto, a experiência acaba ficando muito abaixo do esperado.

Faço este registro porque sempre tive uma boa relação com a Localiza e continuo reconhecendo a empresa como uma grande referência no mercado. Mas justamente por confiar na marca e já ter tido boas experiências anteriores, essa situação gerou uma frustração ainda maior.

Espero sinceramente que a empresa avalie o ocorrido com atenção, verifique o que aconteceu com o serviço terceirizado responsável pela TAG e trate esse tipo de situação com o cuidado necessário, para que outros clientes não passem pelo mesmo desgaste.

Obrigado pela atenção.",https://www.reclameaqui.com.br/localiza-aluguel-de-carros/insatisfacao-com-o-servico-de-tag-da-localiza-que-nao-funcionou-em-pedagio_7sPdosOLk7WCdABY/,,Tempo de Atendimento
Impossibilidade de Atualização de CNH no Cadastro da Localiza - Necessidade de Orientação sobre Canal Digital,NÃO RESPONDIDA,São Paulo,SP,"Olá,

Sou cliente da Localiza (cadastro no e-mail ***** / CPF *****) e renovei minha CNH recentemente. Com a emissão da nova carteira, o documento que está cadastrado no meu perfil deixou de ser válido, e preciso atualizá-lo anexando o arquivo da nova CNH.

Acontece que não encontro nenhuma opção no site ou no aplicativo para atualizar a CNH ou enviar o novo documento. E, neste momento, não consigo comparecer a uma loja física para resolver isso presencialmente.

Peço que a Localiza me oriente sobre qual canal devo usar para enviar minha nova CNH digitalmente e atualizar meu cadastro, de modo que minhas informações fiquem corretas e válidas para futuras locações.

Fico no aguardo do retorno com as instruções.

Obrigado.",https://www.reclameaqui.com.br/localiza-aluguel-de-carros/impossibilidade-de-atualizacao-de-cnh-no-cadastro-da-localiza-necessidade-de-orientacao-sobre-canal-digital_YGw1MvkDMGdKVlNc/,,Falha no App / Reserva
"Problemas com reserva de carro: falha no desbloqueio, mau atendimento, carro sujo e luz de advertência no painel",NÃO RESPONDIDA,Carmo do Rio Verde,GO,"Reservei um carro pelo aplicativo. Deveria pegá-lo às 7h no ***** com desbravamento automático. Não funcionou. A agência abriu 7h24. Demorou uns 30 minutos para me direcionar à agência di aeroporto de *****. Aqui o atendimento feito pelo ***** foi bastante grosseiro, com piadas desnecessárias. Daí em diante comecei a gravar a conversa. Me entregaram o carro molhado. Ok. Saímos e uma luz amarela acendia no painel toda vez que acelerava. Voltei. O técnico não sabe a razão de a luz acender. É preciso trocar outra vez. O carro não está higienizado. Estou esperando. Já são 9h. Ou seja, duas horas de atraso. E ainda estou aqui sem solução.",https://www.reclameaqui.com.br/localiza-aluguel-de-carros/problemas-com-reserva-de-carro-falha-no-desbloqueio-mau-atendimento-carro-sujo-e-luz-de-advertencia-no-painel_uAIrHJFvsrEaBPlV/,,Falha no App / Reserva
"Problema com aluguel de carro na Localiza: reserva feita, mas não pude retirar o veículo.",RESPONDIDA,São João de Meriti,RJ,"Ola estou muito chateado com a localiza ,fiz uma reserva na sexta feira e ai tudo bem ,mas quanto fui pagar para retirar o carro não consegui, porque nao falaram o aplicativo gastei tempo e dinheiro com UBER e agora só posso tentar novamente depois de 180 dias isso e um absurdo que explicações porque nao não me alugaram o carro",https://www.reclameaqui.com.br/localiza-aluguel-de-carros/problema-com-aluguel-de-carro-na-localiza-reserva-feita-mas-nao-pude-retirar-o-veiculo_sy-3GYlZ_X0BsGN5/,,Falha no App / Reserva
Localiza - Aumento Abusivo de Preço em Aluguel de Veículo,RESOLVIDO,Camaçari,BA,"Gostaria de expressar minha insatisfação com a Localiza. Sou cliente assíduo e sempre a escolho para minhas viagens. Desta vez, planejei um aluguel de veículo do dia 22/06 ao dia 01/07, com custo de R$ 1.431,00. No entanto, precisei acrescentar mais 4 dias ao período da locação, alterando a retirada de 22/06 para 18/06.
Ao fazer uma simulação com essa alteração, o valor passou para R$ 6.358,00, representando um aumento de aproximadamente 344,30%. Considero esse reajuste extremamente abusivo e desproporcional.
É uma situação frustrante, especialmente porque eu estava contando com essa locação para aproveitar minhas férias. Espero que a Localiza possa reavaliar essa cobrança e oferecer uma explicação ou alternativa mais razoável para o caso.",https://www.reclameaqui.com.br/localiza-aluguel-de-carros/localiza-aumento-abusivo-de-preco-em-aluguel-de-veiculo_NT-xdrRud_mwwAr8/,10.0,Problema Financeiro
"Cobrança de R$462,00 por dano em placa de HB20 alugado na Localiza Recife, apesar de plano completo",RESOLVIDO,Uberlândia,MG,"Meu nome é
*****
Aluguel um carro HB 20 agência localiza aeroporto de recife
NO dia 21 /05/2026
A placa dianteira do veículo quebrou devido a oxidação ( ferrugem) , ficou um pedaço da base da placa presa com os respectivos parafusos de fixação, a mesma foi perdida
Me foi cobrado um valor absurdo
De 462.00 reais , me senti [Editado pelo Reclame Aqui]
Pois contratei o plano mais completo de coberturas",https://www.reclameaqui.com.br/localiza-aluguel-de-carros/cobranca-de-r46200-por-dano-em-placa-de-hb20-alugado-na-localiza-recife-apesar-de-plano-completo_2hmAhHXUrQwUTV-8/,10.0,Problema Financeiro
Cobrança Duplicada de Sinistro e Franquia de Terceiros Após 6 Meses,RESPONDIDA,Salvador,BA,"Aluguei um carro em novembro do ano passado, tive um sinistro e paguei tanto o do veícull quanto a franquia de terceiros no valor de R$4.000,00! 6 meses depois eu recebo em meu app do banco um boleto desconhecido referente a esse aluguel de R$4.800,00! Sair de la sendo informaodo que eu não precisaria pagar mais nada do total de mais de R$6.000,00 que agora era entre eles e o terceiro! O que acontece para que 6 meses depois eu receba algum boleto nesse valor?",https://www.reclameaqui.com.br/localiza-aluguel-de-carros/cobranca-duplicada-de-sinistro-e-franquia-de-terceiros-apos-6-meses_RQbuc0GxAk8-_LXG/,,Sinistro e Acidente
Carro reservado e indisponibilidade de veículo na categoria,NÃO RESPONDIDA,Belo Horizonte,MG,"Fiz uma reserva no App, devidamente confirmada, porém quando cheguei para buscar o carro, 21:30 de 29/5/26, não havia carro do grupo que reservei. Não sabiam o que havia acontecido e nem tinham carro do grupo reservado ou superior. Me deram um carro inferior, SEM DESCONTO PELO DOWNGRADE, cobrando o mesmo valor do grupo que não tinham o carro, depois de esperar quase uma hora. Péssimo atendimento da empresa, não foi culpa do atendente, que tentou de tudo. A falha foi da empresa. Péssimo tratamento com o cliente.",https://www.reclameaqui.com.br/localiza-aluguel-de-carros/carro-reservado-e-indisponibilidade-de-veiculo-na-categoria_OY1qmUtLXNLopbon/,,Problema Financeiro
Cobrança indevida de condutor adicional em aluguel de carro por cliente Platinum,RESPONDIDA,Jundiaí,SP,"Aluguei um carro na Localiza agência do aeroporto cidade de Passo Fundo-RS por 30 dias, retirei no dia ***** e entreguei hoje *****.
Sou cliente fidelidade Localiza n ***** categoria Platinum, qual consta no aplicativo da Localiza que tem direito a locar carro com 1 condutor adicional grátis em cada contrato de locação conforme print da tela do meu celular que segue anexo.
Quando retirei o carro no dia ***** foi me entregue um contrato no valor de R$ 3.691,79 referente a locação dos 30 dias qual não consta despesas com condutor adicional justamente por eu ser cliente platinum, a própria pessoa que me atendeu (*****) confirmou quando eu passei os dados do condutor adicional. Hoje fui entregar o carro e me cobraram no cartão um valor adicional de R$ 722,77, olhei o contrato de fechamento que recebi em seguida por e-mail qual diz que neste valor consta a cobrança de R$ 598,50 referente a condutor extra, o restante R$ 124,27 na fatura não explica de onde é.
Me sinto completamente [Editado pelo Reclame Aqui] por não poder fazer nada, uma vez que a Localiza tem os dados do meu cartão e pode cobrar ao valor que quiser sem mesmo me avisar, este comportamento da Localiza não é justo.
Quero meu dinheiro R$ 722,77 de volta por ser uma cobrança indevida. Anexo segue copia do contrato da retirada, cópia do contrato que recebi hoje com o valor adicional e print da tela do meu celular dizendo que por ser cliente platinum tenho este serviço grátis.
Aguardo retorno.
*****
*****",https://www.reclameaqui.com.br/localiza-aluguel-de-carros/cobranca-indevida-de-condutor-adicional-em-aluguel-de-carro-por-cliente-platinum_k-xcFgdZ05lksquC/,,Problema Financeiro
Multas quitadas constando como pendentes na CNH e cobrança acima do valor oficial,NÃO RESPONDIDA,Rio de Janeiro,RJ,"Aluguei um veículo da Localiza em março de ******* (placa *******). Durante o período de locação, foram registradas duas infrações de trânsito, ambas em 20/03/*******:

* AIT J007683216 excesso de velocidade >20% a 50%
* AIT J007683749 excesso de velocidade até 20%

Paguei os boletos emitidos pela Localiza via Pix em 29/04/*******, totalizando R$ *******,66 (R$ *******,99 + R$ *******,67), com destino à conta da Localiza Rent a Car SA. Tenho ambos os comprovantes.

Problema 1 Multas ainda constando como não pagas:
Mesmo após o pagamento, as duas multas seguem registradas como pendentes no aplicativo da CTPS Digital (Infrações por Infrator), o que impacta diretamente minha habilitação.

Problema 2 Cobrança acima do valor oficial:
Após pagar, verifiquei que os valores disponíveis no app oficial da CNH Digital são menores do que os cobrados pela Localiza:

* AIT J007683216: R$ *******,23 (CNH) × R$ *******,99 (Localiza) cobrado R$ 9,76 a mais
* AIT J007683749: R$ *******,16 (CNH) × R$ *******,67 (Localiza) cobrado R$ 6,51 a mais
* Total cobrado a maior: R$ 16,27

Solicito:

1. Regularização imediata das duas multas na CTPS Digital;
2. Ressarcimento de R$ 16,27 referente à diferença cobrada a maior.

Tenho comprovantes de pagamento e prints do app da CNH disponíveis para comprovação.",https://www.reclameaqui.com.br/localiza-aluguel-de-carros/multas-quitadas-constando-como-pendentes-na-cnh-e-cobranca-acima-do-valor-oficial_iHv4M-efjrcINJVl/,,Problema Financeiro
Localiza: Retenção indevida de depósito de segurança e informações inconsistentes sobre locação de veículo,NÃO RESPONDIDA,São Paulo,SP,"Claro. Fiz uma versão mais organizada, firme e profissional para publicar no Reclame Aqui, mantendo todos os pontos importantes e os protocolos mencionados:

**Reclamação contra a Localiza Retenção indevida de depósito de segurança e informações inconsistentes**

No dia 15/05/2026 realizei a locação mensal de um veículo Volkswagen Polo branco junto à Localiza, pelo período de 30 dias, mediante pagamento de depósito de segurança no valor de R$ 2.612,00, correspondente ao valor total da locação.

Utilizei o veículo por apenas 8 dias, realizando a devolução em 23/05/2026, antes mesmo de completar o período equivalente a 9 diárias.

No ato da contratação, fui informada de que o depósito de segurança poderia ser utilizado para abatimento de valores pendentes referentes ao contrato. Porém, no momento da devolução do veículo, a atendente da loja informou que eu não poderia utilizar o depósito para quitar os 8 dias utilizados, alegando que, ao recalcular as diárias, o valor final seria exatamente os R$ 2.612,00 já pagos como caução, e que portanto eu não teria nenhum valor a receber.

Diante dessa informação inconsistente, entrei em contato com a central da Localiza, onde fui informada por telefone de que não existia qualquer multa aplicável ao meu contrato, justamente por se tratar de uma locação mensal de apenas 30 dias. A própria atendente da central informou que a explicação dada pela loja não procedia.

Após orientação da central, a funcionária da loja alegou novamente inconsistência no sistema, dizendo que naquele momento não seria possível utilizar o depósito de segurança para quitação das diárias utilizadas. Ou seja, mesmo havendo saldo retido pela Localiza, fui obrigada a realizar novo pagamento no valor de R$ 1.162,39 no cartão de crédito, parcelado em 3 vezes, apenas para conseguir finalizar a devolução do veículo.

Ressalto que o carro foi devolvido abastecido, lavado, sem avarias e sem qualquer pendência.

Além do transtorno causado, fiquei com meu dinheiro retido indevidamente pela Localiza, mesmo já tendo efetuado o pagamento das diárias utilizadas.

Posteriormente, fui informada de que o valor do depósito de segurança seria devolvido em até 5 dias úteis, com previsão para o dia 29/05/2026. Porém, até o final do dia, o valor não havia sido depositado.

Ao entrar em contato novamente com a central da Localiza, fui surpreendida por mais uma informação contraditória: outra atendente informou que havia inconsistências no sistema relacionadas aos meus dados bancários, gerando automaticamente mais 2 dias úteis para o reembolso.

Ou seja, se eu não tivesse entrado em contato por iniciativa própria, sequer teria sido avisada sobre o problema e sobre o novo prazo.

Cada atendente fornece uma informação diferente, demonstrando total falta de alinhamento, despreparo e desorganização por parte da empresa. A sensação é de completo descaso com o consumidor e com valores que não pertencem à Localiza.

No protocolo n *****, aberto às 19h do dia 29/05/2026, solicitei novamente esclarecimentos sobre o não pagamento do valor prometido, sendo então informada sobre o novo prazo de 2 dias úteis informação que até então não havia sido passada anteriormente por outra atendente.

Estou sendo diretamente prejudicada financeiramente devido às falhas operacionais e inconsistências sistêmicas da Localiza, que em nenhum momento assumiu responsabilidade pelos transtornos causados.

Diante disso, solicito:

* A devolução imediata do valor integral do depósito de segurança;
* Que o pagamento seja realizado em até 1 dia útil;
* Um posicionamento formal da empresa sobre todas as inconsistências apresentadas;
* Esclarecimentos sobre a negativa indevida de utilização do depósito para abatimento das diárias utilizadas.

A retenção indevida desse valor está me causando prejuízos financeiros e demonstra falta de transparência e respeito com o consumidor.",https://www.reclameaqui.com.br/localiza-aluguel-de-carros/localiza-retencao-indevida-de-deposito-de-seguranca-e-informacoes-inconsistentes-sobre-locacao-de-veiculo_mevr3gvEIPih_6x3/,,Sinistro e Acidente
LOCALIZA PIOR LOCADORA DO MUNDO,NÃO RESPONDIDA,Belo Horizonte,MG,"Aluguel um carro na categoria T-cross 1.4 e me ofereceram um kick 1.0. Poderiei que o Kick 1.0 era do grupo do T-Cross 1.0 e não do Tcross 1.4. Falei com o Gerente e ele somente falou que ia me cobrar o noshow . Não aceite e fui para a movida e aluguei um carro melhor e mais barato. Hoje recebi o debito do noshow. Um absurdo, pior locadora do MUNDO.",https://www.reclameaqui.com.br/localiza-aluguel-de-carros/localiza-pior-locadora-do-mundo_fmBVxbEXJh2Rgskh/,,Outros
Falha no sistema da Localiza impede locação reservada e gera cobrança indevida,RESPONDIDA,Bálsamo,SP,"Fizemos a reserva online pelo site.
No dia 24/05 tinha uma reserva para retirada na localiza do aeroporto de São José do Rio Preto, às 9hs da manhã, chegando ao local fomos informados que estava com uma falha Global do sistema e que estariam tentando liberar a locação, passados cerca de 40 minutos o atendente nos informou que houve negativa da locação e que ele não tinha o que fazer, precisamos buscar de última hora outra locadora, porque fomos impedidos pelo sistema da localiza de finalizarmos a locação previamente reservada e precisávamos viajar, hoje para nossa surpresa, recebo no cartão de crédito a cobrança da locação que não foi concluída por um problema da empresa.",https://www.reclameaqui.com.br/localiza-aluguel-de-carros/falha-no-sistema-da-localiza-impede-locacao-reservada-e-gera-cobranca-indevida_7Phfctz20nNqaK7p/,,Problema Financeiro
Cliente com cadastro bloqueado sem justificativa pela Localiza ao tentar realizar reserva internacional.,RESPONDIDA,Santos,SP,"SOU CLIENTE LOCALIZA FAZ MUITOS ANOS TENDO CADASTRO E TUDO MAIS. FUI FAZER UMA RESERVA DA ITÁLIA PARA PEGAR UM CARRO EM GUARULHOS POIS ESTAVA VOLTANDO DA ITÁLIA. NO FINAL DA RESERVA JÁ COM O CARTÃO DE CRÉDITO COLOCADO VEIO UMA INFORMAÇÃO QUE MEU CADASTRO ESTAVA BLOQUEADO. TENTEI DE TODOS OS MODOS SABER O MOTIVO DO BLOQUEIO, E NÃO CONSEGUI NENHUNA INFORMAÇÃO. NEM PARA SER MOTORISTA ADICIONAL NÃO ACEITAM E NINGUÉM DA O MOTIVO DE TAL BLOQUEIO MESMO PARA EU TENTAR RESOLVER. MEU CONTADOR CONSULTOU TUDO E NÃO TENHO NENHUMA RESTRIÇÃO. ESTOU INDIGNADO E PROFUNDAMENTE OFENDIDO COM TAL ATITUDE. NENHUMA EMPRESA PRESTADORA DE SERVIÇOS TEM O DIREITO DE RESTINGIR MEU CADASTRO SEM DIZER O PORQUE E DEIXAR O CLIENTE SE EXPLICAR E TENTAR RESOLVER. É MUITA SOBERBA DESTA EMORESA QUE SEMPRE TIVE NA MAISCALTA CONSIDERAÇÃO",https://www.reclameaqui.com.br/localiza-aluguel-de-carros/cliente-com-cadastro-bloqueado-sem-justificativa-pela-localiza-ao-tentar-realizar-reserva-internacional_SL3Xf4rl044fysvK/,,Problema Financeiro
Cobrança indevida e solicitação de estorno de KM Ilimitado em locação com quilometragem limitada,RESPONDIDA,Santos,SP,"Prezados,

Gostaria de solicitar a revisão e o estorno de uma cobrança indevida identificada no meu relatório de fechamento.
KM Ilimitado = 191,70
Conforme o comprovante em anexo, a locação foi contratada na modalidade de Quilometragem Limitada (200 km por dia). No entanto, o valor final apresenta uma cobrança divergente do acordado.

Ressalto que este erro já foi reportado verbalmente à atendente Melissa no momento da devolução do veículo, mas a cobrança seguiu incorreta.

Solicito a correção dos valores e o estorno da diferença o mais breve possível.

Atenciosamente,

*****",https://www.reclameaqui.com.br/localiza-aluguel-de-carros/cobranca-indevida-e-solicitacao-de-estorno-de-km-ilimitado-em-locacao-com-quilometragem-limitada_ZjjUBPByOcRHGCYR/,,Problema Financeiro
Solicitação de revisão cadastral e regularização para locação,RESPONDIDA,Brasília,DF,"Prezados, bom dia.

Venho por meio desta solicitar uma análise e revisão da minha situação cadastral junto à Localiza.

Há algum tempo, realizei uma locação com a empresa e, infelizmente, ocorreu um desentendimento com a gerente da unidade. Após esse episódio, nunca mais consegui realizar novas locações pela Localiza, mesmo tentando por diversas vezes e buscando esclarecimentos por diferentes canais.

Gostaria de informar que tenho grande interesse em voltar a ser cliente da empresa e regularizar qualquer pendência ou restrição que eventualmente esteja impedindo minhas locações. Já procurei diversas formas de resolver essa situação, porém até o momento não obtive uma solução ou esclarecimento concreto.

Peço, por gentileza, uma reavaliação do meu caso e uma posição sobre o que pode ser feito para normalizar meu cadastro e permitir que eu volte a utilizar os serviços da Localiza.

Fico à disposição para fornecer qualquer informação adicional necessária e aguardo um retorno com uma solução para o meu caso.

Atenciosamente,",https://www.reclameaqui.com.br/localiza-aluguel-de-carros/solicitacao-de-revisao-cadastral-e-regularizacao-para-locacao_s0D4TaChZz9OHB2m/,,Bloqueio de Cadastro
Cobrança indevida de pacote adicional em contrato de carro reserva da Localiza,NÃO RESPONDIDA,Bauru,SP,"boa tarde, tive um sinistro na porto seguro e peguei o carro reserva da localiza, contrato NASF009842, precisei colocar o condutor principal, e me ofereceram um pacote que disseram compensar mais do que contratar o condutor adicional.

Quando não precisei mais de condutor adicional, mandei um whats app e cancelaram o condutor adicional, mas ninguem me perguntou sobre o pacote, e eu queria cancelar para não ter a cobranca, pois estava no processo de divorcio e nao poderia ter mais cobrancas.

acho que a atendente deveria ter me alertado, vai cancelar o condutor, nao vai reduzir em nada, quer cancelar o pacote completo ?

mas nao tive esta instrucao e estou sendo [Editado pelo Reclame Aqui], nao tenho condicoes de arcar com esta cobranca lancada em meu cartao.

muito insatisfeita com a experiencia de alugar um carro na localiza, tinha outra impressao desta grande empresa.",https://www.reclameaqui.com.br/localiza-aluguel-de-carros/cobranca-indevida-de-pacote-adicional-em-contrato-de-carro-reserva-da-localiza_xg9ASBpUSrbY8nyK/,,Sinistro e Acidente
Contestação de Cobrança de Multas de Trânsito Não Reconhecidas - Contrato *****,RESPONDIDA,São Paulo,SP,"Eu, ***** , venho por meio desta contestar a cobrança referente à suposta dívidas de multas no total de 40 multas de TRANSITOS nos anos de 2021 a 2022, vinculada ao contrato/ *****, pois não reconheço a existência desta obrigação financeira.
Solicito a imediata verificação da cobrança e a suspensão de qualquer medida de negativação, cobrança judicial ou extrajudicial até a completa apuração dos fatos.
Caso meu nome já tenha sido incluído em órgãos de proteção ao crédito, exijo a retirada imediata da negativação, sob pena de adoção das medidas legais cabíveis, incluindo reclamação junto ao PROCON e ação judicial por danos morais e materiais.
Requeiro ainda o envio de documentos que comprovem a origem da suposta dívida, tais como contrato assinado, notas fiscais, comprovantes ou qualquer outro documento que demonstre a legitimidade da cobrança.
Aguardo retorno formal no prazo máximo de [10] dias.
Atenciosamente,
***** ]",https://www.reclameaqui.com.br/localiza-aluguel-de-carros/contestacao-de-cobranca-de-multas-de-transito-nao-reconhecidas-contrato_eJ4K_wLxcxTcvS1-/,,Sinistro e Acidente
"olicitação urgente de liberação de caução e esclarecimentos sobre cobrança indevida Prezados,",NÃO RESPONDIDA,Curitibanos,SC,"Venho manifestar minha insatisfação com os serviços da Localiza.

Realizei a devolução do veículo em 26/05/******* e, até o presente momento, o valor referente ao caução de R$ *******,00 ainda não foi disponibilizado em meu cartão, apesar de já terem transcorrido vários dias desde a entrega do automóvel.

Além disso, causa estranheza o fato de que o valor do caução não tenha sido apenas bloqueado no limite do cartão, como normalmente ocorre nesse tipo de operação. Em vez disso, houve uma cobrança efetiva do valor, gerando impacto financeiro direto e reduzindo minha disponibilidade de recursos.

Solicito:

1. A imediata liberação/devolução do valor de R$ *******,00;
2. Esclarecimentos sobre o motivo pelo qual o caução foi efetivamente cobrado, em vez de apenas pré-autorizado;
3. A informação da data exata em que o estorno foi ou será processado.

Entendo que procedimentos administrativos podem demandar algum prazo, mas considero excessiva a demora na restituição de um valor que não corresponde a uma cobrança definitiva do contrato de locação.",https://www.reclameaqui.com.br/localiza-aluguel-de-carros/olicitacao-urgente-de-liberacao-de-caucao-e-esclarecimentos-sobre-cobranca-indevida-prezados_Ax81qKJbQsKjtFGB/,,Problema Financeiro
Repúdio à conduta da Localiza no tratamento de sinistro e descumprimento de acordo,NÃO RESPONDIDA,Brasília,DF,"NOTA DE REPÚDIO À CONDUTA DA LOCALIZA


Eu, *****, proprietária do veículo GM/Corsa Sedan Premium, venho a público manifestar meu mais veemente repúdio à forma desrespeitosa, negligente e incompatível com os princípios da boa-fé objetiva adotada pela LOCALIZA durante todo o tratamento do sinistro envolvendo meu veículo e os prejuízos decorrentes do acidente.
Embora a proprietária do veículo seja a signatária desta nota, todas as tratativas junto à empresa foram conduzidas por meu esposo, que, desde o primeiro momento, buscou incansavelmente uma solução amigável, transparente e célere para a questão. Contudo, o que encontrou foi uma sucessão de obstáculos, omissões, desencontros de informações, demora injustificada e absoluta falta de comprometimento por parte da empresa.
Desde o início do processo, a LOCALIZA adotou uma postura incompatível com os deveres de transparência, lealdade e boa-fé que devem nortear as relações de consumo. Conforme demonstram os documentos existentes, o orçamento dos reparos foi elaborado por oficina credenciada e indicada pela própria LOCALIZA. Apesar disso, a empresa apresentou proposta de acordo em valor superior a 40% inferior ao orçamento elaborado por sua própria rede credenciada, sem fornecer justificativas técnicas claras, detalhadas ou devidamente comprovadas para tamanha divergência.
Mais grave ainda, em diversas oportunidades a LOCALIZA informou que seus técnicos haviam realizado ajustes e alinhamentos diretamente com a oficina responsável pelo orçamento. Entretanto, quando meu esposo entrou em contato diretamente com a gerência da oficina, por telefone e por mensagens, foi expressamente informado que não havia ocorrido qualquer contato da equipe técnica da LOCALIZA para tratar dos supostos ajustes alegados pela empresa. Tal circunstância gera enorme preocupação e compromete a confiança que deve existir entre fornecedor e consumidor.
Durante todo o processo, a equipe técnica da LOCALIZA permaneceu inacessível. Questionamentos relevantes sobre a análise dos danos, critérios utilizados, justificativas técnicas e andamento do procedimento jamais foram respondidos de forma clara e objetiva. O consumidor foi submetido a um verdadeiro desgaste emocional e administrativo, sem conseguir contato com qualquer profissional dotado de poder decisório.
A situação torna-se ainda mais grave quando se observa a atuação da equipe financeira. Após meses de insistência do consumidor, foi finalmente firmado acordo em *****. Na própria comunicação encaminhada pela LOCALIZA, foi informado que o prazo máximo para ressarcimento seria de 15 dias úteis. Entretanto, mesmo após o transcurso desse prazo, a empresa permaneceu inerte, sem efetuar o pagamento prometido, sem apresentar justificativas concretas e sem realizar qualquer contato espontâneo para esclarecer a situação.
Ao longo de todo esse período, o único canal efetivamente disponível ao consumidor foi o call center. Entretanto, os atendentes limitavam-se a repetir que o processo estava ""aguardando retorno da equipe técnica"" ou ""aguardando análise da equipe financeira"", sem apresentar qualquer encaminhamento concreto. Reiteradas vezes foi solicitado contato com pessoas capazes de resolver a situação, mas nenhuma providência foi adotada e nenhum responsável entrou em contato.
Também merece destaque o fato de que a LOCALIZA, em diversas oportunidades, deixou de responder e-mails enviados pelo consumidor. Quando houve resposta, esta ocorreu de forma tardia, insuficiente e sem enfrentar adequadamente os questionamentos apresentados. A ausência de comunicação adequada demonstrou total desrespeito para com quem buscava apenas o cumprimento das obrigações assumidas pela empresa.
Causa especial indignação o fato de que o acordo somente foi formalizado em razão da insistência contínua do consumidor. Além disso, foi exigida a assinatura de documento com efeitos retroativos, circunstância que gera profunda estranheza e reforça a percepção de falta de transparência e de condução inadequada do processo. Os poucos retornos fornecidos pela empresa foram marcados por informações contraditórias e por uma postura incompatível com os deveres de cooperação e boa-fé exigidos nas relações de consumo.
Importante registrar que todas as afirmações constantes nesta nota possuem respaldo documental. Ao longo de todo o processo foram preservados e organizados e-mails, mensagens eletrônicas, registros de ligações, protocolos de atendimento, capturas de tela e anotações contendo datas, horários, nomes dos atendentes e o teor das informações prestadas pela empresa.
Há registros detalhados dos inúmeros contatos realizados junto à LOCALIZA, inclusive das informações repassadas por atendentes como Ana, Michele, Vanessa, Ingrid, Laís, Rita Paula, Fran, Geovana, entre outras colaboradoras que, sucessivamente, informavam que o processo estava pendente de análise da equipe técnica ou da equipe financeira. Em diversas ocasiões, o atendimento foi realizado pelas mesmas colaboradoras que já haviam atendido anteriormente, circunstância que demonstra que a empresa possuía pleno conhecimento da demora excessiva e da ausência de solução efetiva para o caso.
Os registros documentais demonstram ainda divergências de informações, promessas de retorno não cumpridas, ausência de contato por parte dos setores responsáveis e sucessivos adiamentos sem justificativas concretas. Todo esse acervo encontra-se devidamente preservado e apto a comprovar a cronologia dos fatos, a persistência do consumidor na busca por uma solução amigável e a conduta adotada pela empresa durante toda a tramitação do caso.
Toda essa demora tem causado prejuízos concretos à minha família. O veículo objeto do sinistro é utilizado diariamente para o transporte de crianças para a escola, consultas médicas, atividades educacionais, esportivas e demais compromissos inerentes à rotina familiar. A indisponibilidade do automóvel, somada à demora injustificada da empresa em cumprir o acordo firmado, tem gerado transtornos significativos, dificuldades de deslocamento, gastos adicionais e prejuízos que poderiam ter sido evitados caso a LOCALIZA tivesse atuado com responsabilidade, transparência e respeito ao consumidor.
A postura adotada pela LOCALIZA afronta princípios fundamentais previstos no Código de Defesa do Consumidor, especialmente os princípios da boa-fé objetiva, da transparência, da confiança legítima, da informação adequada, da cooperação e do respeito à dignidade do consumidor.
A presente nota não é baseada em percepções subjetivas ou meras insatisfações. Trata-se do relato de fatos documentados, amparados por registros escritos, eletrônicos e telefônicos acumulados ao longo de meses de tratativas, os quais demonstram de forma inequívoca a ausência de transparência, a falta de efetividade na solução do problema, o descumprimento de compromissos assumidos e o desrespeito dispensado à consumidora e à sua família.
Esta nota registra não apenas a insatisfação da proprietária do veículo, mas também o profundo desgaste enfrentado por toda a sua família diante de uma situação que poderia ter sido resolvida de forma simples, transparente e respeitosa. Em vez disso, o que se verificou foi uma sucessão de omissões, atrasos injustificados, ausência de respostas, descumprimento de prazos, informações contraditórias e falta de comprometimento com a solução do problema.
Diante de todo o exposto, manifesto meu mais profundo repúdio à conduta adotada pela LOCALIZA ao longo de todo o processo de tratamento do sinistro, esperando que a empresa reveja seus procedimentos internos, respeite seus consumidores e passe a agir com a seriedade, a transparência e a responsabilidade que se espera de uma organização de seu porte.
Apesar de todos os transtornos, atrasos, informações contraditórias, omissões e prejuízos suportados por minha família, reitero que o objetivo desta manifestação não é criar embaraços ou dificultar uma solução consensual. Ao contrário, desej",https://www.reclameaqui.com.br/localiza-aluguel-de-carros/repudio-a-conduta-da-localiza-no-tratamento-de-sinistro-e-descumprimento-de-acordo_aXYCVtlrVc88oS64/,,Sinistro e Acidente
Cobrança indevida de seguro não registrado e ausência de documentação após acidente de carro alugado,NÃO RESPONDIDA,São Paulo,SP,"Fiz o aluguel de um carro , no agendamento eu fiz a contratação de um seguro básico , na agência diz o pedido de um seguro que cobrisse riscos e amassados, enfatizando o riscos, me ofereceram protensão quanto a avarias, depois foi me oferecido avarias de terceiros que contratei também !

Passados alguns dias, infelizmente houve um acidente onde uma caminhonete bateu na traseira do carro , fiz a documentação necessário para a troca do veículo , só então soube que não haviam registrado o seguro para avarias , sendo que essa sempre foi minha prioridade, ainda brinquei é mais fácil alguém bater em mim do que eu bater em alguém.
No final tive que desembolsar 3,910,00
E mesmo assim não recebi nenhum documento atestando que esse valor se refere especificamente a franquia do carro , que por si , já é indevida .",https://www.reclameaqui.com.br/localiza-aluguel-de-carros/cobranca-indevida-de-seguro-nao-registrado-e-ausencia-de-documentacao-apos-acidente-de-carro-alugado_tjHK7G475hC7BcQ1/,,Sinistro e Acidente
Cobrança indevida após falha na prestação de serviço de aluguel de carro e negativa de estorno.,RESPONDIDA,Porto Alegre,RS,"Boa tarde,

Meu nome é *****, CPF *****.

No dia 08 de maio, aluguei um Onix na Localiza da *****, em Porto Alegre. No sábado, por volta das 11:20 da manhã a caminho da serra do rio do rastro para jogar as cinzas do meu pai que faleceu no dia 26 de dezembro, junto com a minha mãe e irmã, paramos em um posto pra ir no banheiro e o carro não ligou mais, estávamos no no interior de santa catarina e liguei para a assistência (0800) e foi me passado no primeiro protocolo, número *****, que eu tinha duas opções: esperar até as 17h da tarde para conseguir um novo carro ou ir até florianópolis (o que dava 4 horas de carro) e pegar um novo, o que iria aumentar 8 horas de viagem do meu destino final. A minha reserva no hotel era às 15h, o que eu também perdi e precisei realizar outra reserva.

No segundo protocolo, a atendente me disse que poderíamos ir até o aeroporto de tubarão que lá tinha uma Localiza aberta, que ela já tinha falado com os funcionários de lá e eles estariam me esperando com um novo carro. Eu aceitei porque foi passado que a loja estava ABERTA (protocolo n *****) e, chegando lá, estava fechada e abria somente as 18h. (é um aeroporto pequeno e a localiza funciona somente nos horários de embarque e desembarque). Desistimos e tivemos que esperar abrir a Localiza do aeroporto pois não tinhamos mais cabeça pra ligar e pedir ajuda.

Após abrir, o atendente nos passou que devido a um erro interno de vocês eu ainda teria que esperar a liberação do carro (protocolo n *****) e me foi liberado outro carro Onix somente as 19:30 da noite, depois do funcionário insistir muito por ligação para agilizar o caso. Ou seja, não consegui levar as cinzas do meu pai e ainda tive que fazer outra reserva no hotel, o que me saiu mais caro.

Segunda, dia 11, quando fui entregar o carro, como é o correto, o funcionário avaliou o carro completo: estepe, macaco, a lataria por fora, sujeira por dentro e ligou o carro para conferir a gasolina (que eu abasteci e completei todo o tanque para entregar) e, como estava tudo dentro do normal ele confirmou todas as informações no tablet e me liberou.

Então entrei com o protocolo para solicitar o reembolso, número *****, e foi passado que seria analisado e me retornariam por e-mail, o que não aconteceu. Dias depois, entrei em contato novamente via protocolo número ***** e novamente me falaram que entrariam em contato via e-mail.

Dia 25/05, eu recebo no DDA no meu banco 2 boletos da Localiza para pagamento. Ninguém sabia me informar do que se tratava. Um boleto de R$ 128,93 foi descontado do meu cartão e tive que tirar o limite para o outro boleto de R$ 190,13 não ser descontado. Além disso, recebi um e-mail alegando que foi identificado durante a conferência que o tanque de combustível não estava completo e que me cobrariam por isso.

Ou seja, eu pedi um estorno e com isso do nada o tanque apareceu ""não completo"" (15 dias depois) e vocês decidem me cobrar por isso? E o meu estorno?

Estou totalmente [Editado pelo Reclame Aqui] por vocês com todas essas ligações para resolver uma coisa simples e toda vez que ligo é passado para setores diferentes onde me falaram que foi feito de maneira negligente, me pedem desculpas e falam ""vamos abrir um chamado aqui e terá o retorno por e-mail"".

E agora, como fica meu reembolso? E essa parcela que foi descontada no meu cartão? E esse boleto em aberto que pode prejudicar meu nome? Vou pelo menos ganhar alguma cortesia de vocês?",https://www.reclameaqui.com.br/localiza-aluguel-de-carros/cobranca-indevida-apos-falha-na-prestacao-de-servico-de-aluguel-de-carro-e-negativa-de-estorno_auMIOrPaVfwOSCwI/,,Problema Financeiro
"Car rental issues with Localiza: multiple breakdowns, excessive towing times, incorrect charges, and incomplete refunds leading to significant customer inconvenience.",NÃO RESPONDIDA,Ilhéus,BA,"Aluguei um carro na Localiza que deu pane elétrica 3x, me causando transtornos no trabalho e em um domingo à noite. Além de eu perder meus compromissos, tive que ficar esperando pelo guincho por mais de 2h em todos os casos. Mesmo o carro tendo sido levado pelo guincho, a Localiza ficou me cobrando diárias por inacreditáveis 7 dias, totalizando R$ 902,14. Após muito esforço, consegui falar com um atendente pelo telefone, que me prometeu fazer o estorno dessa cobrança. Porém apenas R$ 515,25 foi estornado no meu cartão. E aqui estou eu, mais uma vez, tendo que parar minha vida para fazer uma reclamação com o Localiza. Espero que desta vez a empresa não apenas faça esse estorno como também tenha alguma medida real para compensar toda essa incomodação e tempo perdido.",https://www.reclameaqui.com.br/localiza-aluguel-de-carros/car-rental-issues-with-localiza-multiple-breakdowns-excessive-towing-times-incorrect-charges-and-incomplete-refunds-leading-to-significant-customer-inconvenience_huBTJ1TgrxeWzZcf/,,Problema Financeiro
Localiza nega utilização de pontos fidelidade na categoria GI sem transparência e encerra atendimento sem solução,NÃO RESPONDIDA,Mauá,SP,"Sou cliente da Localiza e participante do programa Localiza Fidelidade, possuindo pontos válidos acumulados regularmente através das locações realizadas.

Ao tentar utilizar meus pontos em uma locação enquadrada na categoria GI, fui surpreendido com a informação de que essa categoria não permite utilização de pontos.

O problema é que:

essa restrição não é apresentada de forma clara e ostensiva no material publicitário do programa;

houve divergência de informações entre a loja física e a central de atendimento;

inicialmente foi alegado problema operacional/enquadramento entre categorias GX e GI;

posteriormente passaram a alegar impossibilidade regulamentar;

houve resistência inicial em fornecer protocolo e formalização adequada;

o atendimento humano foi encerrado sem solução efetiva, retornando o contato para robô automático.

Durante o atendimento:

a própria empresa reconheceu oficialmente a existência da restrição da categoria GI;

enviou apenas link genérico do programa fidelidade;

não apresentou de forma objetiva cláusula clara e destacada justificando a exclusão da categoria GI para utilização dos pontos.

O próprio material do programa fidelidade enfatiza:

acúmulo de pontos;

benefícios;

evolução de categoria;

vantagens ao consumidor.

Entretanto, não há transparência adequada sobre a limitação aplicada à categoria GI.

Entendo que isso viola o dever de informação previsto no Código de Defesa do Consumidor, especialmente:

Art. 6, III;

Art. 30;

Art. 39;

Art. 51.

Toda a conversa foi documentada através de prints do WhatsApp oficial da Localiza.

Solicito:

solução efetiva para utilização dos pontos na categoria GI ou alternativa equivalente;

envio claro do regulamento específico aplicável;

posicionamento formal da empresa;

melhoria na transparência do programa fidelidade para evitar que outros consumidores passem pela mesma situação.

Aguardo solução.",https://www.reclameaqui.com.br/localiza-aluguel-de-carros/localiza-nega-utilizacao-de-pontos-fidelidade-na-categoria-gi-sem-transparencia-e-encerra-atendimento-sem-solucao_xu6Zc7K0I9sdRDaS/,,Bloqueio de Cadastro
Cobrança Indevida e Falta de Cumprimento de Descontos em Veículo Alugado na Localiza,NÃO RESPONDIDA,Valparaíso,SP,"Estou com um veículo alugado na Localiza há 3 meses. No primeiro mês, o valor total foi de R$ 2.208,05 (já incluindo a taxa de limpeza). Nos meses seguintes, contudo, passei a sofrer cobranças automáticas indevidas no valor de R$ 2.504,36.Todo mês sou surpreendido com esse valor maior e preciso entrar em contato com o suporte para solicitar o estorno da diferença. Os atendentes confirmam o erro e prometem que o problema não vai se repetir, mas a falha persiste a cada ciclo de faturamento.Para piorar, a empresa divulga amplamente descontos progressivos nas mensalidades, mas não cumpre o prometido de forma automática. No mês passado, precisei abrir mais uma reclamação e cobrar o suporte exaustivamente para conseguir receber o desconto de direito.Estou cansado de abrir diversos protocolos, receber prazos que não são cumpridos e ter que monitorar minha fatura todo mês para não ser [Editado pelo Reclame Aqui]. Essa desorganização financeira e a falta de incentivo real ao cliente estão me fazendo desistir do serviço. Exijo uma solução definitiva para o meu contrato. Caso contrário, devolverei o veículo para contratar uma concorrente.",https://www.reclameaqui.com.br/localiza-aluguel-de-carros/cobranca-indevida-e-falta-de-cumprimento-de-descontos-em-veiculo-alugado-na-localiza_Ovw_54BBkRR8oTxU/,,Problema Financeiro
Atendimento ao cliente insatisfatório na Localiza com a atendente Larissa,NÃO RESPONDIDA,São Paulo,SP,"Pessimo atendimento da Larissa. Acabei de ligar no 0800 da localiza, estava passado uma situação que está acontecendo comigo no aplicativo. E ela duvidou do que eu estava falando, parecia que ela não queria me atender. Nunca fui mal atendido como fui hoje, sempre fui muito bem atendido pelos funcionários da localiza, nunca fui tratado como fui hoje. Estou realmente bastante chatiado com esse atendimento que tive. Precisei explicar mais de 3 vezes o ocorrido, mais mesmo assim ela falou que eu estava errado. Acho que ela pensava que eu nunca aluguei carro pelo aplicativo. Pensava que eu não sabia alugar um carro. Se eu liguei é porque no aplicativo eu não estava conseguindo. Liguei para a central para me ajudar a alugar e mesmo assim foi ignorante. Estou frustado com esse atendimento. Pode ter certeza que foi um cliente que a localiza perdeu.",https://www.reclameaqui.com.br/localiza-aluguel-de-carros/atendimento-ao-cliente-insatisfatorio-na-localiza-com-a-atendente-larissa_3YQY_N55FxbTjpDE/,,Falha no App / Reserva
Cobrança Abusiva de Multa de Trânsito com Taxa Administrativa Elevada pela Localiza,NÃO RESPONDIDA,Artur Nogueira,SP,"Estou registrando esta reclamação em razão de uma cobrança que considero abusiva por parte da Localiza.

Realizei a locação de um veículo Renault Kwid contrato ***** e, durante o período da locação, houve uma multa de trânsito.
Reconheço que a infração ocorreu durante o meu uso do veículo e não estou me recusando a pagar a multa.
O problema é que solicitei à Localiza o envio da guia para pagamento diretamente junto ao órgão de trânsito/DETRAN, justamente para que eu pudesse assumir a multa e efetuar o pagamento com o desconto legal de 20%, conforme previsto para pagamento dentro do prazo.

No entanto, a Localiza está realizando a cobrança com acréscimo de uma taxa administrativa de 25% sobre o valor original da multa. Entendo que essa prática é abusiva, pois a cobrança da taxa sobre o valor cheio da infração acaba neutralizando o desconto legal e gera uma vantagem excessiva para a empresa.

A cobrança se torna ainda mais questionável porque não estou negando a responsabilidade pela infração. Apenas solicitei a possibilidade de pagar diretamente ao órgão competente, com a guia correspondente, preservando o direito ao desconto legal. A empresa, porém, insiste em aplicar uma taxa administrativa elevada e calculada sobre o valor original da multa, e não sobre o valor efetivamente devido com desconto.
Diante disso, solicito:

O envio da guia ou comprovante oficial da multa junto ao órgão de trânsito;
A indicação da cláusula contratual que autoriza a cobrança da taxa administrativa de 25%;
A memória de cálculo detalhada da cobrança;
A revisão imediata da cobrança, para que seja respeitado o direito ao desconto legal e para que eventual taxa administrativa seja proporcional e devidamente justificada;
O cancelamento ou estorno do valor cobrado de forma abusiva.

Reforço que não estou me recusando a pagar a multa. A minha contestação é exclusivamente sobre a forma de cobrança da Localiza e sobre a aplicação de uma taxa administrativa de 25% sobre o valor original da multa, prática que considero desproporcional e contrária à boa-fé na relação de consumo.
Aguardo uma solução objetiva e imediata.",https://www.reclameaqui.com.br/localiza-aluguel-de-carros/cobranca-abusiva-de-multa-de-transito-com-taxa-administrativa-elevada-pela-localiza_9NB7BssH4S3PMYix/,,Problema Financeiro
Impossibilidade de acesso ao APP e à agência devido a bloqueio interno de CPF sem resolução por telefone,NÃO RESPONDIDA,Rio Branco,AC,"Nao consigo acessar o APP e na agencia localiza fui informado que ha uma restrição/bloqueio interno do meu CPF lançado em dezembro de 2025 mas que nao poderiam ter acesso nem resolver. Em contato via ***** o atendimento nao funciona, nao tem opção e após certo tempo ainda desliga sem iniciar o atendimento.",https://www.reclameaqui.com.br/localiza-aluguel-de-carros/impossibilidade-de-acesso-ao-app-e-a-agencia-devido-a-bloqueio-interno-de-cpf-sem-resolucao-por-telefone_JorMIEq1Uc9UFfNw/,,Bloqueio de Cadastro
"Carro com defeito e multa de rodízio por falha da Localiza, causando atraso em compromisso profissional e risco de perda de benefícios.",NÃO RESPONDIDA,São Paulo,SP,"Título: Carro com defeito, atraso em compromisso e multa de rodízio por falha da Localiza

No dia 27/05/2026 retirei um veículo na Localiza e, desde o primeiro momento, informei à atendente meus horários e trajetos especificamente para evitar o rodízio de São Paulo e eventuais multas.

O primeiro carro entregue apresentou defeito na multimídia. Um técnico confirmou o problema no local e me orientou a retornar ao balcão para troca. Todo esse processo consumiu mais de uma hora, causando atraso significativo em um compromisso profissional o tempo de espera na locadora superou o tempo de voo de Curitiba a Congonhas.

O carro substituto foi entregue sem qualquer verificação prévia. Somente no dia 29/05/2026, ao parar para abastecer, fui alertado pelo frentista de que a placa do veículo tinha final 0 justamente o rodízio de sexta-feira em São Paulo. Já havia transitado pela Marginal Tietê, o que provavelmente resultou em multa.

As consequências são graves: além do prejuízo financeiro com a multa, corro o risco de perder meu selo de bom condutor, que me garante benefícios como desconto em seguro algo completamente injusto, já que o erro foi inteiramente da Localiza.

Exijo:
1. Que a Localiza assuma integralmente a multa de rodízio, caso seja autuado, incluindo os pontos na CNH ou a devida isenção junto ao DETRAN;
2. Compensação pelo atraso e transtornos causados pelo carro defeituoso;
3. Garantia de que não serei prejudicado em meu histórico de condutor em razão desta falha operacional da empresa.

Fui cliente Localiza por muitos anos, cheguei ao nível Platinum, mas migrei para outra locadora justamente por problemas de atendimento. Decidi dar uma nova chance à empresa e, nas primeiras locações de retorno, já enfrento uma situação como esta. É inadmissível.

Aguardo retorno com solução concreta e não apenas pedido de desculpas.",https://www.reclameaqui.com.br/localiza-aluguel-de-carros/carro-com-defeito-e-multa-de-rodizio-por-falha-da-localiza-causando-atraso-em-compromisso-profissional-e-risco-de-perda-de-beneficios__ZcCo3pU-ckEQrdr/,,Sinistro e Acidente
Reclamação sobre aluguel de Fiat Strada com problemas e substituições inadequadas.,NÃO RESPONDIDA,Salvador,BA,"Olá, aluguei uma Fiat Strada na unidade Lauro de Freitas e em poucos dias apresentou infiltração de água pelo parabrisa. Procurei a loja pra troca, mas não havia veículo da categoria disponível.

Fui orientada pela loja e pela central a me dirigir à Localiza do Aeroporto. Lá me entregaram uma Saveiro com o sensor apitando mesmo com cinto e em velocidade normal, sem alerta no painel. Voltei à loja do Aeroporto, trocaram por outra Saveiro que apresentou o mesmo problema do sensor e ainda estava com o pisca da direita sem funcionar.

Nova tentativa de troca: não havia outra picape da categoria. Fui orientada a ir à unidade Cabula, em Salvador. Gastei tempo e combustível pra ir até lá, mas também não havia veículo pra substituição.

Voltei a ligar no 0800 e fui transferida entre vários atendentes. Um informou que eu teria desconto ( protocolo *****), e eu sugeri reverter esse desconto pra upgrade pra uma picape superior que estivesse ok. A próxima atendente disse que só resolveria na agência de origem ou que eu fosse até Camaçari, onde teria veículo disponível. Isso gera custo adicional pra mim.

Registro minha insatisfação total. Aluguei um veículo pra usar, não pra passar por manutenção, deslocamentos extras e custo de combustível.

Solicito:
1. Ressarcimento dos custos de deslocamento entre unidades
2. Upgrade pra uma picape da categoria contratada, em perfeito estado, sem custo adicional
3. Desconto compensatório pelo tempo perdido e transtorno",https://www.reclameaqui.com.br/localiza-aluguel-de-carros/reclamacao-sobre-aluguel-de-fiat-strada-com-problemas-e-substituicoes-inadequadas_l73sdTdh5OB0zq14/,,Problema Financeiro
Cobrança Indevida de Diárias Após Compra de Veículo Alugado e Promessa de Estorno Não Cumprida,RESPONDIDA,Campina Grande do Sul,PR,"Realizamos o aluguel de um veículo e ele estava para bater ******* km, então foi nos ofertado para compra. Iniciamos as simulações e tratativas para compra próximo ao fim do contrato de locação, a vendedora que estava nos atendendo (Thaina) nos disse que não era necessário devolver o veículo mesmo que o contrato de locação estivesse acabando, visto que seguimos com a compra do mesmo. Na ocasião, ela disse que seriam cobradas diárias no cartão (após término da locação) mas que seriam estornadas depois devido a compra do veículo (conforme print em anexo), porém, já faz mais de um mês que finalizamos a compra e nada de estorno das diárias no cartão. Ligamos em todos os números, e um fica jogando para o outro e ninguém efetivamente resolve o problema. Nós só não devolvemos o veículo ao término da locação por orientação direta da vendedora, e agora estamos tendo que arcar com os custos adicionais.",https://www.reclameaqui.com.br/localiza-aluguel-de-carros/cobranca-indevida-de-diarias-apos-compra-de-veiculo-alugado-e-promessa-de-estorno-nao-cumprida_K_nHAvDovayKZOYv/,,Problema Financeiro
Cobrança indevida de quilometragem excedente após 10 meses de aluguel e troca de veículo,RESPONDIDA,Rio de Janeiro,RJ,"Aluguei um carro na agência Localiza do ***** e já estou com o carro por 10 meses com aluguel mensal. Pago mensalmente a fatura e foi solicitado semana passada para ir a loja efetuar a substituição do carro, devido a alta quilometragem e estariam retirando o veículo de circulação para locação. Fui até a Localiza dia ***** e fiz conforme pediram na parte da manhã. Ao chegar em casa recebi uma notificação da operada do cartão de crédito de uma cobrança absurda da Localiza no valor de R$ 16.999,00, não autorizei e liguei para eles e fui informada que seria a quilometragem excedente do período de 8 meses que não foi cobrada, mas discordo dessa prática porque o valor não procede e como cobraram a quilometragem excedente nos 2 primeiros meses, considerei que estavam fazendo isso mensalmente ja que os valores viam com variação devido uso de pedágio, estacionamentos . Mudaram a forma de cobrança mensal sem aviso prévio e ao devolver o carro veio essa cobrança com apenas 2 dias para efetuar o pagamento. Enviei um e-mail contestando e solicitei a quilometragem ultilizada mensalmente . Até o momento não responderam o e-mail e já tem 3 dias que enviei e a cobrança continua inclusive por e-mail. Preciso de solução e análise urgente desse valor absurdo.

*****",https://www.reclameaqui.com.br/localiza-aluguel-de-carros/cobranca-indevida-de-quilometragem-excedente-apos-10-meses-de-aluguel-e-troca-de-veiculo_atO4g-SiqhoNo3Zo/,,Problema Financeiro
Demora no estorno do carro alugado,NÃO RESPONDIDA,Olinda,PE,"Devolvi um carro alugado dia 06/05/26 e até dia 29/05/26 não recebi o estorno que consta na fatura do aluguel. Solicitei diversas vezes o comprovante do reembolso para resolver com a operadora do cartão, porém só me informam que já foi feito e para eu esperar 5 dias úteis. Detalhe: na segunda solicitação disseram que refizeram, logo não fizeram a primeira vez porque ninguém fazer um reembolso duas vezes.

Não é a primeira vez. Toda vez que tenho reembolso pela localiza eu tenho que lembrá-los de fazer e ficar cobrando pra que seja feito.

Desrespeito com o cliente!",https://www.reclameaqui.com.br/localiza-aluguel-de-carros/demora-no-estorno-do-carro-alugado_CCAy_il2a0asnTbu/,,Problema Financeiro
Solicitação de ressarcimento de danos em veículo alugado pela Localiza e agendamento de reparos urgentes.,NÃO RESPONDIDA,Suzano,SP,"No dia 09/03 do corrente ano, houve uma colisão envolvendo o meu veículo e um veículo alugado pela empresa Localiza. Em razão do valor moderadamente elevado dos danos apurados (R$ 11.026,29), foi necessário o acionamento do serviço de ressarcimento.

O orçamento foi elaborado junto a um prestador de serviços filiado e indicado pela própria Localiza, contemplando os seguintes itens:

Mão de obra: R$ 1.980,00
Alinhamento da tampa traseira: R$ 150,00
Para-choque traseiro: R$ 1.358,21
Para-choque traseiro interno: R$ 2.011,18
Lanterna traseira direita: R$ 2.693,45
Lanterna traseira esquerda: R$ 2.693,45
Alma do para-choque traseiro: R$ 140,00

Entretanto, desse montante, somente o valor referente à mão de obra, no importe de R$ 1.980,00, foi efetivamente pago. Os demais valores permaneceram sob ressalva, condicionados à comprovação e confirmação da efetiva realização dos serviços e substituição das peças mencionadas.

Contudo, o prestador de serviços informou que, para a realização dos demais reparos e substituições, é necessário o prévio agendamento do veículo. O que, até o presente momento, ainda não ocorreu.

Contudo, há a alegação de que os reparos poderiam ser realizados junto a outro prestador de serviços, o que não corresponde à realidade. Isso porque, caso o serviço seja executado fora da rede indicada ou sem a devida autorização, há o risco de perda do direito ao ressarcimento dos valores pendentes.

Diante do exposto, solicito uma solução definitiva para a situação, esclarecendo formalmente se os serviços podem, de fato, ser realizados em qualquer outro prestador sem prejuízo ao ressarcimento. Caso contrário, requer-se que seja providenciado, com urgência, o devido agendamento para realização dos reparos junto ao prestador autorizado.",https://www.reclameaqui.com.br/localiza-aluguel-de-carros/solicitacao-de-ressarcimento-de-danos-em-veiculo-alugado-pela-localiza-e-agendamento-de-reparos-urgentes_GUIvZC3qTV43yufb/,,Sinistro e Acidente
Cobrança de multa de rodízio indevida após locação de veículo em São Paulo,NÃO RESPONDIDA,São Paulo,SP,"Fiz uma locação de um dia no Terminal Rodoviário da Barra Funda no dia 06/05/2026. Para a minha surpresa, hoje recebi uma cobrança de uma multa relacionada ao rodízio de veículos na cidade de São Paulo. Quando realizei a locação, me entregaram um carro que estava no dia do rodízio do veículo e não me alertaram sobre isso. Como qualquer cliente de locadoras de veículos, não me atentei para a placa do veículo supondo que jamais me entregariam um veículo que estaria impedido de circular naquela data. Levei a multa no próprio dia da locação enquanto estava me dirigindo para o local aonde eu iria me hospedar. Entrei em contato com a Localiza e me foi informado que muito dificilmente a Localiza vai resolver esse problema. Eu enfatizei que, apesar do custo da multa (***** reais), eu ainda terei 4 pontos na minha CNH. Segundo a atendente, eu seria o responsável de verificar a placa do veículo e me assegurar que não estava no dia do rodízio, mesmo que eu não resida na cidade de São Paulo. Isso me pareceu mais um absurdo pois é a empresa que deveria se atentar para isso e não o cliente que vai locar um veículo por somente um dia, ou seja, eu teria que me locomover por taxi porque o veículo o qual eu fiz a locação estaria impedido de circular na cidade! Eu acho que, no mínimo, a Localiza deve se responsabilizar pelo ocorrido pois isso pode vir a me prejudicar imensamente, não só pelo valor que eu paguei pela multa mas, principalmente, pelos pontos na minha CNH. Não vou entrar na questão se houve má fé ou negligência por parte da empresa, somente quero o que é justo e, nesse sentido, não há como se justificar pois seria somente olhar a placa do veículo e a data da infração para comprovar que me locaram um veículo impedido de circular. Não acho justo eu ter que pagar pela locação, pela multa e pelos pontos na CNH. Se o veículo está impedido de circular por qualquer motivo, nunca deveria ser colocado para uma locação de somente um dia. Peço que, no mínimo, revertam esses pontos da minha CNH para que isso não me traga prejuízos maiores.",https://www.reclameaqui.com.br/localiza-aluguel-de-carros/cobranca-de-multa-de-rodizio-indevida-apos-locacao-de-veiculo-em-sao-paulo_ovfY7cKvQB-q_E7c/,,Problema Financeiro
Cobrança de caução não informada e valor de cancelamento superior ao previsto pela Localiza,NÃO RESPONDIDA,Paulista,PE,"Infelizmente tive uma experiência negativa com a localiza. Sempre gosto de alugar carros com eles, porém fiz uma locação e no site dizia que era sem caução, quando foi no dia disseram que a caução era 2500 reais , eu não tinha me programado já que disseram no começo que dessa vez a caução seria zero. Também no app estava dizendo que se cancelasse era um valor. Quando eu cancelei cobraram o dobro. Triste.",https://www.reclameaqui.com.br/localiza-aluguel-de-carros/cobranca-de-caucao-nao-informada-e-valor-de-cancelamento-superior-ao-previsto-pela-localiza_E4g5JSXRzFu2X02Q/,,Problema Financeiro
"Localiza: Falta de Informação, Atendimento Ruim e Impossibilidade de Cancelamento de Contrato de Locação",NÃO RESPONDIDA,São Paulo,SP,"Meu carro foi levado para oficina há 6 dias e até o momento não tenho informações sobre o problema e o prazo de conserto. O canal de WhatsApp não responde de maneira clara e objetiva, passa de atendente a atendente mas nenhum que posiciona a situação. Pedi o cancelamento do contrato de locação e nem isso consegui. Escolhi a Localiza pois acreditei que a empresa me prestaria um bom serviço quando fosse necessário, mas isso foi ilusão. A percepção de marca não condiz com a realidade da empresa. Não caiam na ilusão da Localiza, optem por opções mais baratas, o preço deles não justifica em nada o nível de serviço prestado pela companhia.",https://www.reclameaqui.com.br/localiza-aluguel-de-carros/localiza-falta-de-informacao-atendimento-ruim-e-impossibilidade-de-cancelamento-de-contrato-de-locacao_EjBKvynl9ZGCO02q/,,Tempo de Atendimento
Impossibilidade de Contato com Suporte para Recuperação de Conta,RESPONDIDA,Mococa,SP,Estou tentando a quase 1 mês entrar em contato com suporte ou algo assim para mudar meu e-mail e celular para recuperar minha conta e é impressionante como não há nada que ajude nesta parte.,https://www.reclameaqui.com.br/localiza-aluguel-de-carros/impossibilidade-de-contato-com-suporte-para-recuperacao-de-conta_NfGHoPq672AKL7mD/,,Outros
Sistema fora do ar e cobrança indevida de taxa de cancelamento por serviço não prestado,RESOLVIDO,Bálsamo,SP,"Fiz uma reserva de locação para a data do dia 24/06/2026 as 9:00 da manhã, chegando ao local da retirada o atendente disse que não seria possível realizar a locação pois o sistema estava fora do ar, embora tenha tentado após ser extremamente mal educado disse que não foi possível finalizar o procedimento , mesmo assim gerou cobrança de uma taxa de cancelamento de um serviço no qual eles não entregaram por falta de sistema e profissionalismo",https://www.reclameaqui.com.br/localiza-aluguel-de-carros/sistema-fora-do-ar-e-cobranca-indevida-de-taxa-de-cancelamento-por-servico-nao-prestado_fSqxkIlNVdHjK5JS/,5.0,Problema Financeiro
"Cobrança abusiva por arranhão em calota de veículo alugado, cliente ameaça buscar justiça.",RESOLVIDO,Manaus,AM,"Localiza, estou dando essa chance para você se retratar e me provar, se não eu vou buscar meus direitos na justiça! Sou cliente assíduo, platina, o tanto que já aluguei com vocês deve custar o valor de um Kwid zero! Mas ontem foi o absurdo o que fizeram, me cobraram quinhentos e quarenta reais por um arranham na calota e ainda fui obrigado a pagar isso, com a desculpa que o valor é para a troca do conjunto todo. Cansei de alugar com vocês e vir carros arranhados, com pequenos amassados e PRINCIPALMENTE, calotas arranhadas, vocês cobram um absurdo desses e não fazem o serviço, é só pra ganhar mais dinheiro! Eu sei exatamente qual é o carro e tenho foto do arranhado, se vocês não enviarem foto comprovando e me mostrando pessoalmente que UMA CALOTA DO CARRO foi realmente trocada apoia me cobrarem esse valor ABSURDO, eu vou acionar meus advogados e vamos ter sérios problemas na justiça, pois isso foi abusivo! Uma calota não custa nem 120 reais e você cobram um absurdo desses! Fico no aguardo de pelo menos a comprovação de que tudo foi feito mesmo ou que façam o estorno dessa taxa abusiva! No aguardo.",https://www.reclameaqui.com.br/localiza-aluguel-de-carros/cobranca-abusiva-por-arranhao-em-calota-de-veiculo-alugado-cliente-ameaca-buscar-justica_qmFztiwHL5-WmSpS/,10.0,Problema Financeiro
Restrição no CPF impede retirada de veículo reserva de empresa com contrato de frota,RESPONDIDA,Goiânia,GO,"Prezados,

Ao tentar realizar a retirada de veículo reserva em nome da empresa que trabalho, a qual tem contrato de frota junto à Localiza, fui informado da existência de uma restrição vinculada ao meu CPF, impossibilitando a retirada do veículo para dar continuidade ao meu trabalho

Diante disso, solicito, por gentileza, esclarecimentos formais sobre:

o motivo da restrição aplicada ao meu CPF; *****
qual a origem da informação utilizada para o bloqueio;
se existe algum procedimento, ocorrência ou comunicação vinculada ao meu cadastro;
e quais medidas são necessárias para eventual regularização.
Informo que a restrição está causando prejuízos profissionais, importante lembrar que quem tem contrato com a localiza é a empresa que trabalho, sou somente o condutor, razão pela qual solicito retorno por escrito com a maior brevidade possível.
Este impedimento está me prejudicando no trabalho, peço por favor, esclarecimentos.

Saliento que não tenho RESTRIÇÕES em meu nome.

Atenciosamente. *****",https://www.reclameaqui.com.br/localiza-aluguel-de-carros/restricao-no-cpf-impede-retirada-de-veiculo-reserva-de-empresa-com-contrato-de-frota_hZim65Wa0NWXCn3R/,,Bloqueio de Cadastro
Localiza cobra taxa por não retirada de veículo que a própria empresa impediu o aluguel,RESPONDIDA,São Sebastião,SP,"No dia 14/03 estive pessoalmente na Agencia LOCALIZA do municipio de São Sebastião/SP para realizar o cadastramento e realizar a reserva um veiculo para viagem planejada para o dia seguinte - (em 15/03). O cadastro e a reserva do veiculo foram realizados normalmente no ato da reserva.

No dia 15/03 conforme agendado, fui retirar o veiculo na Agencia LOCALIZA São Sebastião e no momento da retiradao do veiculo fui informado que meu cadastro não havia sido aprovado ( o motivo não foi explicado, o atendente disse que não disponha de tal informação do motivo da não aprovação, somente que meu cadastro não tinha sido aprovado). Além dos transtornos ocasionado pela comunicação da não aprovação SOMENTE NO MOMENTO DA RETIRADA DO VEICULO, já com as malas prontas ouve um fato extremanete estranho.

Apos 1 mes do ocorrido, recebo em minha fatura de cartão de credito a cobrança do valor de R$ 122,68, ao entrar em contato via SAC com a LOCALIZA, (Protocolo *****) recebo a informação que esse valor se refere a uma taxa por ocasião de ""Quando o veículo não é retirado na data prevista"".

Olhem o ABSURDO, a LOCALIZA não PERMITIU que eu alugasse o veiculo e agora me cobra um valor por exatemente ""não ter retirado o veiculo?""
Essa ação demostra TOTAL MÀ ÍNDOLE e MÁ FÉ, por parte da Localiza - São Sebastião.
Repito, a LOCALIZA não permitiu que eu alugasse o veiculo e AGORA ME COBRA extamente por não ter retirado o veiculo?

A LOCALIZA esta sendo extremamente sacana, não permitiu a locação e COBRA por eu não ter retirado o veiculo, sendo que na da a e horario agendado previsamente estive no local, e somente no momento da retirado do veiculo fui informado que não permitiram a locação.
a LOCALIZA esta ABUSANDO do cliente. Não permitindo a locação somente no omento da retirado do veiculo e ainda por cima COBRANDO R$ 122,68 exatamente por eu não ter retirado o veiculo! ABSURSO
,e agindo de MÀ FÈ!

Outro absurdo é que em nenhum momento fui informado dessa taxa, somente ficando sabendo do ocorrido apos receber a cobrança e entrando em contato com o SAC/ SUPORTE.
Estou prorando meus direitos como consumidor e entrarei com processo contra a empresa! primeiro passo foi a reclamação via Reclame-aqui, irei ao PROCON e tambem irei acionar a empresa na Justiça por ocasião da cobrança INDEVIDA.

LOCALIZA agiu de má fé, se mostrando uma empresa [Editado pelo Reclame Aqui], me cobrando por algo que a propria empresa não permitiu.

Em resumo: a LOCALIZA não permitiu que eu alugasse o veiculo e ela mesma me cobra INDEVIDAMENTE por não ter alugado.
em resumo agem como [Editado pelo Reclame Aqui]!

Caso algum advogado se interesse pelo caso, favor me contactar",https://www.reclameaqui.com.br/localiza-aluguel-de-carros/localiza-cobra-taxa-por-nao-retirada-de-veiculo-que-a-propria-empresa-impediu-o-aluguel_pyQICkOKMqQnfwur/,,Problema Financeiro
Cobrança indevida de lavagem de carro alugado e veículo com problemas,RESOLVIDO,Volta Redonda,RJ,"Fiz a locação de um carro na Localiza e primeiro me locaram um carro que estava cheio de problema, tive que retornar no dia seguinte para trocar o carro pois nao tinha como andar no carro. No momento da locação a atendente me ofereceu a lavagem do carro dizendo que se nao pagasse no momento e deixasse pra devolução custaria o dobro do preco, resolvi aceitar por esse motivo. Apos 2 dias com o carro ao devolver o carro estaca impecavel e não precisava de lavagem nenhuma. A pessoa que recebeu e conferiu o veiculo me isentou da lavagem, porem a atendente disse que não estava conseguindo fazer o estorno no sistema. Resumindo me cobraram ma lavagem desnecessária e fiquei muito indignada. Tirei fotos do carro na devolução e vou anexar aqui",https://www.reclameaqui.com.br/localiza-aluguel-de-carros/cobranca-indevida-de-lavagem-de-carro-alugado-e-veiculo-com-problemas_fXCCJIGm9PIO1e5B/,10.0,Problema Financeiro
Objeto esquecido em veículo de locação não localizado pela Localiza,RESPONDIDA,Rio de Janeiro,RJ,"À Central de Atendimento ao Cliente Localiza

Ref.: Contrato de Locação ***** Objeto esquecido no veículo

Prezados,

Dados da locação
Entreguei o veículo modelo Nissan Kicks Sense Plus FL no dia *26/05/2026, por volta das 12h*, na unidade Copacabana-RJ, Av. *****, *****.
Contrato n: *****


Deixei dentro do carro, na parte acima do porta-malas, uma caixa acústica Bose, modelo Black Diamond, cor preta, tamanho pequeno. O item não foi retirado no momento da entrega por esquecimento.
27/05/2026: Retornei à unidade. Na devolução, fui encaminhado à recepção e atendido por uma funcionária morena, de cabelo liso. Após checar os dados do contrato, ela informou que iria ao pátio verificar. Ao retornar, disse que o carro havia sido transferido para a garagem de Botafogo e que fariam a verificação. Anotou meu telefone e afirmou que entraria em contato, independente de localizar o item. Não recebi retorno.
28/05/2026: Voltei à unidade pela manhã. Outra atendente me recebeu, checou o contrato novamente e foi até a garagem. Ao retornar, nos informou que entrou em contato mas que só caiu na caixa postal. Em seguida, afirmou que ninguém localizou a caixa acústica.

Solicitação:
Considerando que o veículo deveria passar por verificação e higienização após a devolução, é razoável que o item tenha sido encontrado. O valor não é o ponto principal: tenho apreço sentimental pela caixinha.

Solicito que:
1. Verifiquem as câmeras de segurança da unidade de Copacabana e da garagem de Botafogo entre 26/05 e 28/05/2026;
2. Analisem o processo de vistoria e limpeza do veículo Nissan Kait Sense Plus FL;
3. Identifiquem o responsável e me deem um posicionamento formal sobre o ocorrido.

Aguardo retorno urgente com a resolução do caso.

Atenciosamente, *****

AC:

*****
CPF: *****
Telefone: *****
E-mail: *****",https://www.reclameaqui.com.br/localiza-aluguel-de-carros/objeto-esquecido-em-veiculo-de-locacao-nao-localizado-pela-localiza_TdsyuhrdBhjx7yXU/,,Qualidade do Veículo
"Indignação com a Localiza: Acidente de Trânsito com Veículo da Empresa, Ausência de Suporte e Danos Materiais e à Saúde",RESPONDIDA,Fortaleza,CE,"Venho registrar minha indignação com a postura da Localiza diante de um acidente de trânsito ocorrido no dia 18/05/2026, em Fortaleza/CE, envolvendo um veículo vinculado à empresa.

Meu veículo foi atingido na traseira em um engarrafamento, causando uma colisão em sequência. O próprio condutor responsável assumiu o erro no local, informou que arcaria com os prejuízos e forneceu contato telefônico. Porém, após o ocorrido, simplesmente desapareceu e deixou de prestar assistência.

Ao procurar a Localiza em busca de suporte, orientação e auxílio para resolução do problema, fui completamente desamparada. A empresa não ajudou em absolutamente nada, não demonstrou interesse em intermediar a situação e tampouco ofereceu qualquer suporte diante dos danos causados por um veículo sob sua responsabilidade contratual.

Além dos danos materiais no veículo, os prejuízos ultrapassaram a questão financeira.

A condutora lesionou o pescoço em razão do impacto, precisando permanecer cerca de 10 dias afastada por atestado médico, fazendo uso de medicações e iniciando sessões de fisioterapia. Felizmente, a situação não se tornou ainda mais grave, considerando a violência da colisão.

Os danos incluem:

* Prejuízos materiais no veículo;
* Gastos com medicação;
* Gastos médicos e fisioterapia;
* Limitação física e dores decorrentes do acidente;
* Gastos contínuos com transporte por conta da impossibilidade de utilização do carro;
* Abalo emocional e transtornos causados pela situação;
* Total ausência de suporte da empresa e desaparecimento do responsável.

Foi registrado Boletim de Ocorrência n ***** para formalização dos fatos.

A postura da Localiza diante do caso demonstra completo descaso com os danos sofridos e com a segurança das pessoas envolvidas. O mínimo esperado seria acolhimento, orientação e tentativa de resolução do problema, especialmente diante de um caso que envolve prejuízos materiais, danos à saúde e impactos emocionais.

Solicito um posicionamento urgente da empresa, bem como responsabilização pelos danos materiais e morais causados.",https://www.reclameaqui.com.br/localiza-aluguel-de-carros/indignacao-com-a-localiza-acidente-de-transito-com-veiculo-da-empresa-ausencia-de-suporte-e-danos-materiais-e-a-saude_MgcZjTz21kXR-_CQ/,,Sinistro e Acidente
Solicitação de Revisão e Desbloqueio de Cadastro na Localiza,RESOLVIDO,Rio de Janeiro,RJ,"Prezados,

Venho, por meio desta, solicitar a revisão e o desbloqueio do meu cadastro junto à Localiza, que se encontra bloqueado desde o dia 30/12/2025.

Até o presente momento, não fui informado de qualquer motivo que justificasse tal bloqueio, motivo pelo qual entendo que a restrição ocorreu sem motivo aparente. Ressalto que não tenho conhecimento de qualquer pendência, irregularidade ou situação que pudesse ensejar essa medida.

Dessa forma, solicito esclarecimentos sobre as razões do bloqueio e a reavaliação do meu cadastro, com o consequente desbloqueio, caso não exista impedimento legítimo para sua manutenção. Caso seja necessária a apresentação de documentos ou informações complementares, coloco-me à disposição para fornecê-los prontamente.

Agradeço a atenção e solicito um retorno o mais breve possível, com as devidas informações sobre o caso e as providências necessárias para a regularização da situação.",https://www.reclameaqui.com.br/localiza-aluguel-de-carros/solicitacao-de-revisao-e-desbloqueio-de-cadastro-na-localiza_wUwXy5xayZI_xV6T/,10.0,Bloqueio de Cadastro
Cobrança indevida e estorno não realizado em locação de veículo,RESPONDIDA,São Mateus,ES,"Locamos um veículo no dia 07/04 para 10 dias e 2 dias depois fizeram 2 cobranças sem autorização no cartão cadastrado na empresa. Prorrogamos o contrato por mais 10 dias e daí começaram os descontos dia sim, dia não, mais ou menos de valores como se fosse uma diária. Mesmo estando todas pagas previamente. Hoje, 28/05/2026 já somam quase 5mil em descontos indevidos. Já fomos na empresa reclamar e solicitar o estorno, perdemos horas esperando resposta de um e-mail. Disseram q no outro dia o valor seria estornado. Isso repetiu-se por 3 vezes pelo menos. Até q estornaram um valor q não dava 30% do valor total q estava no dia. E até hoje não tivemos mais retorno. Não sabemos mais o q fazer mas quero o dinheiro de volta. E já estamos acionando a justiça para garantirmos nossos direitos.e espero que todos aqui façam o mesmo até q esta empresa comece a respeitar seus clientes.",https://www.reclameaqui.com.br/localiza-aluguel-de-carros/cobranca-indevida-e-estorno-nao-realizado-em-locacao-de-veiculo_c0as5wLVGRXzS1Hh/,,Problema Financeiro
Demora excessiva no retorno de orçamento para locação de furgão.,NÃO RESPONDIDA,Piedade,SP,"Boa tarde
Estou aguardando um orçamento de locação de um furgão há 15 dias.
Já entrei em contato três vezes por telefone e a pessoa que me atende diz que o orçamento está com uma pessoa do depto responsável e que está enviando mensagem a ela e que vou receber o orçamento por email.
Não sei qual o prazo que normalmente a Localiza retorna as solicitações de orçamento, mas acredito que 15 dias não seja o normal, nem que seja para dizer que não há interesse em retornar.",https://www.reclameaqui.com.br/localiza-aluguel-de-carros/demora-excessiva-no-retorno-de-orcamento-para-locacao-de-furgao_-klq1Jbq9Ie6YbBF/,,Tempo de Atendimento
Preço abusivo,RESPONDIDA,Campo Grande,MS,"Peguei um carro da seguradora por conta da seguradora, após acidente com meu carro, e durante o uso o parabrisa trincou, quando fui entregar me cobraram 2140 reais pela troca do parabrisa, além de pagar o seguro ainda tive esse prejuízo",https://www.reclameaqui.com.br/localiza-aluguel-de-carros/preco-abusivo_iUPEMJ5zXNIJNRU0/,,Sinistro e Acidente
"Problemas com locação de carro: dificuldade de conexão, vidros sujos e falha na TAG de pedágio",RESOLVIDO,São Vicente,SP,"Eu fiz a locação de um dia recentemente e a experiência não foi nada agradável. Começou pela dificuldade de conectar o celular com o carro para a liberação da porta. A gente fez todos os procedimentos e nada resolvia, dois colaboradores nos ajudaram e conseguimos resolver graças a eles, não ao sistema ruim.

Adiante, os vidros do veículo estavam com uma oleosidade horrível que atrapalhava a visibilidade. No mesmo sentido, os retrovisores externos estavam sujos.

Por fim, para piorar tudo isso, eu havia habilitado a TAG, sempre alugo com a tag desde quando implementou. Quando fui passar no pedágio bloqueou e disse que não tinha sido autorizado, tive que pagar ali na hora. Enfim, o sistema pelo visto não é dos melhores e ainda precisa de muitos ajustes, mas fica aqui a indignação.",https://www.reclameaqui.com.br/localiza-aluguel-de-carros/problemas-com-locacao-de-carro-dificuldade-de-conexao-vidros-sujos-e-falha-na-tag-de-pedagio_jHxjYjBHk-nd2IST/,10.0,Falha no App / Reserva
Multa saindo da agência da localiza do aeroporto em Maceió,RESPONDIDA,Niterói,RJ,"Aluguei um carro em Maceió na agencia do aeroporto no dia 21/05 e quando estava saindo da agencia tomei uma multa da guarda municipal alegando que eu estava em via que não era permitido parar, porem estava saindo da agencia eu e mais dois carros de amigos e os dois carros também tomaram multa, estávamos com o alerta ligado, na via auxiliar que na verdade tinha acabado de sair da agencia de vocês.",https://www.reclameaqui.com.br/localiza-aluguel-de-carros/multa-saindo-da-agencia-da-localiza-do-aeroporto-em-maceio_FN-BreSuPfYGKe6D/,,Multa e Infração
Problema com Adição de Condutor Jovem e Cobrança Indevida Após Retirada de Veículo,RESPONDIDA,Caxias do Sul,RS,Fiz uma reserva. Fui retirar o veículo Antes da retirada cheguei no balcão e perguntei para as atendente como eu adicionava o condutor jovem . Elas me falaram que só após a retirad do veículo eu poderia adicionar o condutor . Retirei o veículo cheguei até o balcão novamente e dei o CPF da pessoa ao qual iria adicionar. Estava com viagem marcada para a data . Eu só iria adicionar meu enteado porque ele iria viajar comigo e eu não estava sem condições de pegar estrada pois estava tomando medicamentos para um tratamento ao qual já conclui aí então me falaram q não tinha como adicionar ele pois o cadastro dele não passou . Que só daqui alguns meses para tentar novamente aí então questionei não há nada q possa fazer pois peguei o carro só pq nós iríamos viajar.e elas falaram que não tinha oque fazer pois já havia sido retirado o veículo e aquela diária seria cobrada . Ainda peguei o pacote premium peguei o carro e me fui para casa . Entrei em contato com a central me falaram a mesma coisa que se eu devolvesse o veículo era cobrado aquela diária . Foi um dinheiro jogado fora . Andei 10km de carro da loja até minha casa vise e versa,https://www.reclameaqui.com.br/localiza-aluguel-de-carros/problema-com-adicao-de-condutor-jovem-e-cobranca-indevida-apos-retirada-de-veiculo_2ju0h6_WPHdFoJ57/,,Problema Financeiro
Insatisfação com atendimento na agência Localiza Guarulhos e problema com marcador de combustível,RESOLVIDO,São Paulo,SP,"Venho registrar minha insatisfação com o atendimento recebido na agência da Localiza no Aeroporto Internacional de Guarulhos no dia 27 de maio.

Ao chegar do meu voo, procurei o balcão da Localiza dentro do terminal internacional para realizar uma locação utilizando a tarifa extensão, benefício oferecido pela minha empresa. Fui inicialmente atendido pela funcionária Mercedes, porém infelizmente a experiência foi extremamente desagradável.

Expliquei diversas vezes qual era a modalidade correta da locação e o benefício que deveria ser aplicado, mas a atendente parecia não ouvir o cliente e demonstrava estar muito mais preocupada com a comissão da reserva do que propriamente em prestar um atendimento adequado. Inclusive, deixou claro em diversos momentos que o que importava era a comissão que receberia pela locação.

Por conta dessa falta de atenção e preparo, quase fui obrigado a pagar praticamente o dobro do valor correto da reserva. Foi necessário explicar e reexplicar toda a situação até que a atendente Giovanna assumisse o atendimento e finalmente conseguisse resolver o problema corretamente.

Infelizmente, os transtornos não pararam por aí. Ao retirar o veículo e sair da agência, notei que o marcador de combustível perdeu imediatamente um ponto do tanque, indicando claramente que o carro provavelmente já estava rodado anteriormente. Quem costuma alugar veículos sabe que, quando o tanque realmente está completamente cheio, o primeiro ponto normalmente não baixa imediatamente ao sair com o carro.

Sou cliente antigo da Localiza e justamente por isso me senti ainda mais desrespeitado com toda essa experiência. Falta mais atenção ao cliente, mais transparência e mais cuidado na entrega dos veículos e no treinamento da equipe.

A experiência na agência de Guarulhos foi extremamente ruim e deixou uma impressão muito negativa da empresa.",https://www.reclameaqui.com.br/localiza-aluguel-de-carros/insatisfacao-com-atendimento-na-agencia-localiza-guarulhos-e-problema-com-marcador-de-combustivel_mX7SS6A_pJOQrw-T/,10.0,Falha no App / Reserva
"Veículo Reserva da Localiza Entregue Sem Freios, Colocando a Vida de Clientes em Risco e Recusando Suporte",NÃO RESPONDIDA,Belo Horizonte,MG,"Prezados,
Venho por meio desta formalizar uma reclamação de extrema gravidade a respeito do atendimento e das condições do veículo reserva fornecido pela Localiza (Contrato de Frota/Corporativo vinculado à minha empresa, Enova Foods).

Como meu veículo habitual (Fiat Argo) precisou de manutenção no sistema de luzes de freio processo que já me gerou transtornos, exigindo a ida a três locais diferentes até encontrar um fornecedor homologado , foi-me disponibilizado um carro reserva: um Chevrolet Onix, placa *****.

No veiculo reseva, durante o usao notei um barulho excessivo e extremamente preocupante ao acionar os freios. Diante do risco, desloquei-me imediatamente até a agência da Av. Barão Homem de Melo, em Belo Horizonte.

Na unidade, um dos colaboradores realizou um teste de rodagem e constatou o absurdo: o veículo estava rodando completamente sem pastilha de freio, no ferro, colocando a minha vida e a de terceiros em risco iminente.

A partir desse diagnóstico, o descaso da empresa só aumentou:

Fui direcionado a outro colaborador para resolver a substituição do carro. Fui informado de que não havia veículos da mesma categoria disponíveis e que nada poderia ser feito.

Buscando uma solução amigável e segura, perguntei se poderiam me liberar um veículo de categoria superior. Recusado.

Perguntei se poderiam me liberar um veículo de categoria inferior (visando estritamente a minha segurança). Também recusado, sob a alegação de ""impedimentos contratuais"".

Ponderei explicitamente que tinha uma viagem programada e que precisava de suporte. O atendente simplesmente negou o auxílio. Quando avisei que, por extrema necessidade profissional, teria que viajar com o carro naquele estado, o colaborador apenas anuiu, demonstrando total indiferença.

É inadmissível que uma empresa do porte da Localiza entregue um carro reserva sem a devida revisão básica de segurança. A preocupação com a integridade física do usuário foi igual a zero.

Deixo formalizado, Caso ocorra qualquer sinistro que afete a minha integridade física, a minha vida ou a de terceiros, a responsabilidade civil e criminal será integralmente da LOCALIZA, dado o prévio aviso e a recusa de suporte em agência.",https://www.reclameaqui.com.br/localiza-aluguel-de-carros/veiculo-reserva-da-localiza-entregue-sem-freios-colocando-a-vida-de-clientes-em-risco-e-recusando-suporte_EWgzZb5Tkm7fI-kk/,,Sinistro e Acidente
Problemas com cupom Mastercard Surpreenda e benefício de upgrade de categoria na Localiza,NÃO RESPONDIDA,São Paulo,SP,"Prezados,

Estou enfrentando problemas ao tentar utilizar os benefícios vinculados à promoção da Mastercard Surpreenda na Localiza.

Ao aplicar o cupom promocional *****, o sistema apresenta a seguinte mensagem:

Código promocional não é válido para essa agência de retirada.

Gostaria de solicitar a verificação e ajuste do cupom para que ele possa ser utilizado corretamente na agência selecionada.

Além disso, também não estou conseguindo utilizar o benefício de upgrade de categoria por ser cliente Platinum no programa de fidelidade da Localiza. O sistema não disponibiliza a opção/benefício durante a reserva.

Peço, por gentileza, a análise dessas duas situações e um retorno com a solução ou orientações para utilização correta dos benefícios.

Atenciosamente,
*****",https://www.reclameaqui.com.br/localiza-aluguel-de-carros/problemas-com-cupom-mastercard-surpreenda-e-beneficio-de-upgrade-de-categoria-na-localiza_Pgah0Jk7Ic36Xghd/,,Falha no App / Reserva
Não consigo cadastrar cartão de crédito para pagamento e a empresa não oferece suporte adequado.,RESPONDIDA,Curitiba,PR,"Estou tentando há tempos cadastrar um cartão de crédito para pagamento e nunca dá certo, tentei ligar diversas vezes e ninguém resolve, fui na agência também não quiseram me ajudar dizendo que retirada digital tenho que fazer pelo aplicativo, sendo que na hora de reservar obrigam a ser digital, não tem outra forma, sou cliente a anos e serei obrigado a trocar de locadora visto descaso dos atendentes desta empresa.",https://www.reclameaqui.com.br/localiza-aluguel-de-carros/nao-consigo-cadastrar-cartao-de-credito-para-pagamento-e-a-empresa-nao-oferece-suporte-adequado_03l9bO4HwStwTxhN/,,Problema Financeiro
Cobrança de multa por carro com restrição de rodízio em São Paulo,RESPONDIDA,São Paulo,SP,"Aluguei um carro na Filial Consolação, centro de São Paulo - Capital. Contrato de locação número *****. Me entregaram um carro proibido de circular em São Paulo por contado rodízio. Hoje recebi um multa relativa a esse impedimento. Gostaria de cancelar esse débito no meu cartão de crédito.",https://www.reclameaqui.com.br/localiza-aluguel-de-carros/cobranca-de-multa-por-carro-com-restricao-de-rodizio-em-sao-paulo_a-o6aPdUeh_eqtkW/,,Problema Financeiro
Reclamação sobre extravio de itens pessoais e mau atendimento na agência Localiza do Aeroporto de Recife,NÃO RESPONDIDA,Balneário Camboriú,SC,"Venho por meio deste registrar uma grave insatisfação e formalizar uma reclamação a respeito do atendimento e da conduta de colaboradores da agência próxima ao Aeroporto de Recife/PE.

Recentemente, loquei um veículo e o carro apresentou uma falha (bateria descarregou). Devido a esse contratempo, precisei realizar a substituição do automóvel. No momento da troca, devido à pressa e ao transtorno da situação, acabei esquecendo no console central do veículo substituído alguns objetos pessoais: meu crachá corporativo (com o cordão da empresa) e um carregador de celular.
No dia seguinte, retornei à agência para retirar os itens. Para a minha surpresa e indignação, a equipe me entregou apenas o crachá, sem o cordão. O carregador de celular simplesmente desapareceu. Fica evidente que o veículo foi acessado e que os pertences foram triados, sendo que um deles foi retido indevidamente por algum colaborador.
Ao reportar o ocorrido à supervisora de plantão, recebi uma resposta evasiva e protocolar. A profissional limitou-se a dizer que ""orientamos os colaboradores a entregarem os itens esquecidos"", eximindo a empresa da responsabilidade pelo sumiço do carregador e do cordão do crachá. Minha palavra foi completamente desconsiderada, e o caso foi tratado com absoluto descaso.
A Localiza é guardiã dos veículos e de tudo o que neles é deixado a partir do momento da devolução/substituição. A conduta da equipe configura uma falha grave na segurança, na integridade do processo de achados e perdidos e no respeito ao cliente.
Diante disso, exijo uma apuração interna rigorosa sobre o destino do meu carregador e do cordão do crachá, bem como o devido ressarcimento financeiro do valor do carregador subtraído, uma vez que o item sumiu sob a guarda desta empresa.",https://www.reclameaqui.com.br/localiza-aluguel-de-carros/reclamacao-sobre-extravio-de-itens-pessoais-e-mau-atendimento-na-agencia-localiza-do-aeroporto-de-recife_shJzLzbZUTYJqstV/,,Qualidade do Veículo
Solicitação de estorno de valor referente a upgrade de carro reserva não utilizado,RESOLVIDO,Criciúma,SC,"Via seguradora (Yellum), solicitei o carro reserva em virtude do conserto do meu veículo. O carro que foi reservado pela Localiza, conforme minha apólice, era de nível médio e manual - sendo assim, na data do aluguel, solicitei um upgrade para outra categoria com câmbio automático por 15 dias (até *****). Em virtude disso, foi me cobrado um custo adicional de 361,53R$, além do caução de 1000R$. Porém, não usei o período dos 15 dias, já que o meu veículo ficou pronto antecipadamente. Com isso, devolvi o carro no dia ***** - com isso, os 1000R$ foram estornados corretamente, mas a devolução/estorno do valor proporcional referente aos dias não usados do upgrade pago não - valor este de 144,61R$. Assim solicito que o valor seja estornado/devolvido, conforme documentação e orientação da Localiza Criciúma.",https://www.reclameaqui.com.br/localiza-aluguel-de-carros/solicitacao-de-estorno-de-valor-referente-a-upgrade-de-carro-reserva-nao-utilizado_xZ-oZqQpjfPlzhDo/,10.0,Problema Financeiro
Impossibilidade de Cancelamento de Reserva de Automóvel e Cobrança Indevida de No-Show,RESPONDIDA,Balneário Camboriú,SC,"Fiz uma reserva de um automóvel no dia 22/05 para uma viagem no dia 23/05. No momento que fui fazer a reserva informava que em caso de cancelamento seria cobrado 20% do valor da reserva.

Antes do período da viagem tentei fazer o cancelamento por diversos canais de atendimento e todos diziam que eu não poderia cancelar minha reserva. No fim, não consegui cancelar e ainda foi cobrado 30% da reserva por no-show, no valor de R$ 132,92",https://www.reclameaqui.com.br/localiza-aluguel-de-carros/impossibilidade-de-cancelamento-de-reserva-de-automovel-e-cobranca-indevida-de-no-show_PksQYl_tPQjQ8ndI/,,Problema Financeiro
Recebimento de Cobranças Indevidas e Ligações/Mensagens de Terceiros após Aquisição de Nova Linha Telefônica,RESPONDIDA,Macapá,AP,"Adquiri recentemente um chip/linha telefônica e aparentemente o número pertencia anteriormente a uma pessoa chamada Renan, eu não sou essa pessoa, eu não conheço, não faço ideia de quem seja, eu adquir a linha telefônica pela operadora com plano de internet mensal, e desde quando eu comprei eu venho recebendo mensagens e ligações de cobrança indevidas pela localiza que informa está atrás dessa pessoa de nome Renan. Já informei que o número não pertence ao cliente procurado e solicitei remoção do cadastro, mas os contatos persistem por serem automáticos e robotizados. Solicito exclusão imediata do meu número dos sistemas da empresa, em conformidade com a LGPD, cessando mensagens e ligações indevidas.",https://www.reclameaqui.com.br/localiza-aluguel-de-carros/recebimento-de-cobrancas-indevidas-e-ligacoesmensagens-de-terceiros-apos-aquisicao-de-nova-linha-telefonica_KIUBSHgR9_UPJwvj/,,Problema Financeiro
Cobrança indevida de multa após cancelamento de reserva dentro do prazo informado pela central de atendimento da Localiza,RESOLVIDO,Macapá,AP,"Realizei uma reserva pelo aplicativo da Localiza no dia 28/05. O e-mail de confirmação da reserva foi recebido às 09h32.

Antes de cancelar a reserva, entrei em contato com a central de atendimento para confirmar se haveria cobrança de multa. Fui informado de que o cancelamento poderia ser realizado sem multa em até 4 horas após a realização da reserva.

Como o e-mail de confirmação chegou às 09h32, entendi que o prazo para cancelamento sem cobrança se estenderia até 13h32. Assim, efetuei o cancelamento às 13h19, dentro desse período.

Para minha surpresa, foi cobrada uma multa de R$ 188,47. Ao entrar em contato novamente com a central, fui informado de que a reserva teria sido realizada às 09h11 e que o e-mail apenas chegou depois. Também fui informado de que nada poderia ser feito.

Entendo que agi de boa-fé, com base nas informações fornecidas pela própria empresa e nos registros que estavam disponíveis para mim. Não é razoável que o consumidor seja prejudicado por uma divergência entre o horário interno do sistema e o horário da confirmação efetivamente recebida.

Solicito a revisão da cobrança e o estorno integral da multa de R$ 188,47, considerando que segui a orientação fornecida pela central de atendimento e realizei o cancelamento dentro do prazo que me foi informado.

Segue em anexo os comprovantes com os horários dos e-mails por mim recebidos tanto da confirmação da reserva as 09:32 quanto do cancelamento as 13:19. Assim como também da multa cobrada.",https://www.reclameaqui.com.br/localiza-aluguel-de-carros/cobranca-indevida-de-multa-apos-cancelamento-de-reserva-dentro-do-prazo-informado-pela-central-de-atendimento-da-localiza_-wyidg8Ghqmrmd0K/,10.0,Problema Financeiro
Exclusão de Dados Cadastrais e Login de E-mail,RESPONDIDA,Osasco,SP,"gostaria de excluir/remover meus dados cadastrados no site. No site nao é possivel e no suporte via whatsapp nao dão opção.

Gentileza seguir com a exclusao total do cadastro do meu cpf e login:

*****",https://www.reclameaqui.com.br/localiza-aluguel-de-carros/exclusao-de-dados-cadastrais-e-login-de-e-mail_eFciYY2PssgHWWSh/,,Falha no App / Reserva
Notificação Extrajudicial: Danos Causados por Veículo da Localiza em Posto de Combustível,NÃO RESPONDIDA,Belo Horizonte,MG,"Assunto: NOTIFICAÇÃO FORMAL E ÚLTIMA TENTATIVA DE SOLUÇÃO AMIGÁVEL DANOS CAUSADOS PELO VEÍCULO *******

À
LOCALIZA RENT A CAR S/A

Prezados,

Na qualidade de representantes do Posto Miragem Ltda., CNPJ n 05.*******.*******/*******64, formalizamos a presente NOTIFICAÇÃO EXTRAJUDICIAL em razão dos danos ocasionados por veículo vinculado à Localiza, placa *******, durante abastecimento realizado em nossas dependências.

Conforme já comunicado anteriormente, o condutor realizou o acionamento indevido do veículo com a bomba ainda conectada, ocasionando grave avaria no equipamento de abastecimento, incluindo rompimento do breakaway (break), deslocamento da bomba e desprendimento da ligação entre a bomba e o tanque.

Apesar das diversas tentativas administrativas de resolução e dos contatos encaminhados à equipe da Localiza, até o presente momento não houve solução efetiva da demanda, tampouco ressarcimento dos prejuízos suportados pela empresa.

O equipamento permanece comprometido, causando paralisação operacional, perda de vendas, redução da capacidade de atendimento e expressivos prejuízos financeiros ao posto.

Diante da urgência e da omissão da Localiza quanto à resolução do caso, o reparo será realizado imediatamente pelo Posto Miragem, visando evitar agravamento ainda maior dos prejuízos.

Dessa forma, fica a Localiza FORMALMENTE NOTIFICADA para efetuar, de maneira imediata, o pagamento integral dos valores correspondentes aos danos ocasionados, sob pena de adoção das medidas judiciais cabíveis, inclusive:

Ajuizamento de ação de indenização por danos materiais e lucros cessantes;
Lavratura de boletim de ocorrência;
Pedido de tutela de urgência;
Inclusão de perdas operacionais decorrentes da paralisação do equipamento;
Condenação em custas processuais e honorários advocatícios.

Os valores deverão ser transferidos para:

POSTO MIRAGEM LTDA.
Banco Itaú
*******
Conta Corrente: *******
CNPJ: 05.*******.*******/*******64

Solicitamos manifestação e comprovação do pagamento em caráter de urgência.

Sem mais.

Atenciosamente,
P. Miragem / Grupo JBretas",https://www.reclameaqui.com.br/localiza-aluguel-de-carros/notificacao-extrajudicial-danos-causados-por-veiculo-da-localiza-em-posto-de-combustivel_oIMJUK8yagzFMDdQ/,,Sinistro e Acidente
Cobrança de No-Show Abusiva Após Reserva na Localiza,RESOLVIDO,São Paulo,SP,"Fiz uma reserva na Localiza no dia 17/05/206 não cancelei pois fiz uma nova reserva dia 16/05/2026 ( um dia antes ) fui cobrado um valor de R$154, 97 de no-show , valor abusivo.",https://www.reclameaqui.com.br/localiza-aluguel-de-carros/cobranca-de-no-show-abusiva-apos-reserva-na-localiza_n_BpHc4d8KdlzdK3/,10.0,Problema Financeiro
Empresa cobra indevidamente por serviços não contratados em reserva de veículo,RESOLVIDO,Mogi das Cruzes,SP,"Minha empresa realizou a reserva de um carro (*****), cujo valor previsto daria R$661,39. Juntamente com o código da reserva, me enviaram um e-mail com todas as instruções, entre elas: ""No momento da retirada, é proibido adicionar qualquer serviço antecipado além do que a (nome da empresa) solicita, por exemplo, lavagem antecipada, Carbon Free, entre outros."".
Retirei o veículo apenas apresentando a minha CNH e assinei o contrato, não me ofereceram nenhum serviço adicional, porém para minha surpresa, hoje a empresa me questionou a contratação de proteção para terceiros (apresentei apenas a minha CNH como motorista no ato da retirada) e lavagem do carro (não citado na hora) dando um total de R$796,23.
Solicito o estorno dos serviços não contratados.",https://www.reclameaqui.com.br/localiza-aluguel-de-carros/empresa-cobra-indevidamente-por-servicos-nao-contratados-em-reserva-de-veiculo_mRPSN7VPlQLPBzYH/,10.0,Problema Financeiro
Cobrança indevida de dívida mesmo com pagamento antecipado,RESPONDIDA,Buíque,PE,"Aluguei o carro na localiza em janeiro para um mês e 3 dias aproximadamente, e paguei antecipado o valor que eles passaram na maquininha, entreguei o carro com combustível (que não necessitava pois já havia pago) e ainda sim estão me ligando desde então alegando uma suposta dívida, gostaria de uma solução, já entrei em contato mas eles dizem que está pago, porém me ligam e mandam mensagem cobrando um suposto débito em aberto.",https://www.reclameaqui.com.br/localiza-aluguel-de-carros/cobranca-indevida-de-divida-mesmo-com-pagamento-antecipado_2rmVcXi0ETZevmDA/,,Problema Financeiro
Vazamento de dados de cartão de crédito após locação de veículo em Porto Alegre com a Localiza.,RESPONDIDA,São Paulo,SP,"Locamos um carro com a Localiza em Porto Alegre no feriado do dia 1 de maio. Na retirada do veículo é necessário a apresentação de um cartão de crédito.

No último domingo 24/05 recebemos uma mensagem da administradora do cartão para confirmar a utilização do cartão em uma agência da Localiza Minas Gerais, ou seja, os dados do cartão foram vazados. Tivemos que entrar em contato com o banco para cancelar o cartão. Essa situação demonstra total falta de segurança com os dados dos clientes.",https://www.reclameaqui.com.br/localiza-aluguel-de-carros/vazamento-de-dados-de-cartao-de-credito-apos-locacao-de-veiculo-em-porto-alegre-com-a-localiza_4z6TSfQPysNwCpaG/,,Problema Financeiro
Cobrança indevida e sistema falho em locação de veículos,RESPONDIDA,Francisco Morato,SP,"No dia 26 de maio reservei um veículo na cidade de Praia Grande e posteriormente eu tive que cancelar e por isso tá paguei a taxa de desistência de r$79.70... até aqui tudo ok!
No dia 28 .. fiz uma nova reserva para retirar um veículo na cidade de São Vicente e o aplicativo me demonstrou que estava tudo ok.
No dia e horário combinado peguei um Uber onde gastei r$ 30 para ir e posteriormente r$ 30 para voltar porém ao chegar lá custou um bloqueio no meu CPF que anteriormente tinha sido aprovado pelo aplicativo e eu não consegui retirar o veículo reservado.
Agora que vem a questão, primeiro com o sistema inteligente de hoje principalmente inteligência artificial Por que que o aplicativo liberou um veículo no meu nome se o meu CPF não estava adequado conforme a exigência da empresa?
Outra coisa, se o meu nome não estava adequado Por que que me cobrar uma taxa de cancelamento anteriormente uma vez que meu CPF não estava liberado para locação ?
Eu fui prejudicado financeiramente e meu tempo também por conta de um sistema mal elaborado.
Liguei no ******* e a pessoa que me atendeu ficou de me transferir para o setor financeiro, onde a ligação nunca consegue concluir.
Quero meu dinheiro de volta !!",https://www.reclameaqui.com.br/localiza-aluguel-de-carros/cobranca-indevida-e-sistema-falho-em-locacao-de-veiculos_94aLdgOoeVb4FzSC/,,Bloqueio de Cadastro
Cobrança indevida e desproporcional por dano em para-choque de carro alugado na Localiza,RESOLVIDO,Goiânia,GO,"Fiz a locação de um carro na Localiza, agência do Aeroporto de Goiânia. Durante o período um motoqueiro encostou na trazeira do veículo e quebrou a ponta do para-choque. Na devolução do veículo, por ter feito apenas o seguro básico, disseram que teria que pagar uma franquia, até aí sem problemas.
O técnico que recebeu o veículo chamou outro técnico pra avaliar a avaria, contudo na avaliação dele deveria trocar o para-choque, argumentei que o estrago era pequeno e daria conserto, porém sem sucesso.
Fui cobrado no valor de R$ 2.050,00 por um pequeno estrago na ponta no para-choque. A atendente me disse q abriram sinistro por conta da ocorrencia, acho que fui ""[Editado pelo Reclame Aqui]"" por essa cobrança, achei totalmente desproporcional o valor cobrado. Fica aqui registrado minha indignação",https://www.reclameaqui.com.br/localiza-aluguel-de-carros/cobranca-indevida-e-desproporcional-por-dano-em-para-choque-de-carro-alugado-na-localiza_7lPGXWBemVCvzIp0/,10.0,Sinistro e Acidente
Debito não estornado,RESPONDIDA,São Paulo,SP,"Olá, Priscila!

Foi um prazer falar com você! Sentimos muito pela percepção negativa quanto aos nossos serviços, mas entendi o que aconteceu e vou te explicar...

Informamos que, até o presente momento, o processo de reembolso ainda não foi concluído, em razão da ausência dos dados bancários necessários para a efetivação do pagamento. Foi devidamente encaminhada comunicação ao e-mail constante em nosso cadastro, por meio da qual solicitamos o envio dos dados bancários completos necessários à continuidade do referido processo.

Conforme previamente comunicado, e em observância aos princípios da transparência e boa-fé, previstos nos arts. 4º, III, e 6º, III, do Código de Defesa do Consumidor, é indispensável o envio das informações bancárias completas para que possamos dar regular prosseguimento à sua solicitação.

Ressaltamos que, não registramos o recebimento das informações solicitadas, circunstância que impede o regular prosseguimento da demanda, considerando que tais dados são essenciais para a realização da transação de forma segura e adequada.

Gostaríamos de reforçar que entendemos a importância dessa demanda e estamos à disposição para dar continuidade imediata ao atendimento assim que recebermos os dados necessários.

Seguimos à disposição para auxiliá-la no que for necessário, reiterando nosso compromisso com uma solução ágil, transparente e em conformidade com a legislação vigente.

Um grande abraço,
Ludimila
Equipe Localiza",https://www.reclameaqui.com.br/localiza-aluguel-de-carros/debito-nao-estornado_z4q-G2IJJTev9_eF/,,Problema Financeiro
"Carro alugado em mau estado, com avarias visíveis e problemas mecânicos.",NÃO RESPONDIDA,Goiânia,GO,"Na minha última locação, que acabei de fazer, me colocaram em um Kwid em condições ruins. O carro está com a placa amassada, pára-choque dianteiro danifico, pára-lama dianteiro esquerdo arranhando, pára-choque traseiro direito com uma colisão (amassado e arranhado) e o carro também foi mal lavado. O carro vibra em marcha lenta e ao passar em asfalto irregular o carro faz um barulho de lata solta. Trato os carros da Localiza com se fossem meus, porém esse está muito ruim e nem deveria ser disponibilizado para locação por uma empresa tão séria quanto a Localiza.",https://www.reclameaqui.com.br/localiza-aluguel-de-carros/carro-alugado-em-mau-estado-com-avarias-visiveis-e-problemas-mecanicos_8oqITsi4W3Yy5xA5/,,Sinistro e Acidente
Cobrança Indevida de Pneu após Locação de Veículo - Contrato *****,RESPONDIDA,Campo Grande,MS,"Sofri uma cobrança manifestamente indevida no encerramento do contrato de locação ***** (Sinistro *****) . Na devolução do veículo Mobi Like (Placa *****), foi constatado e assinado em Relatório de Avarias oficial que apenas a ""Calota entortou apos encostar ao meio fio na hora de estacionar"" (documento.. p. 6). O funcionário ***** validou esta informação em sistema (documento.. p. 6).Contudo, na Fatura ***** emitida, a Localiza faturou o valor de R$ 565,00 sob a descrição ""175/65 R14 LOCALIZA PASSEIO"" (orçamento .. p. 1), embutindo taxas que totalizam R$ 649,75 (orçamento .. p. 1). Essa especificação refere-se à troca de um pneu automotivo inteiro. Como comprovam as fotos anexas do momento da devolução, o pneu do carro permaneceu perfeitamente intacto, sem bolhas, rasgos ou danos estruturais.",https://www.reclameaqui.com.br/localiza-aluguel-de-carros/cobranca-indevida-de-pneu-apos-locacao-de-veiculo-contrato_dcqF8qPzszktBG8g/,,Sinistro e Acidente
"Cobrança indevida de valor de aluguel de carro, Localiza.",RESPONDIDA,Itapecerica da Serra,SP,"Já aluguei algumas vezes com a localiza, a última vez foi nos dias 3 a 5 de maio. Todas as cobranças relacionadas ao carro foram pagas no dia da entrega. Hoje, sem me mandar nenhum email, sem falarem absolutamente nada, me cobraram 136,67 no meu cartão sendo que não havia nada de errado com o carro no momento que entreguei, todas as dívidas relacionadas a gasolina, sem parar e etc foram pagas!! Eu quero saber que cobrança é essa e obviamente o estorno do valor.",https://www.reclameaqui.com.br/localiza-aluguel-de-carros/cobranca-indevida-de-valor-de-aluguel-de-carro-localiza_9sirV3CNZ3CpR59w/,,Problema Financeiro
Multa por reserva de carro em dia de rodízio sem aviso prévio na retirada,RESPONDIDA,São Paulo,SP,"É absurdo que a Localiza permita a locação de um veículo para uso em uma única diária justamente em dia de rodízio em São Paulo sem avisar absolutamente nada ao condutor na retirada fast. Aplicativos semelhantes, como a Turbi, deixam essa informação muito clara antes da retirada do carro.

No dia 23/04/2026 realizei a locação de um veículo pela retirada fast e, em nenhum momento no aplicativo ou durante o processo de retirada, fui informada de que a placa estava sob restrição de rodízio. O veículo foi devolvido normalmente no dia seguinte, 24/04/2026.

Agora fui surpreendida com uma cobrança imediata de R$ 136 referente a uma multa que eu não esperava receber. Não possuo carro e faço locações apenas esporadicamente, então o mínimo esperado seria um aviso claro de que o veículo não poderia circular naquele dia e horário.

A diária já é extremamente cara para um serviço que não oferece nem o básico de informação ao consumidor no momento da locação.

A sensação que fica é de total descaso, principalmente porque, além da multa, ainda existe cobrança de taxa administrativa pela própria locadora. Ou seja: o cliente é prejudicado duas vezes por uma falha que poderia ser evitada com um aviso simples e claro no aplicativo ou na retirada fast.

É difícil não questionar se realmente existe interesse em prevenir esse tipo de situação, já que a empresa também lucra com as cobranças geradas pelas multas.",https://www.reclameaqui.com.br/localiza-aluguel-de-carros/multa-por-reserva-de-carro-em-dia-de-rodizio-sem-aviso-previo-na-retirada_EpxBFRhh_YD5nNQM/,,Problema Financeiro
Dificuldade em realizar reserva presencial na Localiza Aeroporto Brasília-DF,NÃO RESOLVIDO,Maceió,AL,"SEM OPÇÃO NO SITE LOCALIZA - DE ESCOLHER NA HORA DA RESRVA A RETIRADA NO BALCÃO SÓ DISPONIBILIZAM RETIRADA FAST VIRTUAL - DIFICULDADE EM OBTER E FAZER RESERVA NO SITE LOCALIZA COM A OPÇÃO RETIRADA NO BALCÃO NA AGENCIA LOCALIZA AEROPORTO BRASILIA - SÓ DISPONIBILIZAM A OPÇÃO FAST DIGITAL.



SRS. FAÇO LOCAÇÃO DE CARROS NA LOCALIZA HA MAIS DE 10(DEZ) ANOS, NUNCA TIVE DIFICULDADES NA LOCAÇÃO DE VEÍCULOS NESTA EMPRESA. CONTUDO , ESSE ANO ESTOU TENDO DIFICULDADE EM FAZER UMA RESERVA COM RETIRADA NO BALCÃO ""PRESENCIAL"" NA AGENCIA LOCALIZA AEROPORTO BRASILIA-DF, PÓIS NÃO QUERO FAZER A REFERIDA RETIRADA DE FORMA DIGITAL OU FAST ""Fast Retirada Digital"" COMO A EMPRESA NOMEIA, VISTO A MINHA DIFICULDADE NO TRATO VIRTUAL, E PELOS MEU DIREITOS DE CONSUMIDOR QUE CONFEREM O DIREITO DE FAZER A RETIRADA NO BALCÃO, DETALHE ESSE QUE INFORMEI A EMPRESA NAS COMUNICAÇÕES PELO CHAT E PELO 0800 E PELO CANAL de E_mail:*****, sem sucesso.


I - DOS FATOS


1 - FIZ VÁRIOS CONTATOS PELO CHAT DA LOCALIZA PARA FAZER A RESERVA COM RETIRADA NO BALCÃO DA AGENCIA AEROPORTO BRASILIA, MAS NÃO OBTIVE SUSSESSO, SEMPRE OBTIVE A RESPOSTA DO CHAT E 0800 LOCALIZA, DANDO CONTA QUE QUE A AGENCIA AEROPORTO BRASILIA SÓ TEM A OPÇÃO ""FAST DIGITAL"" O QUE É UM ATO EXCLUDENTE DE ALGUNS PERFÍS DE CONSUMIDORES CMOMO: IDOSO, QUEM TEM DIFICULDADE DIGITAL E QUEM QUER FAZER O CONTRATO PRESENCIAL ETC..

2 - ENTREI EM CONTATO COM O 0800 DA LOCALIZA, E FUI INFORMADO PELA ATENDENTE QUE O SITE LOCALIZA SÓ DISPONIBILIZA A OPÇÃO RETIRADA DIGITAL NA AGENCIA AEROPORTO BRASILIA, MAS QUE CASO EU FAÇA A RESERVA DIGITAL , AO CHEGAR NA AGENCIA BRASILIA AEROPORTO, EU POSSO IR ATÉ AO BALCÃO E FAZER O TRAMITE DE RETIRADA PRESENCIALMENTE NAQUELE BALCÃO, POIS OS FUNCIONARIOS IRÃO FAZER MINHA RETIRADA, ACHEI ESTRANHO TEM FUNCIONÁRIO NO BALCÃO DA AGENCIA BRASILIA MAS SÓ OFERECEM RETIRADA DIGITAL NO SITE. NESTE MOMENTO INDAGUEI SE ESSE DETALHE IRIA CONSTAR NA RESERVA ENVIADA PARA MEU E-MAIL E NO CONTRATO DA LOCAÇÃO, ELA DISSE QUE NÃO POIS O SISTEMA NÃO PERMITE A INCLUSÃO DESSES DETALHES, MAS QUE O PESSOAL DA AGÊNCIA IRIA ME RECEBER DE FORMA PRESENCIAL NO BALCÃO, MESMO SEM NENHUMA GARANTIA CONTRATUAL PARA UM POSSIVEL INDISPONIBILIDADE OPERACIONAL DO SISTEMA DIGITAL DE RETIRADA E AINDA MAIS SEM RESGUARDAR MINHA OPÇÃO DE RETIRADA NO BALCÃO, DE FORMA CONTRATUAL, E AINDA MAIS CASO EU CHEGUE NA AGENCIA BRASILIA E ME DEPARE COM UM GRANDE FLUXO DE CLIENTE OU PEGUE UM ATENDENTE POUCO SOLICITO EU SER PREJUDICADO VISTO A FALTA DE AMPARO CONTRTUAL NA RESERNA COM RETIRADA FEST E COM DESEJO DO BALCÃO.

3 - OCORRE QUE NO MODELO DE RETIRADA DIGITAL O CONTRATO DE LOCAÇÃO VAI SER FIRMADO INDICANDO A RETIRADA DIGITAL ""Fast Retirada Digita"" , DEIXANDO VULNERÁVEL MINHA PESSOA QUANDO FIZER A RETIRADA NO BALCÃO DA AGÊNCIA AEROPORTO BRASILIA, FATO ESSE QUE A EMPRESA ESTÁ EMPURRANDO UNILATERALMENTE UMA OPÇÃO PARA O CONSUMIDOR FICAR AMARRADO SEM OPÇÕES DE RETIRADA NO BALCÃO QUANDO FAZ RESERVA ANTECIPADA PELO SITE OU PELO APLICATIVO, O QUE FERE O CDC.

4 - SALIENTO QUE EU NÃO TENHO FACILIDADE NO TRATO DIGITAL, NEM TAMPOUCO MEMÓRIA SUFICIENTE NO MEU CELULAR PARA FAZER ESSE TIPO DE MANOBRA, E AINDA MAIS NÃO SOU OBRIGADO A FAZER UMA RESERVA QUE TEM UM ITEM INDICANDIO UMA OPÇÃO QUE EU NÃO CONCORDO, MESMO SABENDO QUE AO ASSINAR UMA RESERVA COM RETIRADA DIGITAL E FOR AO BALCÃO RETIRAR PRESENCIAL VOU TER UMA RESPOSTA DO FUNCIONARIO QUE ELE NÃO PODE INTERVIR EM UMA RESERVA PREVIAMENTE ESTABELECIDA COMO FAST, CORRENDO O RISCO DE TER QUE CANCELAR A RESERVA FAST E TER QUE FAZER UMA OUTRA RESERVA NO DIA DA RETIRADA COM CUSTOS MAIORES.

5 - ADEMAIS EXISTEM VARIAS NUANCES NESSE TIPO DE RETIRADA DIGITAL QUE CONFIRMAM O DESEQUILIBRIO CONTRATUAL ENTRE O CONSUMIDOR E O FORNECEDOR, APENAS DISPONIBILIZAR A OPÇÃO DE RETIRADA DIGITAL DO VEÍCULO NO SITE LOCALIZA É NO MÍNIMO ESTRANHO, COMO PODE SER VISTO NA DESCRIÇÃO ABAIXO:


""JURISPRUDENCIA"":
""A imposição exclusiva da Retirada Digital pela Localiza pode ser considerada uma prática abusiva. O Código de Defesa do Consumidor (CDC) veda a venda casada, restringe a recusa de atendimento e protege o cliente contra falhas na prestação do serviço (Artigos 30, 39 e 14). [1, 2, 3]
Existem fundamentos claros que caracterizam abusividade e medidas que você pode tomar:

Por que pode ser considerada uma prática abusiva?
Exclusão Digital e Acessibilidade: Obrigar o cliente a ter celular com bateria, acesso à internet e domínio tecnológico para abrir o carro via aplicativo discrimina pessoas com dificuldades tecnológicas ou idosos. Isso fere o princípio da boa-fé objetiva e o direito à acessibilidade ao serviço.
Venda Casada Indireta: O serviço de locação de veículo pressupõe a entrega da chave. Se a empresa condiciona a retirada à utilização obrigatória do seu próprio aplicativo móvel, configura-se venda casada de serviço digital à locação do bem.
Riscos e Danos ao Consumidor: A retirada digital transfere para o consumidor os riscos de falhas no aplicativo, problemas de instabilidade no sistema da empresa ou dificuldades de conexão no pátio, o que pode resultar em atrasos ou na recusa indevida do veículo, configurando dano material e moral'""


DIANTE DISSO, ESPERO UMA RESPOSTA DA EMPRESA LOCALIZA, DEMONSTRANDO QUE PODE FAZER MINHA RESERVA COM RETIRADA NO BALCÃO DA LOCALIZA DISPONIBILIZANDO E ENVIANDO PARA MEU E-MAIL A RESERVA COM A OPÇÃO RETIRADA NO BALCÃO AGENCIA AEROPORTO BRASILIA-DF.",https://www.reclameaqui.com.br/localiza-aluguel-de-carros/dificuldade-em-realizar-reserva-presencial-na-localiza-aeroporto-brasilia-df_lrM1tVGnWjF33PSX/,0.0,Sinistro e Acidente
Cadastro não aprovado e nome negativado por multa indevida na Localiza Galeão,RESPONDIDA,Contagem,MG,"Fiz uma reserva pelo site na localiza do aeroporto do galeão eu janeiro, cheguei lá pra fazer a retirada do carro e me falaram que meu cadastro não foi aprovado porém agora negativaram meu nome por uma multa indevida",https://www.reclameaqui.com.br/localiza-aluguel-de-carros/cadastro-nao-aprovado-e-nome-negativado-por-multa-indevida-na-localiza-galeao_9ZSmwwCNtrRnBFmS/,,Falha no App / Reserva
"Dificuldade em alterar locação via sistema, telefone e SMS",NÃO RESPONDIDA,São Paulo,SP,"Pensa num sistema ruim para alterar uma locação, multiplica por dois, eu tentei alterar pelo sistema, aumentei um dia no fim para numa tela e nada muda, tentei por telefone mandou para o sistema depois de vários cliques, e por fim pelo SMS fala que a reserva não existe, não tem nenhuma",https://www.reclameaqui.com.br/localiza-aluguel-de-carros/dificuldade-em-alterar-locacao-via-sistema-telefone-e-sms_GJa3l2zEKmqCpCYC/,,Falha no App / Reserva
Cobrança indevida de taxa de não utilização de veículo após problema de retirada,RESPONDIDA,Suzano,SP,"Na semana passada, abri uma reclamação sobre não ter conseguido retirar o carro na agência por questões lógicas de horário, essa questão foi resolvida, porém ontem foi cobrado a taxa de não utilização do veículo, sendo que na verdade, eu não utilizei o veículo por conta do problema da semana passada, Quero o estorno novamente
Segue anexo o e-mail que eu recebi e a cobrança indevida na minha conta que teve ontem 21h da noite.. aguardo retorno de vocês",https://www.reclameaqui.com.br/localiza-aluguel-de-carros/cobranca-indevida-de-taxa-de-nao-utilizacao-de-veiculo-apos-problema-de-retirada_eRV7_C89TkzX34Dy/,,Problema Financeiro
Cobrança indevida de locação de veículo não realizada,NÃO RESPONDIDA,São Paulo,SP,Estão cobrando uma locação de um carro que eu não fiz segundo a empresa eu fiz a locação de um mob aonde eu entrei no site e fiz foi uma locação de uma spin e sem cobrança se eu tivesse desistido só gostaria de disse pra localiza que eu não fiz a reserva de mob porque carro pequeno eu já tenho ok a reserva que eu fiz ***** - fiz essa sem cobrança se desisti ok por favor pessoas da localiza faça o trabalho de vcs com cuidado pra não pede o cliente se vcs fizerem a cobrança no meu cartão de crédito vou entrar na justiça,https://www.reclameaqui.com.br/localiza-aluguel-de-carros/cobranca-indevida-de-locacao-de-veiculo-nao-realizada_iRmxh_SQ45hzA-Hy/,,Problema Financeiro
Cobrança indevida em dois cartões e não estorno do calção após aluguel de carro,RESPONDIDA,São Gonçalo,RJ,"Aluguei um carro com vocês, que gerou uma multa
Vocês estão cobrando em
Dois cartões meus, e o calção não fizeram o estorno também
Peço que resolvam isso o mais rápido possível",https://www.reclameaqui.com.br/localiza-aluguel-de-carros/cobranca-indevida-em-dois-cartoes-e-nao-estorno-do-calcao-apos-aluguel-de-carro_oUw_6778IonlyWa2/,,Problema Financeiro
"Débito indevido em múltiplos cartões após aluguel de carro, causando bloqueio.",NÃO RESPONDIDA,Maricá,RJ,"Aluguei um carro, teve uma multa
Eles simplesmente saíram debitando de 2 cartões meus, tanto que bloqueou meu cartão
Desejo que vocês consertem isso o mais rápido possível, se não irei [Editado pelo Reclame Aqui]",https://www.reclameaqui.com.br/localiza-aluguel-de-carros/debito-indevido-em-multiplos-cartoes-apos-aluguel-de-carro-causando-bloqueio_PW_D7HG7zd5ZVFTb/,,Problema Financeiro
Insatisfação com negativa de locação de veículo apesar de reserva confirmada,RESPONDIDA,São Luís,MA,"Venho manifestar minha insatisfação com a situação ocorrida durante tentativa de locação de veículo realizada por meio de reserva previamente confirmada no aplicativo.

Ao comparecer à unidade para retirada do veículo, fui informada de que meu cadastro não havia sido aprovado pelo sistema, porém sem qualquer justificativa clara ou plausível. Ao solicitar esclarecimentos, fui informada de que o motivo não poderia ser revelado.

Ressalto que não possuo restrições financeiras, sou servidora pública, possuo residência própria e vínculo estável no estado, motivo pelo qual a situação me causou grande constrangimento e desconforto.

Entendo que a empresa possui critérios internos de análise, porém considero inadmissível que o consumidor seja submetido a esse tipo de situação sem qualquer transparência mínima ou explicação objetiva, especialmente após reserva previamente concluída no aplicativo.

Dessa forma, solicito esclarecimentos formais acerca da negativa da locação, bem como revisão da análise realizada em meu cadastro, a fim de evitar novos transtornos e constrangimentos futuros.

Atenciosamente,",https://www.reclameaqui.com.br/localiza-aluguel-de-carros/insatisfacao-com-negativa-de-locacao-de-veiculo-apesar-de-reserva-confirmada_djKMqeaAKatgPWZf/,,Falha no App / Reserva
Localiza não paga indenização de sinistro após 15 dias úteis e não dá retorno aos clientes,NÃO RESPONDIDA,Brasília,DF,"Um carro da Localiza bateu no meu desde o dia 30/03 e fui informada que a empresa não possui seguro e sim uma proteção para os seus veículos. Fiz o processo de sinistro e toda a documentação solicitada foi encaminhada, porém solicitaram um prazo de 15 dias úteis para pagamento da indenização, o prazo expirou desde o dia 19/05 e o valor não foi recebido.
Após o.prazo já abri vários protocolos de reclamação na central de atendimento, mandei e-mails e não recebo nem sequer uma resposta da empresa.",https://www.reclameaqui.com.br/localiza-aluguel-de-carros/localiza-nao-paga-indenizacao-de-sinistro-apos-15-dias-uteis-e-nao-da-retorno-aos-clientes_bs3b5l7oGxaIG2sP/,,Sinistro e Acidente
Divergência de procedimento e forma de pagamento após acidente com veículo alugado,NÃO RESPONDIDA,Porto Alegre,RS,"Sou cliente da Localiza desde janeiro de 2026. Realizo aluguel de diárias durante o período. No dia de hoje tive uma ocorrência de acidente o qual realizei os procedimentos conforme orientação via ligação ao atendimento 0800, o qual me indicou emitir um boletim de ocorrência e procurar a agência mais próxima em até 24h do sinistro e também enviar o boletim de ocorrência por e-mail com os meus dados para *****
No momento do contato solicitei informações sobre a cobertura do seguro contratado e me encaminharam ao setor financeiro para orientações sobre formas de pagamento. Após direcionamento para o setor financeiro, a atendente ***** me indicou que ao ir até agência seria me indicado pagamento em cartão de crédito ou em boleto com possibilidade de pagamento em até 10 vezes a depender do valor. Reforcei e questionei que diante da circunstância precisava ir até a agência e substituir o veículo e que estaria organizado para pagamento via boleto. No momento da ligação ainda citei que se houvesse divergência como deveria dar prosseguimento e ela me disse para ficar tranquilo que estava tudo registrado em protocolo e qualquer dúvida seria consultado o respectivo protocolo. Ao chegar na agência Localiza Aeroporto Porto Alegre, me foi sinalizado a impossibilidade de emissão de boleto, tão pouco o parcelamento por tal forma de pagamento e que a liberação seria somente por pagamento no ato da substituição do carro via cartão de crédito. Indiquei que não estava organizado para tal forma de pagamento e que precisava sair com o veículo alugado conforme contrato vigente. Me foi sugerido que como o carro apresenta condições de dirigibilidade (foi apenas danos materiais na dianteira) que eu fosse embora com o mesmo carro e que o faturamento das avarias será feito no ato da devolução do carro, alterando o fluxo orientado para situações de acidente/avaria, o qual indica devolução imediata em até 24h.
Além de permanecer com o carro avariado , houve a divergência quanto à forma de pagamento e substituição do veículo. Gostaria de seguir o procedimento incialmente informado com a substituição do veículo e o parcelamento do valor em forma de boleto conforme orientação inicial.",https://www.reclameaqui.com.br/localiza-aluguel-de-carros/divergencia-de-procedimento-e-forma-de-pagamento-apos-acidente-com-veiculo-alugado_YrBl3mMke1TeKaIj/,,Sinistro e Acidente
Cobrança duplicada de fatura com valores diferentes em datas próximas,NÃO RESPONDIDA,São João del Rei,MG,"Gostaria de saber porque tive que pagar 2 faturas com o mesmo valor R$778,70 dia 22 de maio outra R$136,67 dia 22 de maio e dia 23 maio R$259,56 gostaria que olhase porque so avis uma fatura de 778,70 e a de 136,67 no mesmo dia",https://www.reclameaqui.com.br/localiza-aluguel-de-carros/cobranca-duplicada-de-fatura-com-valores-diferentes-em-datas-proximas_3AuVfTQcBeK4isH8/,,Problema Financeiro
"Carro devolvido e reembolso pendente, dificuldade de contato e péssimo atendimento no 0800",NÃO RESPONDIDA,Londrina,PR,"Devolvi o carro e ainda consta em aberto, uma dificuldade para resolver, preciso apresentar nota na empresa e não fizeram o reembolso, 0800 péssimo TB!!! Nunca mais faço locação aqui!",https://www.reclameaqui.com.br/localiza-aluguel-de-carros/carro-devolvido-e-reembolso-pendente-dificuldade-de-contato-e-pessimo-atendimento-no-0800_UMD7SOGsW1tfOUUi/,,Problema Financeiro
Localiza: Proteção Completa Ignorada em Sinistro de Pneu e Cobranças Indevidas Após Ocorrido,NÃO RESPONDIDA,Edéia,GO,"Contratei um veículo da Localiza acreditando estar alugando um carro com suporte, segurança e proteção. O que vivi foi exatamente o contrário.

No dia *****, trafegando por estrada de chão no interior do Mato Grosso, uma pedra rasgou o pneu traseiro direito e amassou a roda de uma Chevrolet Tracker praticamente nova, com menos de 3 mil km rodados.

O local não tinha sinal de telefone. Coloquei o estepe provisório (pneu fininho) e rodei apenas até conseguir sinal de celular em um posto de combustível em Ribeirão Cascalheira-MT.

A partir daí começou um verdadeiro pesadelo.

Meu primeiro contato com a Localiza ocorreu por volta das 13h50. Tenho gravações, transcrições, prints e protocolos de tudo.

Passei HORAS tentando resolver a situação:

- ligações caindo;
- atendentes prometendo retorno e não retornando;
- informações contraditórias;
- WhatsApp dizendo uma coisa;
- telefone dizendo outra;
- ninguém oferecendo solução prática.

A Localiza me informou por escrito que com o estepe provisório eu NÃO poderia rodar além de um raio de 80 km. Depois, por telefone, outra atendente disse que não havia problema rodar centenas de quilômetros com aquele pneu.

A agência indicada pela empresa ficava em Primavera do Leste, a aproximadamente 565 km de distância.

Expliquei várias vezes:

- que a estrada era perigosa;
- que eu estava em região sem sinal;
- que não havia segurança para rodar toda essa distância com estepe provisório;
- que eu não tinha segundo estepe;
- que corria risco real de ficar parado no meio do nada.

Mesmo assim, as soluções oferecidas foram absurdas:

1) Rodar 565 km com o estepe;

2) Comprar um pneu por minha conta, sem garantia de aprovação posterior da empresa podendo ter que pagar dois pneus.

3) Remoção Pagar do veículo avariado sem substituição. E o transporte/táxi a partir dali seria por minha conta. De onde esta a cuiaba daria 3000,00 de taxi. Mesmo eu tendo contratado proteção completa incluindo pneus e avarias.

E aqui existe uma contradição absurda:

Qual é a lógica de vender proteção completa para pneus e vidros se, quando o pneu efetivamente estraga em uma região distante, o cliente descobre que essa proteção praticamente não existe?

O carro estava com roda danificada e utilizando um estepe provisório, daqueles que o próprio fabricante recomenda usar apenas temporariamente e por pequenas distâncias.

Então a pergunta é simples:

Se o cliente não pode rodar longas distâncias com o estepe
se o carro está avariado
se a agência fica a 565 km
e se a empresa se recusa a substituir o veículo no local

como exatamente esse seguro funciona na prática?

Porque parece que o consumidor paga por uma proteção que desaparece justamente quando mais precisa dela.

E o mais contraditório é que essa nem foi minha primeira experiência semelhante com a própria Localiza.

Em *****, em outro contrato, a empresa providenciou substituição de veículo em situação semelhante envolvendo pneu danificado.

Agora, em *****, fui informado que por se tratar de sinistro, a substituição não seria possível. Apenas ofereceram remoção do veículo por guincho, enquanto meu transporte ficaria por minha conta.

Cheguei inclusive a tentar ajudar a empresa a resolver a situação.

Percebi no Google Maps que existiam unidades da Localiza em cidades muito mais próximas, como Água Boa, Querência, Confresa e Barra do Garças.

Sugeri levar o carro até Água Boa, que estava muito mais perto do que Primavera do Leste.

A resposta foi ainda mais absurda:
me informaram que aquela unidade não era loja própria, mas sim franqueada.

Disseram que eu poderia até ir até lá, mas teria que:

- encerrar o contrato;
- fazer NOVA locação;
- e ainda pagar o custo de devolução do veículo até Água Boa caso encerrasse a viagem em Cuiabá.

Sinceramente:
para o consumidor isso não faz o menor sentido.

Quando alugamos um carro da Localiza, alugamos da LOCALIZA.

Quando pesquisamos no Google e aparece Localiza Água Boa, Localiza Confresa ou Localiza Barra do Garças, o consumidor entende naturalmente que poderá ser atendido nessas unidades.

Mas na prática descobri que várias lojas com a marca Localiza simplesmente não podem atender.

Além disso, durante todo o atendimento, a empresa ficou jogando responsabilidade entre setores:

- o emergencial dizia que não tinha acesso ao contrato;
- o setor do contrato dizia que não cuidava do guincho;
- outro dizia que não podia indicar oficina;
- outro dizia que apenas a agência poderia resolver.

Ou seja:
ninguém resolvia nada.

Depois acionaram um guincho. O próprio guincheiro me ligou sem saber para onde levar o carro. Posteriormente informou que a Localiza queria enviar o veículo para Bom Jesus do Araguaia, cidade pequena sem estrutura adequada para resolver o problema. O prestador acabou cancelando o serviço.

Resultado:

- fiquei sem solução;
- sem transporte;
- sem substituição de veículo;
- perdi compromisso profissional;
- perdi diária de hotel;
- passei horas em situação de estresse e insegurança.

Para piorar, acabei sendo obrigado a rodar os 565 km com o estepe. Chrguei até Canarana, mas precisei dormir, pois estava muito cansando. Paguei um hotel. No dia seguinte segui para Primavera. Durante esse trajeto, outra pedra ainda trincou o para-brisa do carro substituído.

Inclusive fui parado em blitz e ameaçado de multa por trafegar daquela forma.

Somente em Primavera do Leste consegui finalmente substituir o veículo. Já havia passado do horario do fim do contrato ( se não houvesse esperado 4 horas parado no telefone, teria chegado em Cuiabá, mas cheguei apenas em primavera).

Na agência local o atendimento foi cordial, porém a troca ocorreu após o horário original previsto de devolução do contrato. Questionei expressamente sobre cobrança de diárias adicionais e fui informado verbalmente que provavelmente não haveria cobrança uma vez que demora foi causada pelo problema.

Segui viagem para meus compromissos e só pude devolver o carro em Cuiabá no dia seguinte. Lá o atendente informou que estava tudo certo, perguntei se havia cobrança de diarias adicional, disse que não, então assinei o encerramento do contrato.

DEPOIS recebi:

e-mail de prorrogação automática;

cobranças adicionais;

informações de nova avaria;

novos valores no contrato.

Ou seja:o consumidor passa por uma situação absurda, resolve praticamente sozinho o problema da empresa, perde compromisso, perde dinheiro, assume riscos físicos e ainda sai com cobranças adicionais depois.

Tenho:
-prints;
-contratos;
-gravações;
-transcrições completas;
-protocolos;
-horários;
-conversas de WhatsApp;
-documentos da substituição do veículo.


Sinceramente, foi uma das piores experiências!

A Localiza vende proteção completa, mas na hora que o cliente realmente precisa, descobre que está praticamente sozinho. Depois de toda essa situação, precisei entrar em contato novamente com a Localiza para questionar as cobranças adicionais e novas informações lançadas após o encerramento do contrato.

A ligação caiu TRÊS vezes.

Quando finalmente fui atendido, mesmo informando meu CPF, a atendente disse não localizar o histórico dos atendimentos anteriores. Ou seja: precisei contar toda a história novamente.

Isso aconteceu mesmo depois de eu já ter passado cerca de 40 minutos em uma ligação anterior com o setor de reclamações, relatando detalhadamente todos os problemas, contradições, prejuízos e dificuldades enfrentadas. Na ocasião, a atendente afirmou que tudo havia sido registrado.

Mesmo assim, no novo contato, parecia que nada constava no sistema.

Mais uma vez tive que repetir tudo!


Ao final, apenas pediram mais 5 dias para análise.

Estou fazendo esta reclamação aqui:

1. Para alertar outros consumidores sobre como a empresa trata seus clientes quando surge um problema real;

2. Para dar à Localiza a oportunidade de resolver a situação amigavelmente antes que eu busque judicialmente os direitos que entendo possuir.",https://www.reclameaqui.com.br/localiza-aluguel-de-carros/localiza-protecao-completa-ignorada-em-sinistro-de-pneu-e-cobrancas-indevidas-apos-ocorrido_jxnKtypZCmAjiw9g/,,Sinistro e Acidente
Bolsa esquecida em carro alugado e desapareceu.,RESPONDIDA,Ituiutaba,MG,"Deixei o carro locado e percebi que esqueci minha bolsa, voltei logo em seguida e não está no carro mais!Objetos sumiram",https://www.reclameaqui.com.br/localiza-aluguel-de-carros/bolsa-esquecida-em-carro-alugado-e-desapareceu_0HyBE5usQpblw13R/,,Outros
Bloqueio de cadastro sem justificativa e prazo abusivo de 180 dias,RESPONDIDA,Juazeiro do Norte,CE,"Bloqueio de cadastro sem justificativa transparente - Código UIF0404 (Prazo abusivo de 180 dias)

Olá, equipe Localiza.

Tentei realizar o meu cadastro na plataforma para locação de um veículo e fui surpreendido com uma recusa automática imediata. A mensagem informa que meu perfil não foi aprovado (Código: UIF0404) e impõe um prazo irrazoável de 180 dias para uma nova tentativa de cadastro.

Compreendo que a empresa possua critérios internos de análise de risco e proteção de frota, mas considero a imposição de um bloqueio de 6 meses totalmente abusiva. Além disso, há uma clara falta de transparência, pois o consumidor não é informado sobre o real motivo da recusa. Não possuo pendências financeiras ou histórico que justifiquem essa trava sistêmica.

Sabendo que algoritmos de aprovação automática muitas vezes cometem equívocos ao cruzar oscilações momentâneas de dados de mercado, solicito, por gentileza, que o meu perfil seja submetido a uma análise manual e individualizada por um analista do setor de risco.

Tenho interesse genuíno em utilizar os serviços da locadora, mas me sinto frustrado e prejudicado como consumidor por essa barreira inflexível imposta pelo sistema.

Aguardo um retorno ágil e a reavaliação do meu cadastro.

Atenciosamente,
*****",https://www.reclameaqui.com.br/localiza-aluguel-de-carros/bloqueio-de-cadastro-sem-justificativa-e-prazo-abusivo-de-180-dias_YYviSDqXv4WALtOO/,,Bloqueio de Cadastro
Cobrança após pagamento e negativação indevida no Serasa,RESPONDIDA,Rio de Janeiro,RJ,"Ano passado fiz aluguel de um veículo e foi entregue. Depois houve cobranças de multa e do pedagio. Que na qual foi pago no dia 29/01/2026. .descontado do meu cartão de crédito que estava cadastrado para aluguel. Hoje foi colocado meu nome no serása após da confirmação de pagamento.
Decepcionado com isso já liguei e já informei que o pagamento foi feito. Só.e resta abrir uma ação judicial caso continue dessa forma.",https://www.reclameaqui.com.br/localiza-aluguel-de-carros/cobranca-apos-pagamento-e-negativacao-indevida-no-serasa_sN0KAQQMEKkSVBs9/,,Problema Financeiro
"Cobrança indevida de R$ 152,42 referente a locação de veículo da Localiza, apesar de devolução com tanque cheio e pane mecânica.",NÃO RESPONDIDA,Laje,BA,"Cobrança indevida.

Venho por meio deste formalizar contestação referente à cobrança no valor de R$ 152,42, enviada por e-mail no dia 02/06/2026, atribuída à locação de veículo realizada junto à Localiza.
Informo que o veículo apresentou pane mecânica enquanto estava em uso, vindo a parar completamente no meio da via. Imediatamente acionei a locadora, que providenciou o reboque e a substituição do automóvel. Ressalto que, poucos minutos antes da ocorrência, realizei o abastecimento completo do tanque do veículo.
Posteriormente, fui surpreendido com a referida cobrança, sem detalhamento prévio. Ao entrar em contato com a central de atendimento, fui informado de que o valor corresponde a combustível, alegação que não procede, uma vez que o veículo foi devolvido com o tanque cheio.
Destaco que possuo evidências que comprovam minha alegação, incluindo fotos do painel no momento da devolução e o checklist realizado pela empresa responsável pelo reboque, no qual consta o registro de tanque cheio.
Diante do exposto, solicito a imediata revisão e cancelamento da cobrança, por se tratar de valor indevido. Informo que já foi aberto protocolo de atendimento, e aguardo a devida tratativa.
Caso a situação não seja regularizada em tempo hábil, tomarei as medidas cabíveis junto aos órgãos de defesa do consumidor e, se necessário, no âmbito judicial.",https://www.reclameaqui.com.br/localiza-aluguel-de-carros/cobranca-indevida-de-r-15242-referente-a-locacao-de-veiculo-da-localiza-apesar-de-devolucao-com-tanque-cheio-e-pane-mecanica_R3witwkfXRjsBPTu/,,Problema Financeiro
"Veículo reserva apresentou defeito logo após a retirada, causando transtornos e indisponibilidade",NÃO RESPONDIDA,Farroupilha,RS,"Recebi um veículo reserva (Renault Kwid) disponibilizado pela minha seguradora e retirado na Localiza do Shopping de Caxias do Sul, na segunda-feira pela manhã.

Ainda na mesma noite, acendeu a luz da injeção eletrônica no painel e surgiu a mensagem ""Verif Anti-Pol"". Entrei em contato com a central de atendimento (0800) e fui orientada a comparecer a uma agência da Localiza para verificação.

Na terça-feira, levei o veículo até a unidade indicada e fui informada por um funcionário que poderia continuar utilizando o carro normalmente, apesar da falha apresentada.

Entretanto, na manhã desta quarta-feira, ao tentar utilizar o veículo, surgiu a mensagem ""Reinicie o veículo"" e o carro simplesmente não ligou mais. Novamente entrei em contato com o 0800 e, após os procedimentos de teste orientados pela central, optei por devolver o veículo, mesmo tendo direito à reserva até a próxima segunda-feira.

Registro minha insatisfação com a situação, pois o veículo apresentou problemas logo após a retirada, gerando transtornos, perda de tempo e insegurança quanto à sua utilização. Além disso, mesmo após eu relatar a falha e levar o carro para avaliação, fui orientada a continuar utilizando o veículo, o que não resolveu o problema e culminou na sua completa indisponibilidade no dia seguinte.

Esperava receber um veículo em condições adequadas de uso, especialmente por se tratar de um carro reserva fornecido durante um período em que já estou enfrentando os transtornos decorrentes de um sinistro. Espero que a empresa reveja seus procedimentos de inspeção e atendimento para evitar que outros clientes passem pela mesma situação.",https://www.reclameaqui.com.br/localiza-aluguel-de-carros/veiculo-reserva-apresentou-defeito-logo-apos-a-retirada-causando-transtornos-e-indisponibilidade_AQMjXf8joiM5TFp1/,,Sinistro e Acidente
Reclamação sobre carro alugado na Localiza com problemas de manutenção e atendimento ineficiente,NÃO RESPONDIDA,Rio de Janeiro,RJ,"Aluguei uma S10 na Localiza loja aeroporto Florianopolis. O carro veio cheio de problemas. No visor uma mensagem ""realizar manutencao no sistema de monitoramento de pneus"", freio com pastilha gasta. porta da cacamba nao estava funcionando (e olha que eu aluguei u,a pickup por conta da cacamba), estava com criancas no carro. Um risco. Falta de menuteencao nos carros e um perigo.. Pelo visto nao tem essa preocupacao com os clientes. Depois de ter feito uma reclamacao no site, recebo uma mensagem de whatsapp de algum assistente virtual querendo falar comigo. Quando respondo algumas horas depois recebo a seguinte mensagem automatica ""OPS!!! O prazo expirou, para maiores informações acione o nosso 0800 979 2020 que funciona 24 horas por dia 7 dias da semana."", ou seja, nao estou nem ai.. E isso.. pessima empresa. Existem outras melhores por ai.",https://www.reclameaqui.com.br/localiza-aluguel-de-carros/reclamacao-sobre-carro-alugado-na-localiza-com-problemas-de-manutencao-e-atendimento-ineficiente_gO5BBy4YX_IEtc5U/,,Falha no App / Reserva
Cobrança indevida de cupom de desconto não aplicado em alteração de reserva,NÃO RESPONDIDA,São Paulo,SP,"Venho registrar minha profunda indignação com a postura da empresa e a falta de transparência no atendimento ao cliente.

Possuo uma reserva programada para o dia 04/06/2026 (código da reserva:*****), que originalmente estava marcada para o final de semana passado. Por motivos de força maior, precisei alterar a data através do site. Na reserva original, havia aplicado o cupom de 15% OFF do programa Mastercard Surpreenda (Código: *****), benefício este adquirido com meus pontos acumulados.

Ao realizar a alteração da data no site, o sistema removeu o desconto e invalidou o cupom, alegando que ele já havia sido resgatado.

No dia 03/06/2026 foi que consegui entrar contato via WhatsApp (muito dificil conseguir falar com um atendente, tentei por vários dias) e, após ser transferida por três atendentes, a colaboradora ***** (Central de Reservas) afirmou textualmente que:

O sistema reprocessa alterações como ""novas reservas"";

Os cupons promocionais só podem ser aplicados no momento da criação da reserva e que o sistema não permite incluir ou adicionar um cupom em uma reserva já concluída.

A justificativa da empresa é [Editado pelo Reclame Aqui]. Para testar a veracidade da informação, tentei aplicar outro cupom na mesma reserva e o sistema da Localiza aceitou o novo cupom perfeitamente. Portanto, a alegação de que o sistema não permite a inclusão de cupons pós-fixados ou em reservas alteradas é inverídica. O sistema simplesmente bloqueou o meu cupom legítimo. Além disso, no aplicativo Mastercard Surpreenda, o cupom não consta como utilizado, provando que o bloqueio é exclusivo da plataforma da Localiza.

A recusa em honrar o desconto e a prestação de informações [Editado pelo Reclame Aqui] configuram clara violação ao Código de Defesa do Consumidor (Art. 6, III - dever de informação clara; e Art. 39 - vantagem manifestamente excessiva sobre o consumidor ao retê-lo de um benefício pago com pontos).

Diante do exposto e visto que a locação ocorre amanhã, exijo:

O reembolso do valor equivalente aos 15% de desconto que me são de direito sobre o valor final da locação, assim que o contrato for encerrado.

No aguardo de uma solução justa e sem respostas automáticas.

Atenciosamente,
*****.",https://www.reclameaqui.com.br/localiza-aluguel-de-carros/cobranca-indevida-de-cupom-de-desconto-nao-aplicado-em-alteracao-de-reserva_kFtws7yG5Ky-8F1h/,,Problema Financeiro
Péssimo atendimento e dificuldade no check-in online da Localiza em Congonhas,NÃO RESPONDIDA,Suzano,SP,"Fiz a reserva de um veículo para retirada em congonhas, para meu executivo dia 8!
Estou a dois dias tentando fazer o check in online, e simplesmente não consigo!
Péssimo atendimento da localiza, tanto pelo wpp, quanto pelo chat do site, nada direciona para o check in, o chat fica falando que vai mandar um formulário, que nunca chega!
Não é intuitivo!
Nunca mais alugarei veículos nesse lugar!",https://www.reclameaqui.com.br/localiza-aluguel-de-carros/pessimo-atendimento-e-dificuldade-no-check-in-online-da-localiza-em-congonhas_lRyN-0A0Wec2Txrx/,,Falha no App / Reserva
Recusa de registro de reclamação e veículo reserva com defeito na Localiza Tatuapé,NÃO RESPONDIDA,São Paulo,SP,"Tenho seguro frota na Porto e, após um sinistro, foi acionado o benefício de carro reserva, retirado na Localiza Tatuapé em 28/05/2026, retorno previsto para 17/06/2026 porém devolvido em 03/06/2026, com apenas 47 km rodados devido a pane intermitente.

Recebi o veículo com o tanque cheio. Logo no primeiro dia ele apresentou falha mecânica perda de potência (não acelerava, andava muito devagar) e luz de defeito no painel sintomas compatíveis com combustível de má qualidade já existente no tanque que me foi entregue. Justamente para não ser responsabilizado indevidamente, optei por NÃO reabastecer: colocar combustível no tanque já contaminado permitiria que atribuíssem a falha ao combustível por mim adicionado. Portanto, o nível ter retornado mais baixo decorre exclusivamente do defeito do veículo.

Destaco duas condutas graves, que são o motivo principal desta reclamação:

1) RECUSA EM REGISTRAR A RECLAMAÇÃO. Ao relatar o defeito presencialmente, solicitei o protocolo da minha queixa e a atendente se recusou expressamente a fornecê-lo. Foi-me negado o direito básico de ter minha reclamação formalmente registrada.

2) RECUSA EM APONTAR O DEFEITO NA VISTORIA. Na devolução, o técnico declarou que não poderia anotar o defeito no laudo porque naquele instante o painel não acusava a falha que é intermitente. Resultado: não existe nenhum registro do problema que comuniquei.

A consequência é direta: sem registro, o mesmo veículo defeituoso tende a ser repassado ao próximo cliente sem qualquer diagnóstico ou reparo que é exatamente o que aconteceu comigo. Recusar-se a protocolar e a apontar o defeito não resolve o problema; apenas transfere o prejuízo para o próximo consumidor. Por isso registro tudo formalmente e por escrito, para que exista prova de que o defeito foi comunicado.

A isso se soma o atendimento contraditório: pelo WhatsApp a Localiza me orientou a devolver o carro na loja e disse ser possível trocar o titular; presencialmente, na mesma unidade, a atendente afirmou o oposto. Eu precisava do veículo reserva por cerca de 20 dias e fiquei apenas poucos dias com um carro defeituoso, perdendo tempo para resolver algo que não causei e ficando sem transporte.

Solicito formalmente:
1. Registro formal da minha reclamação sobre o defeito e o respectivo número de protocolo já que isso me foi negado no balcão.
2. Que o veículo seja encaminhado a diagnóstico em oficina ANTES de ser repassado a outro cliente, com confirmação por escrito.
3. Que NÃO haja cobrança de combustível no meu cartão o tanque foi entregue cheio e a falha origina-se do próprio veículo/combustível fornecido.
4. Que NÃO sejam cobradas as diárias do período em que o carro esteve defeituoso e não pôde ser usado normalmente.
5. Que seja estornada a taxa de limpeza de 41,95 contratada previamente na retirada do veículo.

Peço retorno por escrito.",https://www.reclameaqui.com.br/localiza-aluguel-de-carros/recusa-de-registro-de-reclamacao-e-veiculo-reserva-com-defeito-na-localiza-tatuape_iryhRDKviGy0ZX7o/,,Sinistro e Acidente
Cobrança duplicada de portinhola de gasolina e mau atendimento ao cliente,RESPONDIDA,São Caetano do Sul,SP,"Aluguei um carro que caiu a portinhola da gasolina sem motivo durante minha locação. Parei no posto, enchi o tanque e peguei estrada. Quando cheguei estava sem. Na devolução me cobraram e eu paguei a indenização. Dois meses depois estão me cobrando novamente. Respondi pelo e-mail o caso e me respondendo que nesse caso só ligando. Liguei e fiquei 10 minutos aguardando atendimento. Quando atendeu caiu a linha. Liguei novamente e estou nesse momento abrindo contestação. Perdendo meu tempo por um erro de vocês. Pessimo atendimento. Excluam essa cobrança duplicada imediatamente ou vou no procon",https://www.reclameaqui.com.br/localiza-aluguel-de-carros/cobranca-duplicada-de-portinhola-de-gasolina-e-mau-atendimento-ao-cliente_QUVrLYhrk1wyWjUn/,,Sinistro e Acidente
"Problemas com alteração de reserva *****: app e site indisponíveis, falha no atendimento e impossibilidade de contato.",NÃO RESPONDIDA,São Gonçalo,RJ,"Precisei alterar minha reserva ***** e app não funcionava, chegava na hora de escolher o grupo do veículo, a pagina não atualizava, fui para o site o mesmo problema, só pq era último dia para alteração, mta coincidencia ficar fora do ar logo no limite de eu poder alterar, chat no site, não tem atendimento humano, liguei para o SAC mas mto dificil falar com alguém també, qdo consegui a ligação caiu, por fim acabou o prazo da alteração e após horas tentando por pane dos acessos não consegui, e provavelmente agr vão querer me cobrar, injusto, tentei de tudo e nada funcionou, parecia de propósito pra depois me cobrar, a reserva ainda é para amanha, agora vão querer me dar no-show, porem desde ontem não consegui mecher nem falar com atendiento humano em nenhum canal e hoje tenho que procurar Movida ou outras por conta deste problema, e nada de conseguir falar com ninguém, absurdo, fica dificil dar reputação boa pra empresa assim, mais fácil indicar concorrencia agora ainda tenho que ficar indo atrás de procon pra contestar a possível cobrança que receberei de no-show amanhã, péssimo atendimento",https://www.reclameaqui.com.br/localiza-aluguel-de-carros/problemas-com-alteracao-de-reserva-app-e-site-indisponiveis-falha-no-atendimento-e-impossibilidade-de-contato_GgKB2tvN93DJkU0Y/,,Problema Financeiro
Cobrança em duplicidade e retenção indevida de valor em cartão de crédito após devolução de veículo locado,RESPONDIDA,Campinas,SP,"Meu namorado, ***** (CPF *****), realizou a locação de um veículo no dia 17/04 para utilização durante um mês. Na retirada do veículo, foi efetuado o pagamento integral da locação no valor de R$ 3.633,84 utilizando o meu cartão de crédito, com parcelamento em 3 vezes.

Entretanto, no momento da devolução do veículo, em 18/05, foi-nos entregue um boleto e informado que seria necessário efetuar novamente o pagamento integral de R$ 3.633,84, sob a alegação de que o sistema não registrava o pagamento realizado na data da retirada.

Mesmo tendo ciência de que o valor já havia sido pago, o Herverton entrou em contato com a central de atendimento da Localiza e foi informado de que o valor lançado no cartão em 17/04 encontrava-se retido pela empresa, mas que seria estornado ao limite do cartão em até 5 dias úteis. Essa informação foi prestada em 18/05, após a devolução do veículo.

Confiando na orientação fornecida pela própria empresa, o Herverton acessou o aplicativo da Localiza e efetuou o pagamento do valor que constava em aberto utilizando um segundo cartão de crédito de minha titularidade (Karina)

No entanto, até a presente data (02/06), o valor de R$ 3.633,84 lançado no primeiro cartão de crédito e retido desde a data da locação ainda não foi estornado nem restabelecido ao limite disponível do cartão.

Embora a locação tenha sido realizada em nome do Herverton, ambos os cartões utilizados nas duas transações são de minha titularidade. Portanto, possuo pleno direito de obter informações claras e precisas sobre o andamento e a solução deste problema, uma vez que o prejuízo financeiro recai diretamente sobre mim.

Ressalto, ainda, que já efetuei o pagamento da primeira parcela referente ao lançamento realizado em 17/04, e a primeira parcela do segundo lançamento está programada para débito automático em 05/06.

Em outras palavras, estou sendo obrigada a arcar com a cobrança de duas locações pelo mesmo contrato, situação absolutamente inadmissível e que demanda solução imediata.

Solicito, com urgência, a regularização do caso, o estorno do valor indevidamente retido e um posicionamento formal sobre as providências adotadas para solucionar definitivamente o problema.",https://www.reclameaqui.com.br/localiza-aluguel-de-carros/cobranca-em-duplicidade-e-retencao-indevida-de-valor-em-cartao-de-credito-apos-devolucao-de-veiculo-locado_riXeDfGwvgGY0lgq/,,Problema Financeiro
"Locação de carro negada por restrição no cadastro do titular, obrigando nova locação e gerando constrangimento.",RESPONDIDA,Campo Limpo Paulista,SP,"Loquei o carro pela discovery car e chegando lá falaram que o cadastro do meu marido tinha restrição, não falam qual a restrição e não permitiram trocar o titular, fizeram realizar nova locação perdendo os valores pagos e pagando nova locação em meu nome, faltaram totalmente com o respeito e nos fizeram passar grande vergonha na loja cheia",https://www.reclameaqui.com.br/localiza-aluguel-de-carros/locacao-de-carro-negada-por-restricao-no-cadastro-do-titular-obrigando-nova-locacao-e-gerando-constrangimento_uZ-BKzWBsvTGvlpo/,,Bloqueio de Cadastro
Cobrança de cobertura de condutor adicional não utilizado e falta de orientação na agência.,RESPONDIDA,Ribeirão das Neves,MG,"boa tarde;

fiz o contrato n ***** em maio 2026, como reservei de forma digital, inclui a cobertura de condutor adicional, que cobrou o valor de R$ 570,70. ao chegar na agencia para retirar o veiculo nao consegui incluir o condutor, por algum motivo particular a localiza nao aceitou, e a atendente que me atendeu nao orientou a retirar a cobertura, uma vez que verbalizei que iria dirigir sozinha nesse caso.
hoje 02/06/2026 liguei na localiza para solicitar o reembolso da cobertura, uma vez que nao fui orientada na loja para retirar a cobertura antes de pagar. protocolo ***** o atendente ***** informa que nao tenho direito a reembolso.
solicito o reembolso, uma vez que nao fui orientada a retirar a cobertura na retirada do veiculo.

alugo veiculos com a localiza a muito tempo, nao tenho nenhum problema alem desse.

Segue anexo o contrato para fins de comprovação.",https://www.reclameaqui.com.br/localiza-aluguel-de-carros/cobranca-de-cobertura-de-condutor-adicional-nao-utilizado-e-falta-de-orientacao-na-agencia_AqiVPKpw03EY0Vq2/,,Problema Financeiro
Cobrança de dívida indevida e negativação no Serasa após sublocação de veículo pela Vai.Car para Localiza.,RESPONDIDA,São Paulo,SP,"Entre 2021 e 2022 fiz um aluguel de um veículo pela vai.car onde o pagamento era feito diretamente para essa locadora. Realizava pagamentos semanais do aluguel do veículo quando no qual foi a minha surpresa um dia chegou uma pessoa da localiza e simplesmente me pediu para devolver o veículo não entendendo o porquê porém ela me apresentou um documento dizendo que o veículo era da localiza. Fui até o local indicado realizei a devolução do veículo no qual eu vim saber que essa empresa vai. Car sublocava esse veículo da unidas e a unidas havia vendido as operações para a localiza. Até então tudo bem O problema é que eu hei dei uma dívida de mais de r$ 10.000 com essa empresa sendo que foi tudo pago diretamente para vai. Car e agora desde 2022 estou com essa dívida no Serasa. Entrei várias vezes em contato com a localiza e eles nunca me apresentaram nenhum tipo de comprovante ou contrato com a minha assinatura dizendo que essa dívida deles. Primeiro, desejo o contrato com a minha assinatura informando que eu fiz o contrato com eles segundo exijo que imediatamente esse valor seja retirado do Serasa e essa dívida extinta, caso contrário vou processar por danos morais e materiais.",https://www.reclameaqui.com.br/localiza-aluguel-de-carros/cobranca-de-divida-indevida-e-negativacao-no-serasa-apos-sublocacao-de-veiculo-pela-para-localiza_MQfXp6DxBiXWZp0X/,,Sinistro e Acidente
Demora no pagamento do sinistro,NÃO RESPONDIDA,Cotia,SP,No dia 09/05/2026 sofri um acidente causado por um veículo da localiza na rodoviária presidente Dutra rio de janeiro um Argos branco de placas ***** passei do por precesso de documentos da empresa tive orçamento aprovado estou em fase de pagamento só que sou motorista de app já estou quase um mês parado a previsão de arrumar o veículo e de 30 dias a localiza se nega a pagar lucro cessantes que e lei e não paga a indenização pra arrumar meu veículo preciso de uma solução urgente minha placa ***** número sinistro ***** já tentei diversas vezes contato a resposta que tenho e aguardar,https://www.reclameaqui.com.br/localiza-aluguel-de-carros/demora-no-pagamento-do-sinistro_cVUpusqOii6Tg5Cr/,,Sinistro e Acidente
Locadora não orienta sobre rodízio e cliente é penalizado com infração de trânsito e perda de benefícios,RESPONDIDA,Garanhuns,PE,"Fui notificado de ter sido indicado em infração de trânsito, através da CNH virtual, após ser pego em rodízio na cidade de SP, apenas alguns minutos após retirar o veículo na locadora.
Questionei a Localiza por email, para que me serve um veículo proibido de circular, se tive descontos em meu cartão por causa dessa infração e se terei penalidade no prontuário da CNH, mas até o presente momento, a locadora preferiu ignorar minhas questões. Lembrando que também perderei meus benefícios de bom condutor.
Agora vou sair do meu Estado, alugar um veículo e deixar na garagem da locadora, só e exclusivamente pelo prazer de lhes dar dinheiro, haja vista que eles não se dão ao mínimo trabalho de dar qualquer orientação respeito, como se fossem uma armadilha propositadamente preparada causar problemas ao cliente.

A jurisprudência brasileira aponta que a responsabilidade pela infração é da locadora se ela entregou um veículo impedido de circular imediatamente na cidade de retirada. "" https://www.jusbrasil.com.br/jurisprudencia/busca?q=rod%C3%ADzio+de+autom%C3%B3veis "".",https://www.reclameaqui.com.br/localiza-aluguel-de-carros/locadora-nao-orienta-sobre-rodizio-e-cliente-e-penalizado-com-infracao-de-transito-e-perda-de-beneficios_yxeEXoSR8hKUftWj/,,Problema Financeiro
Cobrança indevida de avarias após sinistro e pane em veículo alugado,RESPONDIDA,Belo Horizonte,MG,"Boa noite, tudo bem?
Meu nome é *****, RG *****, e estou com uma cobrança indevida no meu nome com a empresa localiza.
No feriado da semana santa, em específico no dia 02/04/2026, aluguei um veículo com a empresa referida na categoria Onix da Chevrolet e tive um imprevisto no trajeto destinado, onde o veículo deu uma pane e sofri um acidente deixando 2 pneus furados o dianteiro na parte da frente e o traseiro na parte de trás, ambos do lado direito do veículo. Contudo, acionei o contato de emergência da localiza e fui informado que o veículo seria recolhido e eu seguiria meu trajeto em outro veículo, portanto o sinistro não foi aberto na minha presença e no fechamento do contrato não foi me cobrado nenhum valor adicional a não ser as TAGS de pedágio que havia utilizado. Entretanto após 2 meses recebo uma notificação da empresa localiza, informando que tenho um boleto em aberto no valor de $1225,00 referente as avarias apresentadas decorrente do acidente causado pela pane.
Gostaria de um esclarecimento sobre essa cobrança indevida junto a empresa localiza!",https://www.reclameaqui.com.br/localiza-aluguel-de-carros/cobranca-indevida-de-avarias-apos-sinistro-e-pane-em-veiculo-alugado_GNgqnAxSOUkS0HUv/,,Sinistro e Acidente
"Reserva confirmada e cobrada, retirada negada sem explicação e tentativa de cobrança por serviço não utilizado",RESPONDIDA,São Leopoldo,RS,"Realizei uma reserva de veículo através da Booking para um período de 8 dias. A reserva foi aprovada normalmente e o valor foi lançado em meu cartão de crédito, o que me deu a segurança de que o serviço estava confirmado e disponível para retirada.

Na data agendada, compareci à unidade da Localiza para retirar o veículo e realizar o pagamento da caução. Para minha surpresa, fui informada de que meu cadastro estava bloqueado e que eu não poderia retirar o carro.

O problema é que essa informação nunca foi comunicada anteriormente. Se existia qualquer impedimento para a locação, a reserva não deveria ter sido aprovada e muito menos cobrada. Planejei toda a minha semana contando com esse veículo e somente descobri o suposto bloqueio quando já estava no local para a retirada.

O que torna a situação ainda mais grave é que não recebi nenhuma explicação concreta sobre o motivo desse bloqueio. Fui apenas informada de que não poderia retirar o veículo. Não me apresentaram justificativa, documento ou qualquer esclarecimento que permitisse entender o que aconteceu.

Ainda no mesmo dia, tentei entrar em contato com a Booking para resolver a situação. Além da dificuldade para conseguir atendimento, fui surpreendida com a informação de que deveria pagar aproximadamente metade do valor da reserva, cerca de R$ 420,00.

Considero essa cobrança completamente abusiva. Não houve desistência da minha parte, não houve cancelamento por conveniência e eu sequer tive acesso ao veículo. Fui impedida de utilizar o serviço por uma situação que não me foi informada previamente e que até hoje não foi devidamente esclarecida.

Obviamente, não aceitei realizar esse pagamento. Não faz sentido cobrar uma multa por um serviço que não foi prestado e que eu não utilizei em nenhum momento. Nem sequer cheguei a encostar no veículo.

Diante da falta de solução, precisei entrar em contato com a administradora do meu cartão para contestar a cobrança. Como consequência, o valor ficou em disputa e parte do meu limite de crédito permaneceu comprometida durante o processo, gerando ainda mais transtornos.

A situação foi especialmente prejudicial porque eu realmente precisava do veículo naquela semana. Meu carro encontra-se na oficina e a locação não era uma questão de lazer ou comodidade, mas uma necessidade. Confiei na confirmação da reserva, organizei meus compromissos e fiquei sem o transporte que precisava no momento em que mais dependia dele.

Para tornar tudo ainda mais contraditório, a reserva continua aparecendo como confirmada no sistema, mesmo após eu ter sido impedida de retirar o veículo. Ou seja, a reserva foi aprovada, o valor foi cobrado, a retirada foi negada, não recebi explicação sobre o motivo e ainda tentaram me cobrar uma quantia significativa por um serviço que jamais foi utilizado.

Sinto-me totalmente desrespeitada como consumidora. Houve perda de tempo, desgaste emocional, transtornos financeiros, problemas com o limite do meu cartão e a necessidade de buscar alternativas de última hora por uma falha que não foi causada por mim.

Solicito esclarecimentos formais sobre o motivo do bloqueio informado pela Localiza, a confirmação do cancelamento de qualquer cobrança indevida, o encerramento definitivo dessa pendência e uma solução compatível com todos os transtornos causados.

Aguardo retorno e uma solução justa para o caso.",https://www.reclameaqui.com.br/localiza-aluguel-de-carros/reserva-confirmada-e-cobrada-retirada-negada-sem-explicacao-e-tentativa-de-cobranca-por-servico-nao-utilizado_yS_M8gZmI5zE-Sdt/,,Problema Financeiro
Pane Mecânica em Veículo Locado: Exigência de Encerramento de Contrato e Estorno de Valor Pago,RESPONDIDA,Itinga do Maranhão,MA,"No dia 30/05/2026, realizei a locação de um veículo na agência da Localiza do Aeroporto de Imperatriz - MA, sob o contrato de locação número *****. Efetuei o pagamento antecipado via Pix no valor total de R$ 457,40, correspondente a duas diárias completas.

Contudo, com apenas cerca de 6 horas de uso, o veículo apresentou uma pane mecânica que interrompeu completamente a prestação do serviço. O carro precisou ser imobilizado e foi levado pelo guincho da própria Localiza no mesmo dia (30/05/2026), impossibilitando a continuidade da minha viagem.

Para minha surpresa e indignação, verifiquei no meu aplicativo da Localiza que o contrato ainda consta como EM ABERTO e o sistema está me cobrando a devolução de um veículo que já foi recolhido pelo guincho de vocês há dias.

Diante do claro vício do serviço (Art. 18 e Art. 20 do Código de Defesa do Consumidor), exijo a regularização imediata do status do meu contrato para ""Encerrado por Pane Mecânica"" e a devolução proporcional dos valores pagos. Como não utilizei a segunda diária e o carro quebrou logo no início da primeira, solicito o estorno via Pix do valor equivalente à diária não utilizada (R$ 228,70) somado ao ajuste do período em que fiquei sem o veículo.

Aguardo o envio do comprovante de estorno na minha conta bancária para evitar o acionamento do Procon e medidas judiciais cabíveis.

Atenciosamente,
*****
CPF: *****
Contrato: *****",https://www.reclameaqui.com.br/localiza-aluguel-de-carros/pane-mecanica-em-veiculo-locado-exigencia-de-encerramento-de-contrato-e-estorno-de-valor-pago_UFQaDebqkQpcLrse/,,Problema Financeiro
Insatisfação com atendimento e má fé de atendentes em loja de veículos em São Bernardo do Campo.,RESPONDIDA,São Paulo,SP,"Ola,

Gostaria de registrar minha insatisfação com o Atendimento prestado pela Loja Santa Cruz no que pra mim é um claro caso de má fé dos atendentes da loja. Fui a loja realizar a troca do veículo por problemas na multimídia e sinalizei problemas de limpeza no carro.

O deslocamento que fiz foi da loja onde retirei (SBC Metrópole) até a minha casa e, em seguida, da minha casa até a loja Santa Cruz Shopping (SP). A troca foi feita.

Na devolução do veículo em SBC, a surpresa: sendo cobrado por abastecimento de combustível (que não tinha baixado sequer 1/8 do tanque, limpeza no valor praticamente o dobro do valor padrão e o motivo da troca como ""preferência"".

Pra mim ficou claro o uso da má fé pelos funcionários que me atenderam. Fora o fato de que eu não fui sequer sinalizado sobre qualquer cobrança que seria realizada, o que, se eu soubesse, prontamente teria buscado resolver.",https://www.reclameaqui.com.br/localiza-aluguel-de-carros/insatisfacao-com-atendimento-e-de-atendentes-em-loja-de-veiculos-em-sao-bernardo-do-campo_SXGLbyqAm_M1ZxOM/,,Problema Financeiro
Solicitação de Evidências de Cobrança de Para-choque em Sinistro,RESPONDIDA,Abaetetuba,PA,"Olá,

Solicito, por gentileza, o envio das fotos da vistoria e o detalhamento que justifique a cobrança do para-choque traseiro no sinistro n *******, referente ao contrato BELA442665.

Na foto que enviei, o dano está restrito à tampa da mala, amassada levemente, e não houve impacto no para-choque. No boletim de ocorrência, também ficou registrado que o veículo teve um pequeno amassado na tampa traseira, sem menção a dano no para-choque.

Peço que me enviem as evidências que fundamentaram a inclusão do para-choque na cobrança, pois, com base na foto e no BO, o reparo no para-choque não parece necessário.

Fico no aguardo.

Atenciosamente,
Felipe Fonseca de Oliveira
CPF: *******",https://www.reclameaqui.com.br/localiza-aluguel-de-carros/solicitacao-de-evidencias-de-cobranca-de-para-choque-em-sinistro_LIJiA6Zz-23paU6T/,,Sinistro e Acidente
Cobrança indevida de dívida caducada,RESPONDIDA,São Paulo,SP,"Estão me cobrando por uma dívida que não reconheço do ano de 2016. Mesmo se estivesse devendo, não poderiam cobrar por estar caducada.",https://www.reclameaqui.com.br/localiza-aluguel-de-carros/cobranca-indevida-de-divida-caducada_p1iaDTNcAKEdwUfT/,,Problema Financeiro
Atendimento precário e descaso com o cliente em caso de acidente de carro alugado,NÃO RESPONDIDA,Araras,SP,"Pessimo atendimento, não resolvem o problema.
Fui vítima de um acidente com um carro da localiza, pedem pra mandar orçamento e fotos do carro pra que ? Se querem pagar o que acha que deve ???? Bateram no meu carro estacionado e eu tenho que ficar com o carro batido porque vocês acham que não tem necessidade??? Sabendo que a franquia para terceiros é BEMMMM maior do que o valor do conserto do meu carro! Se não querem acreditar na oficina que VOCÊS indicam pra que pede a [Editado pelo Reclame Aqui] do orçamento? Nota zero para o atendimento e resolução do problema!",https://www.reclameaqui.com.br/localiza-aluguel-de-carros/atendimento-precario-e-descaso-com-o-cliente-em-caso-de-acidente-de-carro-alugado_fABgQ0GOma18ByOK/,,Sinistro e Acidente
Solicitação de Retirada de Nome do Serasa de Dívidas Prescritas pela Localiza,RESPONDIDA,Carpina,PE,"Venho por esse solicitar que há empresa localiza retire de Serasa e outros meios de informações com meu nome e CPF, de acordo com a lei essas dividas já passaram mais de 5 anos, se quiserem negociar até deixo meu contato *****.",https://www.reclameaqui.com.br/localiza-aluguel-de-carros/solicitacao-de-retirada-de-nome-do-serasa-de-dividas-prescritas-pela-localiza_PXie583YQ8II6hG-/,,Problema Financeiro
Cobrança de diária indevida devido a feriado não programado em Valinhos,NÃO RESPONDIDA,Campinas,SP,"A loja onde fui devolver o carro estava fechada devido a um feriado da cidade, porém é o primeiro feriado neste dia, pois é uma emenda nova da prefeitura. Não existia este feriado antes. Cidade Valinhos. Isso me gerou outra diária. Paguei mas não acho justo.
Segue foto justificando o dia e horário que fui devolver e a loja estava fechada.",https://www.reclameaqui.com.br/localiza-aluguel-de-carros/cobranca-de-diaria-indevida-devido-a-feriado-nao-programado-em-valinhos_kVSMVVGxj9q02iZh/,,Outros
Insatisfação com atendimento e má fé de atendentes em loja de veículos em São Bernardo do Campo.,RESOLVIDO,São Paulo,SP,"Ola,

Gostaria de registrar minha insatisfação com o Atendimento prestado pela Loja Santa Cruz no que pra mim é um claro caso de má fé dos atendentes da loja. Fui a loja realizar a troca do veículo por problemas na multimídia e sinalizei problemas de limpeza no carro.

O deslocamento que fiz foi da loja onde retirei (SBC Metrópole) até a minha casa e, em seguida, da minha casa até a loja Santa Cruz Shopping (SP). A troca foi feita.

Na devolução do veículo em SBC, a surpresa: sendo cobrado por abastecimento de combustível (que não tinha baixado sequer 1/8 do tanque, limpeza no valor praticamente o dobro do valor padrão e o motivo da troca como ""preferência"".

Pra mim ficou claro o uso da má fé pelos funcionários que me atenderam. Fora o fato de que eu não fui sequer sinalizado sobre qualquer cobrança que seria realizada, o que, se eu soubesse, prontamente teria buscado resolver.",https://www.reclameaqui.com.br/localiza-aluguel-de-carros/insatisfacao-com-atendimento-e-de-atendentes-em-loja-de-veiculos-em-sao-bernardo-do-campo_SXGLbyqAm_M1ZxOM/,,Problema Financeiro
Cobranças adicionais abusivas,RESOLVIDO,Teresina,PI,"RECLAMAÇÃO FORMAL COBRANÇA INDEVIDA E SOLICITAÇÃO DE ESTORNO

À Localiza Rent a Car,

Venho por meio desta registrar reclamação formal referente à locação de veículo realizada por intermédio da plataforma Booking.

Efetuei a locação de um veículo pelo período de 3 (três) dias, sendo informado que o contrato contemplava franquia total de ******* km, correspondente a ******* km por dia de locação. Ao final do contrato, houve excedente de aproximadamente ******* km além da franquia contratada.

No momento da contratação, fui informado de que a quilometragem excedente seria cobrada à razão de R$ 0,50 por quilômetro rodado. Contudo, para minha surpresa, a Localiza realizou cobrança de R$ 2,79 por quilômetro excedente, além da incidência de uma taxa adicional de 15% sobre o valor da locação, valores estes que não correspondem às condições que me foram apresentadas no momento da contratação.

Diante disso, solicito:

1. A imediata disponibilização e liberação do valor caucionado (calção), caso ainda esteja retido;
2. O detalhamento completo e discriminado de todas as cobranças efetuadas;
3. A devolução integral dos valores cobrados indevidamente, caso não haja previsão contratual clara e expressa que justifique os valores aplicados;
4. O envio de cópia do contrato e das cláusulas específicas que fundamentaram a cobrança realizada.

Ressalto que, caso a situação não seja solucionada administrativamente em prazo razoável, adotarei as medidas cabíveis junto aos órgãos de defesa do consumidor, incluindo reclamação no Procon, registro na plataforma https://******* e eventual ajuizamento de ação judicial para restituição dos valores cobrados indevidamente, sem prejuízo de eventual pedido de indenização pelos transtornos causados.

Aguardo manifestação urgente para resolução do caso.

Atenciosamente,

Antes de enviar, recomendo conferir no contrato da locação e na reserva do Booking se a cobrança de R$ 0,50/km realmente está registrada por escrito. Se você tiver o contrato ou a fatura, posso ajudar a analisar os valores e calcular exatamente quanto deveria ter sido cobrado.",https://www.reclameaqui.com.br/localiza-aluguel-de-carros/cobrancas-adicionais-abusivas_dDPioT7NuKu4wHS3/,,Sinistro e Acidente
Cobrança em aberto após acordo de pagamento pela empresa.,RESOLVIDO,Betim,MG,"Havia aberto a reclamação ID: ***** e aceito a solução proposta que seria o pagamento do valor correspondente à infração por parte da empresa, todavia ao consultar o aplicativo CNH Digital consta o lançamento da cobrança do valor em aberto conforme anexo.",https://www.reclameaqui.com.br/localiza-aluguel-de-carros/cobranca-em-aberto-apos-acordo-de-pagamento-pela-empresa_ZpbztHuYLQwiNeFY/,10.0,Problema Financeiro
Aumento abusivo de preço ao tentar alterar horário de reserva em agência de viagens,RESOLVIDO,Praia Grande,SP,"Estou tentando fazer uma reserva e fiquei ontem praticamente o dia todo falando pelo whatsapp, me passaram um orçamento ok, pedi apenas para alterar o horário pra mais cedo. Ai virou uma bagunça só.. cada vez q eu falava q so queria q mudasse o horário pra mais cedo, o valor aumentava. ai falavam q o horário q eu queria a loja estava fechada. ai entrei em contato hj novamente e qual foi a surpresa.. a cotação aumento em quase 90%. eu so queria mudar o horario do orçamento q me enviaram e não consigo",https://www.reclameaqui.com.br/localiza-aluguel-de-carros/aumento-abusivo-de-preco-ao-tentar-alterar-horario-de-reserva-em-agencia-de-viagens_y8v9QG1WGT81Ql3K/,9.0,Falha no App / Reserva
Nome com restrição,RESOLVIDO,Gurupi,TO,"Olá, Tedison!

Agradecemos por compartilhar sua experiência conosco e pela oportunidade de atuarmos na resolução do seu caso.

Realizamos as devidas análises internas e informamos que a situação foi totalmente regularizada, incluindo a exclusão do débito e a devida atualização junto aos órgãos de proteção ao crédito.

Ficamos satisfeitos em conseguir concluir sua solicitação com agilidade e transparência, zelando sempre pela melhor experiência dos nossos clientes.

Seguimos à disposição sempre que precisar e será um prazer atendê-lo novamente.

Um grande abraço.

Andréa

Equipe Localiza",https://www.reclameaqui.com.br/localiza-aluguel-de-carros/nome-com-restricao_E6tK2iQe8qCiVQAC/,10.0,Problema Financeiro
Cliente Platinum com 15 anos de locação sem sinistros tem conta bloqueada indevidamente na Localiza após desentendimento em agência.,NÃO RESOLVIDO,Casimiro de Abreu,RJ,"Cliente localiza meoo, cliente Platinum localiza, mais de 15 anos de locação sem NENHUM sinistro, por um simples desentendimento na agência de pouso Alegre mg tive minha conta bloqueada definitivamente, muita covardia com o cliente!
Ao abrir a reclamação no Procon SP, a localiza informou que houve acordo firmado entre as partes, acordo esse que eu não fiquei sabendo, até pensei que tinha sido desbloqueado, mas não, simplesmente não me disseram que acordo foi esse que por sinal é unilateral porque até hoje eu não fui informado!
Atualmente moro em Macaé RJ, fui até outra agência e ngm consegue se quer ver o motivo do meu bloqueio, apenas mensagens automáticas.
Infelizmente vcs ainda são a maior locadora e por esse motivo faço tanta questão de ser desbloqueado, até pq não tem outra que consiga chegar no patamar de vocês com carros impecáveis e grande variedade na frota!
Se possível, revejam meu caso, toda história tem 2 lados e nesse caso voces só estão ouvido o lado da gerência da agência e não o lado do cliente que por anos deu preferência a vocês!",https://www.reclameaqui.com.br/localiza-aluguel-de-carros/cliente-platinum-com-15-anos-de-locacao-sem-sinistros-tem-conta-bloqueada-indevidamente-na-localiza-apos-desentendimento-em-agencia_9Pku6HtOVDmalTID/,0.0,Sinistro e Acidente
Cobrança indevida no cartão de crédito após locação de serviço,RESOLVIDO,Belo Horizonte,MG,"Tive uma cobrança avulsa e sem nenhuma justificativa no meu cartão de crédito. Tem mais de 10 dias que fiz uma locação.
O valor foi baixo, mas não foi justificado. Não entendi. Quero o cancelamento dessa cobrança imediatamente.",https://www.reclameaqui.com.br/localiza-aluguel-de-carros/cobranca-indevida-no-cartao-de-credito-apos-locacao-de-servico_ygeujHta29CM6DLz/,10.0,Problema Financeiro
"Dificuldade em agendar revisão de veículo locado em Jundiaí, com oficina apenas em Itu",RESOLVIDO,Jundiaí,SP,"Tenho um carro locado mensal e ao agendar a revisão de 30 mil Km não tem a opção de oficina em Jundiaí, cidade que eu resido, somente em Itu, que fica a 56km e tenho que pagar 1 pedágio para ir e outro para voltar. e se o carro não ficar pronto no dia? quem vai arcar com os custos?",https://www.reclameaqui.com.br/localiza-aluguel-de-carros/dificuldade-em-agendar-revisao-de-veiculo-locado-em-jundiai-com-oficina-apenas-em-itu_EgNzrbJ0j1-A47g0/,8.0,Outros
"Cobrança de diária extra após devolução de carro alugado na Localiza, apesar de parceria e fidelidade.",RESOLVIDO,Pelotas,RS,"Aluguei um carro da localiza, daí apos a entrega como tenho uma tolerância de 4 anos pela parceria e fidelidade que tenho com a alugadora, estão me cobrando uma diária a mais, pois pelo aplicativo mostrava o tempo de devolução e o após 4 horas.. Fiquei indignado por esse motivo, em não dar uma chance de isenção do valor, pela parceria que tenho com a localiza, pois sempre paguei tudo certinho, as diárias, as lavagem, e sempre entregando na hora certa já pra não ocorrer esse erro que aconteceu, que estão alegando que meu horário excedeu.",https://www.reclameaqui.com.br/localiza-aluguel-de-carros/cobranca-de-diaria-extra-apos-devolucao-de-carro-alugado-na-localiza-apesar-de-parceria-e-fidelidade_u5oxXxCm4okoi3NW/,1.0,Falha no App / Reserva
Cobrança abusiva de combustível após pane mecânica em veículo alugado,RESOLVIDO,Jaboatão dos Guararapes,PE,"No dia 06/05/2026, retirei o veículo T-Cross (Placa *****) na agência do Aeroporto de Recife sob o contrato n *****. Durante a utilização, o veículo apresentou uma pane mecânica (a luz de injeção eletrônica acendeu no painel e o motor falhou). A assistência da Localiza foi acionada e o carro precisou ser removido por um guincho no dia 09/05/2026, sendo substituído pelo veículo de placa *****. Ao receber o fechamento do contrato (Fatura n *****), fui surpreendido com um saldo devedor de R$ 347,45 com vencimento para 29/05/2026, composto por uma cobrança abusiva de R$ 302,13 de combustível mais as taxas de aluguel incidentes. Analisando o documento enviado para mim via email, há um erro nítido de registro por parte da empresa: o sistema computou que o carro rodou apenas 1 KM (Km inicial 9556 e Km final 9557) e que o tanque caiu de 8/8 para 2/8. Essa quilometragem está errada, pois eu utilizei o carro normalmente e gastei o combustível rodando antes de o veículo quebrar. Contudo, o ponto principal é que o carro sofreu uma pane mecânica e foi guinchado por iniciativa e suporte da própria Localiza. Devido a esse problema de responsabilidade exclusiva da locadora, fiquei totalmente impossibilitado de passar em um posto de combustíveis para reabastecer o veículo antes que ele fosse recolhido pelo reboque direto para o pátio. A cobrança do combustível pela tabela interna da locadora, somada a taxas de conveniência, torna-se abusiva e ilegal neste cenário, pois pune o consumidor que foi vítima de um defeito oculto do automóvel e que não teve a opção física de devolver o tanque cheio devido à quebra do motor. No veículo substituto (*****), a devolução foi feita com o tanque rigorosamente cheio (8/8), provando minha boa-fé contratual. Diante do exposto, exijo a revisão urgente do contrato, o cancelamento da cobrança abusiva de combustível e o estorno integral do valor de R$ 347,45 antes do vencimento do boleto.",https://www.reclameaqui.com.br/localiza-aluguel-de-carros/cobranca-abusiva-de-combustivel-apos-pane-mecanica-em-veiculo-alugado_JsFoEvTcYI4fXbvB/,9.0,Problema Financeiro
Cobrança indevida de NoShow após falha no aplicativo e mau atendimento presencial na retirada de veículo.,RESOLVIDO,Uberaba,MG,"Foi debitado no meu cartão o valor de R$210,47 indevidamente. Fiz uma reserva pelo aplicativo com retirada fast, chegando na agência tentei por duas vezes concluir a retirada mas o aplicativo me informava que não seria possível prosseguir. Me dirigi ao balcão de atendimento, no qual fui atendido por uma funcionária, no qual não fui bem atendido. E ela me informou que meu cadastro não foi aprovado e que não sabe o porquê. Tenho nome limpo, não sou recém habilitado, cartão de crédito no meu nome e com bastante limite. Não sei porque meu cadastro não foi aceito. O atendimento presencial não foi bom. Não consegue falar com ninguém no telefone, o chat é por IA. Agora chega uma cobrança de NoShow. Exijo estorno dessa cobrança imediatamente.",https://www.reclameaqui.com.br/localiza-aluguel-de-carros/cobranca-indevida-de-noshow-apos-falha-no-aplicativo-e-mau-atendimento-presencial-na-retirada-de-veiculo_pAaiQotef3ELNBRj/,6.0,Problema Financeiro
Cobrança da taxa de cancelamento,RESOLVIDO,São José do Rio Preto,SP,"Boa tarde!


Realizei uma reserva na Localiza porque meu carro estava quebrado e eu precisava de um veículo com urgência. Porém, cerca de 40 minutos após a solicitação, o mecânico me avisou que meu carro já estava pronto, e imediatamente fiz o cancelamento da reserva.


Como já utilizei os serviços da Localiza anteriormente, sempre fui muito bem atendida e nunca tive problemas. Inclusive, em outra locadora, já precisei cancelar uma reserva e não houve cobrança de multa, então imaginei que nesta situação também não haveria.


Fiquei surpresa ao ver a cobrança de R$168,50 no meu cartão, principalmente por ser um valor considerável em um momento delicado financeiramente para mim, ainda mais considerando que o cancelamento foi feito em um curto período de tempo.


Sempre indiquei a Localiza para amigos e familiares justamente pela boa experiência que tive, mas dessa vez fiquei bastante decepcionada. Gostaria, por gentileza, que avaliassem a possibilidade do cancelamento ou estorno dessa taxa.


Agradeço desde já pela atenção e compreensão.",https://www.reclameaqui.com.br/localiza-aluguel-de-carros/cobranca-da-taxa-de-cancelamento_pLudAEIymcQ1_Yr1/,10.0,Problema Financeiro
Demora na aprovação de conserto de carro após colisão e prejuízo na renda.,RESOLVIDO,Araraquara,SP,"Um motorista alugou um carro desta empresa, e veio a colidiu na traseira do meu carro, eles ficaram de arcar com o conserto do carro, porém ja faz 15 dias do ocorrido e até agora ainda não aprovou o conserto.
Trabalho com o carro,estou até agora no prejuízo, porque era de onde tirava minha renda.
Acho uma falta de respeito, o condutor também não se preocupa com o motivo da demora, nem se preocupa com a situação
Preciso urgentemente do meu carro para trabalhar, pago seguro do meu carro,me arrependo de não acionar o meu seguro, tenho direito a carro reserva e eles ja tinha consertado meu carro.",https://www.reclameaqui.com.br/localiza-aluguel-de-carros/demora-na-aprovacao-de-conserto-de-carro-apos-colisao-e-prejuizo-na-renda_R-4nLAqj9TYZJMCC/,6.0,Sinistro e Acidente
Cobrança indevida e atraso na retirada de veículo alugado pela Localiza,RESOLVIDO,Araçatuba,SP,"Fiz a reserva de um veículo on-line através do site da Localiza para retirada no centro de araçatuba no período de 16/05/2026 até 18/05/2026. O carro utilizado foi um Onix do grupo CS.

Apesar de estar com horário marcado, tive que esperar cerca de 60 minutos para ser realizar a retirada.

Na devolução, solicitei que o valor da locação fosse parcelado em 6x, conforme informado no momento da reserva e conforme a própria Localiza divulga como possibilidade. Inclusive, confirmei duas vezes essa informação com a atendente.

Porém, ao conferir posteriormente meu cartão, percebi que a cobrança foi lançada à vista. Abri uma solicitação relatando toda a situação, mas fui informado que resumidamente o problema é meu e a empresa não pode fazer nada.

Além dos atrasos e do atendimento inadequado, o funcionário ainda cometeu um erro grave ao realizar a cobrança de forma diferente da solicitada. Agora terei que arcar com um prejuízo financeiro, já que não estava contando com esse valor integral neste mês.

Solicito a correção imediata da forma de pagamento para o parcelamento em 6x, conforme solicitado no atendimento e previsto na reserva, além de uma solução rápida para todos os transtornos causados.",https://www.reclameaqui.com.br/localiza-aluguel-de-carros/cobranca-indevida-e-atraso-na-retirada-de-veiculo-alugado-pela-localiza_X-85wPEeFcw9EX2m/,10.0,Problema Financeiro
Cobrança abusiva e indevida após guincho de veículo alugado na Localiza Rent a Car,NÃO RESOLVIDO,Palhoça,SC,"Aluguei um carro através do app da localiza Rent a Car para usar por 2 diarias, no dia 02/05/******* aluguei um VW Tera 1.0 e no momento em que fui buscar o carro por algum motivo interno recebi um upgrade e me entregaram um VW TERA 2.0 completo, muito bom por sinal sem acréscimo de valor, o término de minha locação seria dia 04/05/26, o que parecia ser um brinde acabou me custando mais caro no final da locação. Dirigi menos de ******* km e estacionei em uma vaga de carga e descarga e acabou que o carro foi guinchado pela prefeitura local e levado ao pátio. Dia 03/05/26 me dirigi ao pátio para resolver a questão pagar as taxas e pegar o carro, mas fui informado que somente o proprietário poderia faze-lo. Resumo: a Localiza me cobrou 1 diária a mais do que havia programado e diversas, inúmeras outras taxas decorrentes. De uma locação que já havia pago R$ *******,00 foi acrescida de mais R$ 2.*******,00 mais a multa do estacionamento incorreto cobrada pela prefeitura local, que paga antecipado ganha desconto ficaria na casa dos R$ *******,00 foi me cobrado R$ *******,00 pq incluíram uma taxa administrativa de 25%. Teve tantas cobranças indevidas e valores agregados que fica difícil até de mensurar aqui. Foi me cobrado até uma TX de locação de 15% da qual eu já havia pago inicialmente qdo peguei o carro de mais R$ *******,00 que nem sei do que se trata. Um valor de R$ *******,00 de despachante que deve se tratar do despachante mais caro do país inteiro. Valores irreais abusivos e inegociáveis e inaceitáveis. O valor final da locação ficou na casa dos R$ 2.*******,00 mais o Uber que precisei pagar no valor de R$ *******,00 para voltar para casa pq mesmo incluindo o seguro do carro na locação não me providenciaram uma condução até meu destino de volta. Devo apenas pagar e ficar bem quietinha? Acho que não tem como!!!",https://www.reclameaqui.com.br/localiza-aluguel-de-carros/cobranca-abusiva-e-indevida-apos-guincho-de-veiculo-alugado-na-localiza-rent-a-car_fHsfirXZIhMWo9R-/,1.0,Sinistro e Acidente
Cobrança indevida de diária extra após erro de sistema em locação de carro,RESOLVIDO,Campinas,SP,"Aluguei um carro pelo chat da localiza, do dia 10/ 5 ao dia 22/05, fechamos um valor, dia 2205 recebi um e-mail falando que já devia ter entregue o carro, liguei no 0800 me falaram que o valor das diárias estava correto até dia 22/05 que devia ter havido um erro de sistema, que poderia entregar o carro dia 22/05 sem custo adicional, não foi o que ocorreu, quando fui entregar o carro só poderia entregar se pagasse mais uma diária, tive que pagar mais uma diária,, revoltante, tentei mandar um email na pesquisa de satisfação, mas não aceitaram o email, não loco mais carro por essa empresa, me senti lograda.",https://www.reclameaqui.com.br/localiza-aluguel-de-carros/cobranca-indevida-de-diaria-extra-apos-erro-de-sistema-em-locacao-de-carro_zE4bt79IZGffpYJ4/,8.0,Falha no App / Reserva
"Erro ao acessar conta Localiza e redefinir senha via Face ID, impedindo retirada de veículo.",RESOLVIDO,São Paulo,SP,"Estou tentando acessar minha conta da Localiza, mas fui deslogada por algum motivo. Sempre entro pelo Face ID e agora não consigo acessar. Tentei redefinir a senha, porém também está dando erro.

Preciso retirar um carro às 7h e até agora não consegui resolver.",https://www.reclameaqui.com.br/localiza-aluguel-de-carros/erro-ao-acessar-conta-localiza-e-redefinir-senha-via-face-id-impedindo-retirada-de-veiculo_3A6zCaaxaJnuaSx6/,10.0,Falha no App / Reserva
Pontos de fidelidade não creditados após aluguel de carro,RESOLVIDO,Fortaleza,CE,"Tive um problema no aluguel do meu carro, sou fidelidade, em novembro de 2025, a localiza ficou de 6.200 pontos, foi enviado uma mensagem no whatsapp e nunca esses pontos foram depositado, conforme prin do whatsapp e print tô extrato de pontos. Não existe nem deposito para novembro de 2025 de 6.200 pontos",https://www.reclameaqui.com.br/localiza-aluguel-de-carros/pontos-de-fidelidade-nao-creditados-apos-aluguel-de-carro_9G3GY2oNi_BYAwwq/,5.0,Outros
Exclusão de dívidas prescritas,NÃO RESOLVIDO,Serra,ES,"Olá, Wallisson!

Como vai você? Espero te encontrar bem! Sentimos muito quanto a percepção negativa dos nossos serviços, mas eu entendi o que aconteceu e vou te explicar.

As dívidas prescritas são classificadas como “Contas Atrasadas”. Elas venceram há mais de 5 anos e não geram qualquer impacto no seu score. Portanto, não restringem a obtenção de crédito.

Desta forma, não existe qualquer violação ao Código de Defesa do Consumidor, já que o art. 43 somente é aplicado às informações inseridas em Cadastros de Proteção ao Crédito, situação diferente e que não se confunde com a negociação de dívidas na plataforma Limpa Nome.

É sempre importante ter em mente que as dívidas vencidas hão mais de 5 anos e não pagas permanecem nos registros das empresas credoras, que continuam a ter o direito de receber o valor e, portanto, ainda podem negociá-las. Uma das formas de conectar o consumidor às melhores condições de desconto e pagamento é através da oferta de acordos na plataforma Limpa Nome.

Reforçando as informações acima, destacamos que o Superior Tribunal de Justiça, reconheceu que a prescrição pode ser definida como a perda do direito do credor em exercer a cobrança em juízo, mas que a dívida não deixa de existir, nem há quitação do saldo devedor, uma vez que a prescrição não atinge o direito de receber o valor devido.

Por isso a negociação fica disponível no site do Serasa, porém ao consultar a aba “dívidas negativadas” não haverá indicação.

Esperamos ter esclarecido e seguimos a disposição!

Um abraço,
Equipe Localiza",https://www.reclameaqui.com.br/localiza-aluguel-de-carros/exclusao-de-dividas-prescritas_Xyxe5rGI5ZEyf5dg/,0.0,Problema Financeiro
Cobrança de caução e dificuldade no estorno de valor pré-autorizado em aluguel de carro,NÃO RESOLVIDO,Coração de Jesus,MG,Aluguei um carro ele cobraram uma pré autorização no valor de 700 reais ele chama de calção e disseram q o valores seriam estornados na entrega do carro mais não liberam fala q depende do cartão mais entrei em contato com o banco o valor está pendente,https://www.reclameaqui.com.br/localiza-aluguel-de-carros/cobranca-de-caucao-e-dificuldade-no-estorno-de-valor-pre-autorizado-em-aluguel-de-carro_MubjMJv4_XKZ-gQn/,0.0,Problema Financeiro
"Cobrança de multa abusiva e desproporcional pela Localiza, mesmo após negociação e comunicação de atraso mínimo.",RESOLVIDO,São Paulo,SP,"Negociei uma pendência com a Localiza e, mesmo após contato prévio informando o atraso de apenas 10 minutos no pagamento, fui surpreendido com a aplicação de uma multa abusiva no valor de R$ 510,64. Considero a cobrança desproporcional e incompatível com a boa-fé do consumidor, principalmente porque houve tentativa de comunicação e regularização imediata da situação.

Além disso, o tom utilizado na comunicação enviada pela empresa, mencionando bloqueio cadastral e possível encaminhamento ao Serasa, demonstra falta de razoabilidade diante de um atraso mínimo e já negociado anteriormente.

Solicito a revisão imediata dessa multa, com o cancelamento ou redução proporcional do valor aplicado, pois entendo que a cobrança viola os princípios da razoabilidade e do equilíbrio contratual previstos no Código de Defesa do Consumidor.

Sempre busquei manter minhas obrigações em dia e espero uma solução justa e coerente por parte da empresa.",https://www.reclameaqui.com.br/localiza-aluguel-de-carros/cobranca-de-multa-abusiva-e-desproporcional-pela-localiza-mesmo-apos-negociacao-e-comunicacao-de-atraso-minimo_bUaNnDhKpsoaqcNZ/,9.0,Problema Financeiro
"Localiza bloqueou conta sem motivo, impedindo locação de carro em momento de necessidade.",NÃO RESOLVIDO,Cabo Frio,RJ,"fiz 3 locação com a localiza, e simplesmente na 4 em um dia em que eu mais precisava alugar um carro eles bloquearam minha conta sem nem sequer dizer o motivo, fiz a reserva do carro, fui pra cidade mais próxima pra pegar o carro e chegando lá eles simplesmente não deixaram eu pegar o carro, mesmo sempre pagando certinho e deixando o calção, um descaso total com os clientes, por que deixaram eu fazer a reserva pra depois bloquear? E não bloquearam já no ato da reserva? Nao tenho nome sujo deixando bem claro aqui, e recentemente o mesmo problema que eu tive minha mãe teve, na quarta locação dela simplesmente bloquearam a conta.",https://www.reclameaqui.com.br/localiza-aluguel-de-carros/localiza-bloqueou-conta-sem-motivo-impedindo-locacao-de-carro-em-momento-de-necessidade_Ii8LiNvuOBjiIEKe/,0.0,Falha no App / Reserva
Cobrança abusiva de Lavagem Especial mesmo com Limpeza Garantida contratada - Contrato *****,RESOLVIDO,Poços de Caldas,MG,"Venho registrar minha profunda insatisfação com a cobrança abusiva e duplicada realizada pela agência Centro de Poços de Caldas no encerramento do meu contrato de locação n *****.
Agindo de total boa-fé, contratei e paguei previamente na abertura do contrato o serviço de ""Limpeza Garantida - 40% OFF"", pelo valor líquido de R$ 34,95. No entanto, no momento da devolução do veículo (Kait Exclusive, placa *****), o atendente aplicou uma taxa adicional sob a rubrica ""Lavagem do carro especial"", gerando uma cobrança líquida extra de R$ 58,05.
Entrei em contato via e-mail e recebi uma resposta padrão do analista *****, alegando que a lavagem especial se justificava por resíduos. A própria empresa afirma textualmente em sua justificativa que a lavagem especial serve para casos extremos como ""areia, barro, pelos de animais, manchas de alimentos, etc."".
Ocorre que possuo fotos detalhadas de todo o interior do veículo tiradas no exato momento da devolução. As imagens provam que os bancos de couro estavam impecáveis, sem qualquer mancha, líquido ou odor. Nos tapetes, havia apenas uma quantidade mínima e superficial de poeira e raríssimos vestígios de uso diário (pequenos farelos e poeira comum), algo totalmente inevitável no uso normal de qualquer automóvel por um ser humano.
Uma aspiração rápida de rotina que já estava coberta e paga no meu pacote contratado de Limpeza Garantida resolveria o problema em dois minutos. Classificar um veículo sem manchas e sem sujeira pesada na categoria de ""Limpeza Especial"" é uma prática abusiva, puramente subjetiva da agência e que configura cobrança duplicada.
Somando o valor líquido da lavagem especial indevida (R$ 58,05) com a Taxa de Aluguel de 15% que incidiu sobre ela (R$ 8,71), exijo o estorno imediato do valor exato de R$ 66,76. As fotos do carro e o demonstrativo de valores seguem anexados para análise da Ouvidoria",https://www.reclameaqui.com.br/localiza-aluguel-de-carros/cobranca-abusiva-de-lavagem-especial-mesmo-com-limpeza-garantida-contratada-contrato_-RumC-WxNvVNKCOS/,10.0,Problema Financeiro
Cobrança de taxa de cancelamento indevida após upgrade de reserva na Localiza,RESOLVIDO,Belo Horizonte,MG,"Fiz uma reserva na localiza, cancelei a mesma para realizar um upgrade na reserva, escolhendo uma categoria superior na reserva nova, a localiza me cobrou uma taxa de cancelamento. Como eu fiz uma nova reserva e utilizei eu quero o reembolso da cobrança de cancelamento, o atendimento do WhatsApp não funcionou para isso",https://www.reclameaqui.com.br/localiza-aluguel-de-carros/cobranca-de-taxa-de-cancelamento-indevida-apos-upgrade-de-reserva-na-localiza_92_dLg5jLJfhxARE/,10.0,Problema Financeiro
Localiza - Valor Abusivo em Locação de SUV para Viagem Curta,RESOLVIDO,Belo Horizonte,MG,"Preciso locar um carro para uma pequena viagem e, por confiar na empresa, sempre priorizei a Localiza, inclusive pagando valores um pouco acima da concorrência em outras oportunidades.

Porém, desta vez, o valor cobrado por apenas duas diárias de uma categoria SUV ficou muito acima do mercado, tornando a locação inviável.

Diante disso, acabei cancelando minha reserva e fechando com outra locadora no aeroporto de Confins.

Uma pena ver uma empresa tão consolidada praticando valores tão desproporcionais em determinadas situações.",https://www.reclameaqui.com.br/localiza-aluguel-de-carros/localiza-valor-abusivo-em-locacao-de-suv-para-viagem-curta_1I3k0HyQ7aW-Ge3o/,10.0,Problema Financeiro
Cobrança Indevida de Multa Convertida em Advertência Após Locação de Veículo na Localiza,RESOLVIDO,São Paulo,SP,"Em meados de setembro de 2025, realizei a locação de um veículo junto à Localiza. Após a devolução do veículo, fui contatado por um colaborador da unidade por meio de canal pessoal, fora dos canais oficiais da empresa, solicitando o envio da minha CNH sob a justificativa de que seria necessário para finalização do contrato. Diante disso, solicitei que a requisição fosse formalizada por meio de canal oficial da empresa, o que foi feito posteriormente via e-mail. Após o recebimento do e-mail oficial, encaminhei minha CNH conforme solicitado. Em nenhum momento fui informado de forma clara ou prévia de que a solicitação da CNH estava relacionada à existência de multa de trânsito vinculada à locação.

Pouco tempo após o envio do documento, foi realizada a cobrança em minha fatura referente a uma multa de trânsito, a qual foi paga prontamente. No entanto, meses depois, ao consultar meu prontuário de habilitação, verifiquei que a referida infração havia sido convertida em advertência por escrito, conforme documento oficial emitido pelo órgão de trânsito competente. Dessa forma, a penalidade deixou de gerar qualquer efeito financeiro ou pontuação, não havendo justificativa para a cobrança anteriormente realizada.

Ao identificar a situação, entrei em contato diversas vezes com a empresa por diferentes canais, incluindo e-mail e telefone, enfrentando demora excessiva no atendimento, falta de direcionamento adequado, indicação de contatos incorretos e ausência de retorno conclusivo. Após insistência, recebi orientação para comprovar a conversão da multa em advertência, o que foi prontamente atendido com o envio da documentação comprobatória. Contudo, mesmo após o envio dos documentos solicitados, a empresa deixou de responder às minhas tentativas de contato, não apresentou solução e tampouco realizou o estorno do valor cobrado.

Considerando que a infração foi convertida em advertência por escrito, nos termos do Código de Trânsito Brasileiro, não subsiste penalidade pecuniária, tornando indevida a cobrança realizada. Além disso, a conduta da empresa viola princípios do Código de Defesa do Consumidor, especialmente no que se refere à transparência, boa-fé, direito à informação adequada e responsabilidade por cobranças indevidas.

Diante do exposto, solicito o estorno integral do valor cobrado indevidamente, ou, alternativamente, a devolução em dobro conforme previsto na legislação aplicável, bem como um posicionamento formal e conclusivo da empresa acerca do caso. Ressalto que busquei a resolução de forma amigável por diversas vezes, sem sucesso, motivo pelo qual realizo o presente registro junto aos órgãos de defesa do consumidor.",https://www.reclameaqui.com.br/localiza-aluguel-de-carros/cobranca-indevida-de-multa-convertida-em-advertencia-apos-locacao-de-veiculo-na-localiza_Q5Ok6pNO3dyYRFnd/,8.0,Problema Financeiro
Recusa de cartão para caução e cobrança indevida de multa no mesmo cartão,RESOLVIDO,Santa Cruz da Conceição,SP,"Fiz a reserva de um veículo na unidade de Leme e disseram que não iriam conseguir passar o cartão da empresa para o caução, porém, quando fizeram o cancelamento a multa foi debitada diretamente no cartão que eles se recusaram a receber.",https://www.reclameaqui.com.br/localiza-aluguel-de-carros/recusa-de-cartao-para-caucao-e-cobranca-indevida-de-multa-no-mesmo-cartao__HqdSSc6YjDvsbSW/,7.0,Problema Financeiro
Cobrança indevida e tentativa de saque após devolução de veículo alugado,RESOLVIDO,Itaperuna,RJ,"Aluguei um veículo na Localiza para dois dias, paguei adiantado, entreguei o veículo de forma correta, foi dado baixa do contrato de locação tudo certo, ai 2 dias depois apareceu um cobrança de 124,26 não tenho informação nenhuma desta cobrança, mais 2 dias depois houve uma tentativa de saque do cartão de credito deste valor pela localiza. Sinceramente estou dessepicionado com esta atitute. Agora apareceu no aplicativo este débito sem informação nenhuma.",https://www.reclameaqui.com.br/localiza-aluguel-de-carros/cobranca-indevida-e-tentativa-de-saque-apos-devolucao-de-veiculo-alugado_CDeaPZWCdcGengb-/,10.0,Problema Financeiro
Cobrança de multa indevida após antecipação de entrega de carro alugado pela própria locadora.,RESOLVIDO,São Paulo,SP,"Eu mudei a assinatura do meu carro, mudando a categoria e entregando o carro antigo. a propria localiza meoo agendou um carro alugado para mim. fui ate a locadora e aluguei pagando um aluguel para o mes todo de 1800 reais. porem eles anteciparam a entrega do meu carro fixo e tive que devolver o carro alugado antes do prazo. agora estao me cobrando uma multa de quase 800 reais e ainda sujaram meu nome por isso.
estao cobrando esse valor devido a entrega antecipada do carro. mas nao tenho culpa disso se a localiza meoo antecipou a entrega do meu carro fixo. por favor resolvam isso. nem tenho dinheiro para pagar isso.

*****
5 de fevereiro de 2026 às 10:29
Devolução
20 de fevereiro de 2026 às 16:49

Pago
Fatura
*****
Contrato
*****
Tipo
FATURA
Vencimento
20/02/2026
Valor
R$ 1.866,45",https://www.reclameaqui.com.br/localiza-aluguel-de-carros/cobranca-de-multa-indevida-apos-antecipacao-de-entrega-de-carro-alugado-pela-propria-locadora_0qBg4No8KKwUhL9i/,10.0,Problema Financeiro
Venda casada sob coação pelo app - Exijo estorno da diferença de proteção,RESOLVIDO,Itaquaquecetuba,SP,"No dia 22 de maio de 2026, fui realizar minha primeira retirada com a Localiza do Aeroporto de Confins (CNF) para retirar o veículo que havia reservado previamente.

A minha reserva original previa o valor total de R$ 451,06, utilizando a proteção padrão (que sempre utilizo em outras locadores e nunca tive o mesmo problema que tive aqui) da categoria com um bloqueio de caução de R$ 2.500,00.

No entanto, no momento que iniciei a retirada digital, tarde da noite por volta das 00:00 , fui surpreendido com uma prática abusiva: o aplicativo informou que só liberaria o carro com a proteção padrão se o caução em meu cartão fosse de R$ 8.000,00. Essa informação de valor astronômico para bloqueio não constava de forma clara ou destacada no momento da minha reserva. e já estava no email prévio que o caução seria de 2500 e que a franquia seria maior se não contratasse proteção alguma, como contratei como sempre faço, não entendi o porquê dessa alteração abusiva repentina.

Como eu não tinha esse limite disponível na hora e qualquer tentativa de aumento de limite pelo aplicativo do banco demoraria até 24 horas por questões de segurança , fui colocado em uma situação de extrema vulnerabilidade, sem alternativa para retirar o veículo e seguir viagem.

Para manter o caução originalmente planejado de R$ 2.500,00, o aplicativo me forçou a migrar para a proteção completa, o que elevou o valor final do contrato para R$ 577,17 uma diferença indevida de R$ 126,11 cobrada pelo cansaço e falta de opção.

O carro foi devolvido na mesma filial de Confins no dia 24 de maio de 2026, rigorosamente dentro do horário estabelecido, sem qualquer intercorrência, atraso ou avaria.

Essa conduta configura uma clara violação ao Artigo 39, incisos I e V do Código de Defesa do Consumidor (CDC), que proíbe a venda casada e a exigência de vantagem manifestamente excessiva, aproveitando-se da vulnerabilidade do consumidor. Como cliente inédito, esperava transparência e uma ótima experiência pelas opniões que já tinha ouvido desta empresa, e não uma estratégia digital para forçar upgrade de seguro.

Tenho em meu poder e estou anexando a esta reclamação:

O e-mail e o print da reserva original (R$ 451,06 / Caução R$ 2.500);

O contrato de abertura/fatura atualizada com a cobrança abusiva (R$ 577,17).

Diante do exposto, exijo o estorno imediato no meu cartão de crédito do valor cobrado a maior de R$ 126,11, reestabelecendo o equilíbrio do que foi originalmente contratado.",https://www.reclameaqui.com.br/localiza-aluguel-de-carros/venda-casada-sob-coacao-pelo-app-exijo-estorno-da-diferenca-de-protecao_8Gj7kOupD85pf2HQ/,10.0,Sinistro e Acidente
"Substituição de veículo de categoria reservada por modelo inferior, resultando em custo adicional",RESOLVIDO,São João do Paraíso,MG,"Eu havia reservado previamente a categoria SUV GH SUV Luxo Automático, cujo veículo em destaque é o T-Cross Highline 1.4 Turbo de 150cv ou SIMILAR.

Porém, no momento da retirada, me ofereceram um Nissan Kicks Sense 1.0 Turbo de 120cv, alegando indisponibilidade do modelo reservado. O problema é que o Kicks oferecido não pertence ao mesmo nível de motorização e desempenho do veículo anunciado na categoria contratada.

Inclusive, o T-Cross 1.0 também já faz parte de categorias inferiores da própria locadora, o que reforça ainda mais que um Kicks 1.0 não pode ser considerado similar a um T-Cross Highline 1.4 de 150cv.

Paguei mais caro justamente para ter um veículo mais potente, confortável e seguro para viajar com minha família pela BR-251. Diante da situação, fui praticamente obrigado a pagar ainda mais caro para subir de categoria e conseguir seguir viagem com a segurança esperada.

Entendo que o correto seria disponibilizar um veículo realmente equivalente ao contratado ou, em caso de indisponibilidade, oferecer um upgrade de categoria como cortesia, algo que já aconteceu comigo anteriormente em uma locação da Localiza de Jundiaí.

Deixo aqui registrada minha insatisfação.

Contrato de locação: *****",https://www.reclameaqui.com.br/localiza-aluguel-de-carros/substituicao-de-veiculo-de-categoria-reservada-por-modelo-inferior-resultando-em-custo-adicional_o82uJNO6gfn5j4fZ/,8.0,Sinistro e Acidente
Carro com suspensão batendo e solicitação de estorno do valor pago,RESOLVIDO,Itapecerica da Serra,SP,"Fiz a reserva de um carro para dia 23/05, retirada , devolução no dia 25/5,na agência do shopping campo limpo/SP,a atendente disse que só tinha o carro que retirei Onix 2025,na cor Branca,onde identifiquei assim que sair da locadora que a suspensão dianteira estava batendo muito,onde é visível que a locadora acima mencionada, não fez a devida manutenção preventiva para garantir a segurança do seus clientes.
Diante dessa situação, gostaria que a locadora localiza devolvesse o valor gasto com as diárias.
Fiz a declaração no SAC na empresa onde foi aberto o protocolo de número:*****",https://www.reclameaqui.com.br/localiza-aluguel-de-carros/carro-com-suspensao-batendo-e-solicitacao-de-estorno-do-valor-pago_tsyStVHRFsBe4IGk/,10.0,Falha no App / Reserva
problema com duas locação,RESOLVIDO,Fortaleza,CE,"Realizei duas reservas de veículos pelo aplicativo da Localiza para retirada em dias diferentes. Ambas as reservas foram aprovadas pelo aplicativo, sem qualquer restrição informada.

Na retirada do primeiro veículo, não houve nenhum problema. No entanto, no dia seguinte, ao comparecer no horário agendado para retirar o segundo veículo, fui informado no balcão de atendimento que a segunda locação não seria autorizada em meu nome.

Além disso, após aproximadamente uma semana, identifiquei uma cobrança em meu cartão de crédito. Ao verificar o motivo, fui informado de que a Localiza havia aplicado uma multa referente à não retirada do veículo reservado, sendo que a própria locadora não autorizou a locação no momento da retirada.",https://www.reclameaqui.com.br/localiza-aluguel-de-carros/problema-com-duas-locacao_U6TjhZxtDdPhOxFF/,10.0,Problema Financeiro
"Cobranças indevidas reiteradas e bloqueio de cadastro na Localiza, mesmo com quitação de débitos",NÃO RESOLVIDO,Ribeirão Preto,SP,"Meu nome é ***** e sou cliente indireto da Localiza há mais de 20 anos, sempre utilizando veículos locados por empresas nas quais trabalhei. Em diversos períodos, inclusive, permaneci por anos com o mesmo veículo, sem qualquer problema ou ocorrência.

Porém, entre 2024 e 2025, durante minha atuação em uma empresa cujo contrato de locação era administrado por uma agência de turismo responsável pelos pagamentos, comecei a enfrentar uma situação extremamente grave e desgastante com a Localiza.

Em meados de julho de 2024, passaram a ocorrer cobranças indevidas relacionadas à locação do veículo. Sem minha autorização e sem qualquer explicação plausível, a Localiza possuía cadastrado em seu sistema um cartão de crédito pessoal meu, o qual começou a ser utilizado para débitos automáticos.

Houve meses em que tanto a agência responsável quanto meu cartão pessoal foram cobrados simultaneamente pela mesma locação. Em novembro de 2024, a situação atingiu um nível absurdo: foi debitado do meu cartão praticamente o valor integral da locação mensal, chegando próximo de R$ 3.000,00, sem que ninguém conseguisse solucionar o problema.

Diante da falta de solução pelos canais convencionais, busquei ajuda diretamente via LinkedIn com o Sr. *****, diretor da Localiza no México, que prontamente acionou suporte no Brasil por meio da Sra. *****. Foram realizadas diversas reuniões via Teams, envolvendo inclusive assistentes e suporte jurídico, até que finalmente reconheceram os erros e removeram todos os débitos indevidos.

Entretanto, para minha surpresa, em dezembro de 2024 os mesmos valores voltaram a aparecer em meu cartão de crédito, gerando novo transtorno pessoal e profissional, inclusive causando problemas na empresa onde eu trabalhava.

Novamente acionei a Sra. ***** e deixei claro que considerava ingressar judicialmente diante da recorrência e da gravidade da situação. Como resposta, a Localiza, juntamente com seu departamento jurídico, elaborou uma carta formal de anuência e quitação total de débitos, declarando expressamente que não existia qualquer pendência financeira entre mim, minha empresa e a Localiza.

Mesmo assim, em janeiro de 2025 recebi novas cobranças por e-mail e WhatsApp. Ao acessar meu perfil de cliente, constatei a existência de uma nova dívida que sequer sabiam explicar sua origem. Mais uma vez fui orientado pela própria Localiza a desconsiderar a cobrança.

Em fevereiro e março novas cobranças continuaram ocorrendo, apesar da existência de um documento formal de quitação total emitido pela própria empresa.

Após insistentes contatos, fui informado pela assistente ***** de que realmente não existia qualquer débito e que eu poderia ignorar as cobranças. Porém, dias depois, recebi ligações de cobrança provenientes de Minas Gerais.

Ao tentar acessar novamente minha conta na Localiza, descobri que meu perfil havia sido bloqueado. Quando questionei a Sra. ***** sobre o motivo, fui informado de forma extremamente desagradável que a Localiza prefere clientes tranquilos, motivo pelo qual meu cadastro permaneceria bloqueado.

Ou seja:

Eu fui vítima de cobranças indevidas reiteradas;
Tive meu cartão pessoal utilizado sem autorização adequada;
Recebi cobranças mesmo após carta formal de quitação;
Sofri constrangimentos e desgaste profissional;
E, ao final, fui bloqueado como cliente sem justificativa legítima.

Além do prejuízo moral, existe também prejuízo material, já que utilizo frequentemente os serviços da Localiza e atualmente estou impedido de realizar locações por uma decisão unilateral e sem transparência.

Caso essa situação não seja resolvida administrativamente, inclusive com esclarecimento formal sobre o bloqueio indevido do meu cadastro, adotarei as medidas judiciais cabíveis, tanto para solicitar o desbloqueio quanto para buscar reparação por todos os danos sofridos.

Possuo:

Todas as conversas registradas;
Comprovantes de pagamento;
Comprovantes de estorno;
Carta formal de anuência e quitação;
E demais provas documentais contundentes sobre todo o ocorrido.",https://www.reclameaqui.com.br/localiza-aluguel-de-carros/cobrancas-indevidas-reiteradas-e-bloqueio-de-cadastro-na-localiza-mesmo-com-quitacao-de-debitos_IMboKMtdLVbToQHM/,0.0,Sinistro e Acidente
Agendamento de aluguel de carro não solicitado pela empresa Localiza,RESOLVIDO,Carapicuíba,SP,"Hoje fui olhar minha caixa de e-mail e notei um agendamento no meu nome. O e-mail ao que parece é domínio da localiza, é o *****
Quero saber por parte da empresa o que raios está acontecendo, pois o e-mail tem até código de reserva: *****. Detalhe que eu NUNCA aluguei carro com vocês ou qualquer outra empresa de locação de carros.",https://www.reclameaqui.com.br/localiza-aluguel-de-carros/agendamento-de-aluguel-de-carro-nao-solicitado-pela-empresa-localiza_Tz0TH7z2ka2g8cxl/,9.0,Falha no App / Reserva
Cobrança indevida de reserva não retirada em aluguel de carro,RESOLVIDO,Petrolina,PE,"Emprestei meu cartão para um caução e eles passaram uma taxa de uma reserva que o cliente não foi buscar. Deixaram os dados do meu cartão e passaram sem autorização. O fato ocorreu na localiza de Petrolina PE franquia.
Av. *****, ***** - Bairro *****, Petrolina - PE, CEP *****",https://www.reclameaqui.com.br/localiza-aluguel-de-carros/cobranca-indevida-de-reserva-nao-retirada-em-aluguel-de-carro_IGlHhj57pdFVEftO/,10.0,Problema Financeiro
Cobrança indevida de caução no cartão de crédito após devolução de carro alugado no Uruguai,RESOLVIDO,São Paulo,SP,"Eu fui para o Uruguai, aluguei um carro e fiquei Sete Dias com o carro devolvi o carro tudo certo e agora estão me cobrando caução no meu no meu cartão de crédito isso não é possível *****. Eu quero que que tire isso imediatamente. Estão dizendo que eu tenho duas coisas para pagar que eu nem sei o que é e não consigo falar com a localiza do Brasil, só que o do Uruguai porque nem encontrar os meus meu contrato direito. Eles encontram Eu tenho um contrato aqui.",https://www.reclameaqui.com.br/localiza-aluguel-de-carros/cobranca-indevida-de-caucao-no-cartao-de-credito-apos-devolucao-de-carro-alugado-no-uruguai_dwuL3bIBJXCtmZXC/,10.0,Problema Financeiro
"Cobrança indevida no cartão de crédito após encerramento de contrato de aluguel de carro, mesmo com débitos quitados.",RESOLVIDO,Caratinga,MG,"Aluguei um carro nessa empresa, encerramento do contrato, sem débitos e tudo quitado. Dias depois estão descontando valores indevidos no meu cartão de crédito.",https://www.reclameaqui.com.br/localiza-aluguel-de-carros/cobranca-indevida-no-cartao-de-credito-apos-encerramento-de-contrato-de-aluguel-de-carro-mesmo-com-debitos-quitados_RyubO1SkRahPQaw2/,10.0,Problema Financeiro
Cobrança indevida de taxa de retorno de veículo alugado - Localiza,RESOLVIDO,Rio de Janeiro,RJ,"Retirei um veículo alugado da Localiza na agência de Três Rios/RJ, com devolução prevista para a agência do Aeroporto Galeão/RJ. No momento da retirada, a atendente informou expressamente que seria cobrada apenas uma taxa proporcional de R$ 0,75 por quilômetro em razão da devolução ocorrer em agência diversa da retirada. Contudo, ao realizar a devolução no aeroporto, fui surpreendido com a cobrança fixa de R$ 250,00 referente à taxa de retorno do carro alugado, sem qualquer explicação adequada ou prévia informação clara sobre alteração da cobrança. Ao questionar a divergência entre a informação prestada na agência de origem e o valor efetivamente cobrado, os funcionários da agência do Galeão afirmaram apenas que nada poderiam fazer. A cobrança realizada diverge da informação contratual inicialmente fornecida ao consumidor e viola o dever de informação clara e adequada previsto no CDC.

Pedido:

Solicito a restituição integral do valor de R$ 250,00 cobrado a título de taxa de retorno/devolução entre agências, tendo em vista que a informação previamente fornecida pela atendente da agência de Três Rios foi de cobrança proporcional de R$ 0,75 por quilômetro, e não de tarifa fixa. Subsidiariamente, caso a empresa entenda existir alguma cobrança devida, que seja recalculada conforme a informação originalmente prestada no ato da locação, com devolução da diferença cobrada indevidamente.",https://www.reclameaqui.com.br/localiza-aluguel-de-carros/cobranca-indevida-de-taxa-de-retorno-de-veiculo-alugado-localiza_de_XHjwrxPMo7WpS/,10.0,Problema Financeiro
Cobrança indevida de multa por falta de indicação de condutor após 6 meses da infração,RESOLVIDO,São Bernardo do Campo,SP,"Tive uma locação como de costume há 4 anos pela Localiza em Novembro de 2025, na data de ontem 22/05/2026 recebi um email com uma cobrança de R$ 409,00 reais por falta de indicação de condutor, pois bem, nesses 4 anos que loco carros com eles, sempre que cometi uma infração, nunca foi necessário envio de documentos para indicação de pontuação, fica nítido que a empresa, aguarda 6 meses para fazer a cobrança de má fé, lembrando que a multa já foi paga, estão querendo me cobrar por não ter indicado um condutor, e somente eu era responsável pela locação e existe uma cópia da minha CNH com eles, portanto, não existe uma forma legal de me cobrar por isso
Aguardo contato, para que a ess cobrança indevida seja sanada.

Seguem dados da situação ocorrida
Aguardo a baixa do boleto:

Auto de Infração: *****
Placa: *****
Data da infração: 04/11/2025
Hora da infração: 17:02
Descrição: 5452 - ESTACIONAR VEIC. NO PASSEIO
Órgão: PREF DE RJ - RIO DE JANEIRO
Multa NIC: *****
Fatura_Boleto: *****
Vencimento: 31/05/2026",https://www.reclameaqui.com.br/localiza-aluguel-de-carros/cobranca-indevida-de-multa-por-falta-de-indicacao-de-condutor-apos-6-meses-da-infracao_wxBJ4kK9mGIRpRuM/,8.0,Problema Financeiro
Cobrança indevida de TAG não solicitada,NÃO RESOLVIDO,Extrema,MG,"Não autorizou nenhuma cobrança da TAG, pois eu não solicitei em nenhum momento a ativação da TAG e no momento da retirada do carro optei em não habilitar a tag",https://www.reclameaqui.com.br/localiza-aluguel-de-carros/cobranca-indevida-de-tag-nao-solicitada_g_kWXi8Q62bdU1RC/,5.0,Problema Financeiro
"Veículo alugado apresentou pane duas vezes, causando perda de compromisso e prejuízo financeiro.",RESOLVIDO,Contagem,MG,"Loquei um veículo na Localiza em Contagem para uma viagem de negócios as 11:00 horas, e assim que rodei alguns quilômetros o veículo deu uma pane. Enviaram um Uber e me levaram para agência depois de duas horas para troca do veículo. Cheguei na agência e me deram um carro do mesmo modelo, e após rodar alguns quilômetros esse carro deu pane também, foram me entregar outro carro as 18:00 horas. Como resultado, perdi o compromisso importante que tinha, resultando em prejuízo financeiro.",https://www.reclameaqui.com.br/localiza-aluguel-de-carros/veiculo-alugado-apresentou-pane-duas-vezes-causando-perda-de-compromisso-e-prejuizo-financeiro_X3QVg6JghA_siNJT/,7.0,Tempo de Atendimento
Cobrança Indevida e Descaso com Cliente: Perda de Reserva de Carro por Falta de Atendimento,RESOLVIDO,Suzano,SP,"Reservei um carro no app pra retirar no shopping metrô Santa Cruz, no app diz que posso retirar até 2h após o horário que eu reservei para retirar, então reservei para as 21h, cheguei 21:30 pra retirar, e perdi a minha reserva por que não tinha ninguém pra liberar o carro, mas o shopping fecha às 22h, conforme o app deveria ter uma pessoa pra me liberar até as 23h ou seja, eu teria, ainda mesmo que fosse no horário de funcionamento do shopping, 30 minutos pra retirar, mas disseram que não podem fazer nada, agora tô com uma dívida de quase 500 reais, de uma coisa que não usei, tive que atravessar São Paulo até o aeroporto mais próximo pra conseguir alugar um carro que eu estava necessitando no momento, achei um descaso com o cliente, o erro é de você por deixar no aplicativo o último horário já que na agência não atende mais se passa 1 minuto depois daquele horário, EU QUERO ESTORNO DESSE VALOR, Não acho justo eu pagar por uma coisa que eu não utilizei espero retorno de vocês o mais breve possível!!!!! Se não estornar o meu valor, eu vou [Editado pelo Reclame Aqui] vocês.",https://www.reclameaqui.com.br/localiza-aluguel-de-carros/cobranca-indevida-e-descaso-com-cliente-perda-de-reserva-de-carro-por-falta-de-atendimento_8eOAq8_69vBUrU3Q/,9.0,Problema Financeiro
Tag de pedágio não ativada em carro alugado pela Localiza causa quase acidente e constrangimento,RESOLVIDO,Teresina,PI,"Aluguei um carro com a Localiza em Porto Alegre, em 09/04/2026, com a tag de pedágio incluída, quando fui passar no pedágio, bem confiante de que a cancela abriria normalmente para minha passagem, pasmem, a cancela não abriu e, ao invés disso, tocou uma sirene de evasão. Precisei frear vigorosamente, em modo de emergência, e quase bati o carro na cancela que não abriu e o carro que vinha atrás quase bateu em mim. Fiquei no meio do pedágio trancando a fila, até ser atendido pela atendente do pedágio e cobrado por ela. A situação além de muito constrangedora, gerou muita insegurança, pois quase causava um acidente duplo (o carro que eu dirigia quase bateu na cancela e o carro de trás quase bateu em mim). Resumindo: mesmo tendo contratado o serviço da tag junto à locadora, a mesma não realizou a ativação do serviço para o carro alugado por mim. Quando fui devolver o carro, informei o ocorrido e a única providência tomada foi a não cobrança pelo valor da tag (que não funcionou). Foi decepcionante! Tenham muito cuidado com a contratação de serviços dessa empresa, pois você pode ser surpreendido negativamente!",https://www.reclameaqui.com.br/localiza-aluguel-de-carros/tag-de-pedagio-nao-ativada-em-carro-alugado-pela-localiza-causa-quase-acidente-e-constrangimento_b88JEMbp-FjMgu9_/,10.0,Sinistro e Acidente
Completo descaso no pós venda,RESOLVIDO,Vila Velha,ES,"Aluguei um carro para poder viajar no último feriado, reservei hotel, pacotes de passeios e tudo mais!! Pois bem, o carro que me entregaram deu uma pane elétrica na noite anterior à minha viagem, liguei para resolver o problema e na central me prometeram que me entregariam um outro carro no dia seguinte entre 6 e 8 da manhã, uma vez que a agência mais próxima ficava a mais de 100km de distância, eu fiquei feito um [Editado pelo Reclame Aqui] esperando esse bendito carro e ainda inventaram que estava atrasado porque a rodovia estava parada por causa de um acidente, o que era mentira porque não havia nenhuma informação na empresa de geri a rodovia. Cansado de esperar e como já não dava mais para viajar porque era meio dia e nada de carro reserva, cancelei tudo e fiquei em casa, arcando com o prejuízo do hotel e dos passeios que não eram reembolsáveis!! Liguei e pedi algum tipo de compensação, mas não recebi nada além do estorno das diárias que não utilizei da reserva e para piorar a situação, estornaram via pix em uma conta, mesmo que eu tenha pagado via cartão de crédito, que nem sei de onde tiraram e eu nem sabia que existia e não consegui retirar o dinheiro porque não tenho acesso à conta e tenho que ir pessoalmente à agência que fica do outro lado do estado!!
Além disso, os pneus dianteiros do carro estavam no limite e se eu tivesse viajado, minha vida e de minha família estaria em risco.",https://www.reclameaqui.com.br/localiza-aluguel-de-carros/completo-descaso-no-pos-venda_BMKE1LpV4QqcjobT/,10.0,Sinistro e Acidente
Localiza Corporate dificulta assistência para pneu com bolha e me obriga a rodar com risco de vida,RESOLVIDO,Vitória da Conquista,BA,"Realizei a locação de um veículo modelo HB20s Limited Tgdi Flex AT 1.0 (Placa: *****) por meio do contrato corporativo da minha empresa, em uma reserva intermediada pela agência Flytour, contando com a cobertura de Seguro Total (que inclui proteção para pneus).Durante a viagem, vindo de Vitória da Conquista, identifiquei uma bolha estrutural grave no pneu dianteiro do carro alugado. Por questões óbvias de segurança e seguindo as diretrizes de trânsito, parei imediatamente em busca de suporte na agência física da Localiza na cidade de Irecê - BA.Para minha surpresa, a filial de Irecê se recusou a realizar a substituição do veículo alegando ser uma ""franquia"" e que não possuía autonomia para liberar outro carro da frota própria. Diante disso, entrei em contato com a Central de Atendimento 24h da Localiza (gerando o Protocolo n *****).A resposta da central foi inacreditável e irresponsável: fui informado de que a Localiza não autorizaria a troca do pneu em um prestador credenciado local e que eu deveria solicitar a remoção do veículo e me deslocar por conta própria até a agência de Juazeiro - BA localidade situada a mais de 400 km de distância de onde eu estava.A agência de viagens Flytour interveio no caso e tentou exaustivamente mediar a situação junto à locadora para garantir a minha segurança, mas a central da Localiza se negou terminantemente a cooperar ou oferecer uma alternativa viável. Tenho todos os prints que comprovam o suporte da Flytour e a irresponsabilidade da Localiza. Até mesmo a equipe da franquia de Irecê tentou ajudar internamente, mas foi travada pela negativa da central da franqueadora.Diante da total intransigência da locadora, da falta de alternativas operacionais na região e da necessidade de cumprimento de compromissos profissionais, fui obrigado a seguir viagem conduzindo um veículo com dano estrutural grave no pneu dianteiro, sob iminente risco de estouro e acidente fatal em plena rodovia.Trata-se de uma violação direta do Código de Defesa do Consumidor (CDC) e do dever básico de segurança que a locadora deve garantir ao cliente. Exijo um posicionamento formal da Ouvidoria da Localiza sobre essa conduta negligente, que servirá de subsídio para a ação judicial por danos morais e exposição a risco de vida que estou abrindo contra a empresa.",https://www.reclameaqui.com.br/localiza-aluguel-de-carros/localiza-corporate-dificulta-assistencia-para-pneu-com-bolha-e-me-obriga-a-rodar-com-risco-de-vida_Qory_Q1K-9UgI4zV/,10.0,Sinistro e Acidente
Cobrança indevida de combustível após devolução do veículo alugado pela Localiza CIC,RESOLVIDO,Curitiba,PR,"Gostaria de reportar minha decepção e indignação com a LOCALIZA CIC.
Fiz minha primeira localização essa semana, peguei o carro fiz tudo certinho, na devolução fizeram a vistoria na minha frente, como eu já sabia estava tudo bem certinho como exigido, o avalista até pediu que eu o avaliasse na pesquisa da empresa, disse que avaliaria sim pois fui bem atendida por ele.
Quando foi no dia seguinte da devolução meu cartão foi debitado 105 reais, na hora me assustei pois não esperava esse valor, já que meu contrato tinha encerrado e tudo certo, ao ver eu fui correndo até a unidade onde fiz o aluguel e questionei o porquê do valor descontado. A atendente disse que era porque eu não tinha deixado o tanque cheio como a regra, mas eu tinha deixado SIM!! NAO SÓ DEIXEI TUDO CERTO, QUANTO ELES FIZERAM A VISTORIA.
Ela disse que eles tinha abastecido esse valor, onde também não teria cabimento nenhum pois para ENCHER O TANQUE eu gastei 165$.
Eu questionei e ela disse que o funcionário levou ao lava car que teria andado 10 km após o meu uso, então se usaram foi eles e não eu!! Eu deixei tudo certo como foi verificad no dia!!!
Pois a atendente me fez pegar o carro e abastecer o que faltava, coisa que ela mesmo disse que o valor foi debitado pq eles tinha abastecido!!!!!!!!!
Eu fui no posto com o carro e completei de combustível o que *ELES DISSERAM QUE FALTAVA* que me custou um valor de 24 reais.
Voltando para locadora a própria gerente debochou da minha cara e disse que não tem como o funcionário ter andado 10km pro lava-car pois era do lado da loja! Ai eu questionei a divergência de informações na situação e ela mesmo não soube responder e nem fazer nada! Simplesmente disse que as pessoas erram, e eu simplesmente tive que pagar e passar por isso por erro deles.
Eu tive que esperar mais um pouco para ter o estorno do que me cobraram injustamente!! Fui embora me sentindo decepcionada e indignada com o que tive que passar!!!
Eu não alugo mais e não indico para ninguém!!
E se vc alugar um carro Lessa locadora, registra tudo tirem fotos e gravem a vistoria de entrega, pois eles aparecem com surpresas que não faz sentido!!
O que eu tive de alegria na locação e na minha viagem com o carro, só veio em dobro com o transtorno e humilhação que passei!!
PÉSSIMO!!!!

OBS: Vendo tudo que eu estava passando eu comecei a gravar, e registrei tudo que está dito aqui no meu relato!",https://www.reclameaqui.com.br/localiza-aluguel-de-carros/cobranca-indevida-de-combustivel-apos-devolucao-do-veiculo-alugado-pela-localiza-cic_RpO3TN_Wc1Qa-jQl/,8.0,Problema Financeiro
Desconto de Upgrade Indevido em Troca de Veículo Solicitada por Rodízio,RESOLVIDO,Guarulhos,SP,"Boa tarde, gostaria por gentileza de reaver 2 upgrade referente a locação.
Na data de hoje, o único veículo que tinha no APP tinha a placa com o rodízio segunda, e estarei no interior de São Paulo e na volta corria o risco de sofrer multa.
Solicitei a troca do veículo e não tinha veículo disponível (da mesma categoria).
O atendente ofereceu um Nivus Comfortline, aceitei e peguei o veículo.
Fui ver no aplicativo foi descontado um upgrade sem minha solicitação, afinal minha solicitação foi referente a troca do rodízio.
Me aconteceu a mesma coisa numa localização de apenas 1 dia, que na troca do veículo me descontaram um upgrade, e falam que vai sair como cortesia...
Só estou reclamando, pois quando não temos mais upgrade, pra solicitar um cortesia é uma humilhação que só por Deus.
Peço a gentileza de pelo menos solicitar os atendentes a serem diretos referente a troca que estão fazendo, pois se é uma cortesia, não tem que descontar nada.
Atenciosamente.",https://www.reclameaqui.com.br/localiza-aluguel-de-carros/desconto-de-upgrade-indevido-em-troca-de-veiculo-solicitada-por-rodizio_4zFsa7tUYd5B9ram/,10.0,Falha no App / Reserva
Cobrança Abusiva e Falta de Transparência em Locação de Veículo com a Localiza - Serviço Fast Digital,RESOLVIDO,Santa Maria,RS,"Realizei uma locação de veículo com a Localiza por meio do aplicativo, utilizando o serviço Fast Digital. O veículo contratado foi uma Fiat Toro. No contrato enviado pela própria empresa consta expressamente que há tolerância de 3 horas após o período de 24h da locação e que, após esse prazo, a cobrança seria realizada com base no valor de hora extra, fixado em R$ 113,99 líquidos.

Segundo os documentos da própria Localiza:

* retirada do veículo: 02/05/2026 às 16h34;
* devolução do veículo: 03/05/2026 às 21h14.

Ou seja, o período total da locação foi de aproximadamente 28h40min.

Considerando:

* 24 horas da diária normal;
* mais 3 horas de tolerância previstas contratualmente;

o horário limite sem cobrança adicional seria 19h34. Portanto, houve apenas cerca de 1h40min excedentes.

Com base no valor da hora extra informado no próprio contrato (R$ 113,99), o valor proporcional devido seria aproximadamente R$ 190,36. Porém, para minha surpresa, fui cobrada em R$ 685,06 adicionais.

O mais grave é que:

* o contrato não informa de forma clara que após determinado período haveria cobrança de nova diária integral;
* não há explicação transparente sobre qual regra contratual gerou esse valor;
* a cobrança realizada é completamente desproporcional em relação ao valor da hora extra informado ao consumidor no momento da contratação.

O valor inicial da locação era R$ 816,14 e, após essa cobrança inesperada, o total passou para R$ 1.501,20.

Entendo que houve clara falha na transparência contratual e possível cobrança abusiva, em desacordo com o Código de Defesa do Consumidor, especialmente porque o próprio contrato induz o consumidor a entender que o atraso será calculado proporcionalmente com base no valor da hora extra informado.

Solicito:

* detalhamento completo da memória de cálculo utilizada;
* indicação da cláusula contratual específica que justifique a cobrança de R$ 685,06;
* revisão imediata da cobrança;
* restituição da diferença cobrada indevidamente.

Caso não haja solução administrativa, pretendo registrar reclamação no Procon, Consumidor.gov.br e avaliar medidas judiciais cabíveis.

Sempre utilizei os serviços da Localiza e nunca tive esse tipo de problema. Esperava mais transparência e coerência na cobrança realizada.",https://www.reclameaqui.com.br/localiza-aluguel-de-carros/cobranca-abusiva-e-falta-de-transparencia-em-locacao-de-veiculo-com-a-localiza-servico-fast-digital_N23ddObmF0Z4yvH4/,10.0,Problema Financeiro
"Localiza entrega veículo sujo e de categoria inferior após atraso significativo, frustrando cliente Premium",RESOLVIDO,Caruaru,PE,"Título:
Categoria enganosa, atraso de ***** minutos e veículo entregue sujo pela Localiza

Texto:

Venho registrar minha indignação com a experiência extremamente frustrante que tive com a Localiza, mesmo sendo cliente Premium da empresa.

Realizei uma reserva na categoria GY, categoria que, no próprio site da Localiza, é apresentada com os veículos BYD Song Plus e GWM Haval H6. Em nenhum momento o BYD Song Pro aparece como veículo integrante dessa categoria no momento da contratação.

Ao chegar na loja para retirada do veículo, enfrentei o primeiro problema: uma espera absurda de ***** minutos além do horário programado, sob a justificativa de que o carro ainda estava sendo lavado.

O mais grave é que, após toda essa demora, o veículo foi entregue ainda molhado, claramente recém-lavado às pressas e mesmo assim extremamente mal higienizado, com sujeiras aparentes no veículo. Ou seja: além do atraso excessivo, o carro sequer foi entregue em condições adequadas.

O terceiro ponto, e talvez o mais grave, foi a entrega de um BYD Song Pro no lugar da categoria efetivamente reservada.

E aqui existe um problema técnico e comercial muito claro:

O BYD Song Pro NÃO pertence ao mesmo segmento do BYD Song Plus e do GWM Haval H6.

Estamos falando de veículos completamente diferentes em:

* valor de mercado;
* tamanho;
* acabamento;
* potência;
* tecnologia;
* proposta de categoria.

O Song Plus é um SUV médio premium híbrido, concorrente direto do Haval H6. Já o Song Pro é um modelo inferior, menor e significativamente mais barato.

Não existe coerência técnica ou comercial em enquadrar os dois na mesma categoria de locação.

Além disso, no momento da reserva, a própria Localiza informa dentro da categoria GY apenas:

* BYD Song Plus
* GWM Haval H6

Em nenhum momento o Song Pro é apresentado como possibilidade da categoria contratada.

Ou seja: o consumidor é atraído pela expectativa de uma categoria premium híbrida superior e, na prática, recebe um veículo inferior, após quase ***** hora de atraso e ainda em condições inadequadas de limpeza.

Como cliente Premium da Localiza, considero essa experiência inadmissível e extremamente abaixo do padrão que a empresa vende em sua comunicação.

Espero um posicionamento sério da empresa e uma compensação proporcional ao transtorno causado.",https://www.reclameaqui.com.br/localiza-aluguel-de-carros/localiza-entrega-veiculo-sujo-e-de-categoria-inferior-apos-atraso-significativo-frustrando-cliente-premium_k0Xrw7a7KQAx_qIi/,6.0,Falha no App / Reserva
Pendência Financeira,RESOLVIDO,Goiânia,GO,"Eu tinha um débito com a empresa, fiz um acordo de parcelamento paguei a primeira parcela dia 12 de Maio 2026, ja se passaram 10 dias e o meu nome continua negativado, não tem atendimento para o cliente, tudo feito através de um chat robotizado que não te responde ou quando te responde leva horas. Enfim estou tentando regularizar minha situação com a empresa as a mesma parece que não quer que o cliente regulariza as pendências.",https://www.reclameaqui.com.br/localiza-aluguel-de-carros/pendencia-financeira_Scq9fO9LUY7KoHlk/,10.0,Problema Financeiro
Retirar Nome Proteção ao crédito,RESOLVIDO,Santa Helena de Goiás,GO,"Peço a gentileza de retirar meus dados dos órgãos de proteção ao crédito.

A pendência financeira foi resolvida e acordada.

*****
*****",https://www.reclameaqui.com.br/localiza-aluguel-de-carros/retirar-nome-protecao-ao-credito_BFm2lqsn07V2Ecny/,10.0,Outros
Locação recusada sem justificativa nenhuma,NÃO RESOLVIDO,São Paulo,SP,Tentei várias vezes fazer uma locação com essa empresa sempre negando sem justificativa nenhuma,https://www.reclameaqui.com.br/localiza-aluguel-de-carros/locacao-recusada-sem-justificativa-nenhuma_a79kUybRCp04tT8v/,0.0,Bloqueio de Cadastro
Cobrança indevida em locação de veículo: taxa de devolução em duplicidade e hora extra,RESOLVIDO,Salvador,BA,"Prezados Senhores,

Venho, por meio desta, formalizar reclamação referente à cobrança indevida realizada em meu contrato de locação junto à Localiza, no valor excedente de R$ 495,13, requerendo a imediata revisão e restituição dos valores cobrados de forma irregular, nos termos do Código de Defesa do Consumidor (Lei n 8.078/90).

Os fatos são os seguintes:

Cobrança em duplicidade da taxa de devolução em agência distinta
No dia 18/05, às 08h17, efetuei o pagamento à vista do valor de R$ 45,99 na Agência Centro, referente à devolução do veículo na Agência Aeroporto, conforme comprovante anexo.
Entretanto, no momento da devolução do veículo, houve novo lançamento/cobrança no valor de R$ 40,00 referente ao mesmo serviço, caracterizando evidente cobrança em duplicidade e enriquecimento sem causa.

Cobrança indevida de hora extra
Também foi realizada cobrança de hora extra na devolução do veículo, apesar de minha chegada ter ocorrido às 12h20, dentro do período de tolerância contratual normalmente concedido pela locadora.
Além disso, ao chegar à agência do aeroporto, comuniquei imediatamente minha presença à atendente, que informou não poder realizar o atendimento naquele momento porque estava analisando um sinistro. Tal situação pode ser confirmada pelas filmagens internas da agência no dia 19/05.

Portanto, eventual atraso no processamento da devolução não pode ser imputado ao consumidor, especialmente diante da comprovação de comparecimento dentro do prazo de tolerância.

Dessa forma, as cobranças efetuadas mostram-se manifestamente indevidas, em desacordo com os princípios da boa-fé objetiva, transparência e equilíbrio nas relações de consumo previstos nos artigos 4, 6 e 51 do Código de Defesa do Consumidor.

Ressalto ainda que o artigo 42, parágrafo único, do CDC estabelece que o consumidor cobrado em quantia indevida tem direito à restituição do indébito, inclusive em dobro, acrescida de correção monetária e juros legais, salvo hipótese de engano justificável o que não se verifica no presente caso.

Assim, solicito:

O cancelamento imediato das cobranças indevidas;
A restituição integral dos valores cobrados irregularmente;
O envio de demonstrativo detalhado da composição do valor de R$ 495,13;
Resposta formal no prazo máximo de 5 (cinco) dias úteis.
Caso não haja solução administrativa em prazo razoável, adotarei as medidas cabíveis junto aos órgãos de proteção e defesa do consumidor, incluindo PROCON, plataforma Consumidor.gov.br e Poder Judiciário, sem prejuízo de pedido de repetição do indébito e demais reparações aplicáveis.",https://www.reclameaqui.com.br/localiza-aluguel-de-carros/cobranca-indevida-em-locacao-de-veiculo-taxa-de-devolucao-em-duplicidade-e-hora-extra_SofHYrWLJGAolOHB/,10.0,Sinistro e Acidente
"Cobrança de multa de trânsito e insistência no pedido de documentos, mesmo após envio.",RESOLVIDO,Belo Horizonte,MG,"Localiza fica me pedindo documento para infração de trânsito, sendo que ja mandei, eles ficando me mandando email me cobrando, e tambem ja foi cobrado no meu credito o valor da multa e eles ainda sim fica enchendo o saco falando que tenho que enviar ate dia é *****, foi retirada digital que eu fiz, e outra ele ja tem todo meu cadastro nao tem pq ficar me pedindo os dados, ja mandei o [Editado pelo Reclame Aqui] email com os dados eles ignoram. Resolvam isso agora e parem de ficar me pedindo os dados por email.",https://www.reclameaqui.com.br/localiza-aluguel-de-carros/cobranca-de-multa-de-transito-e-insistencia-no-pedido-de-documentos-mesmo-apos-envio_uIR_C5kQCfsy3wBk/,4.0,Problema Financeiro
Bloqueio de conta na Localiza por mais de 1 ano sem solução ou informações claras sobre o motivo.,NÃO RESOLVIDO,Carapicuíba,SP,"Venho registrar minha insatisfação com a Localiza devido a um bloqueio em minha conta que permanece sem solução há mais de 1 ano.

Eu já havia alugado veículo anteriormente pela Localiza normalmente, inclusive ainda possuindo CNH provisória na época. Posteriormente, realizei uma nova reserva utilizando o cartão de um amigo, porém ao chegar presencialmente na agência fui informado de que seria necessária a presença do titular do cartão para concluir a locação.

Como não foi possível prosseguir com a reserva, tentei verificar posteriormente se havia alguma multa ou pendência relacionada ao cancelamento. Durante todo esse período consultei o aplicativo diversas vezes e não encontrei nenhuma cobrança, aviso ou informação clara sobre qualquer irregularidade.

Algum tempo depois, um amigo alugou um veículo e tentou me adicionar como condutor adicional. Nesse momento fomos informados de que minha conta estava bloqueada. Desde então nunca mais consegui acessar minha conta normalmente.

Além disso:

* Não lembro mais minha senha;
* Ao tentar recuperar o acesso pelo esqueci minha senha, o sistema informa que meus dados estão desatualizados;
* Não existe opção funcional para atualizar esses dados;
* Entrei em contato com o SAC e fui informado de que seria necessária uma nova análise em 180 dias.

O problema é que já se passou mais de 1 ano desde o bloqueio da minha conta, sem qualquer resolução efetiva ou retorno claro da empresa.

Também já solicitei a exclusão dos meus dados para realizar um novo cadastro do zero, porém fui informado de que isso não seria possível.

Gostaria de uma solução definitiva para o caso, seja com a regularização e desbloqueio da minha conta, seja com uma explicação clara sobre o motivo do bloqueio e quais pendências realmente existem, pois até hoje não tive acesso transparente a essas informações.",https://www.reclameaqui.com.br/localiza-aluguel-de-carros/bloqueio-de-conta-na-localiza-por-mais-de-1-ano-sem-solucao-ou-informacoes-claras-sobre-o-motivo_eAVj9W4gji40zudZ/,0.0,Problema Financeiro
Negativa de Reserva de Veículo e Falta de Resposta - Prejuízo Moral e de Honra,NÃO RESOLVIDO,Rio de Janeiro,RJ,"Empresa se negou a reservar um veículo e não obtive resposta sobre o motivo da negativa.
Sou cliente da localiza de 2022, fiz 8 locações nesse período, sendo a última em fevereiro de 2026, não possuo pendência financeira com a empresa, meu CPF é regular, sem impedimentos, ficha criminal limpa, capacidade financeira e crédito alto.
Preciso de uma resposta da negativa, pois estou tendo prejuízo moral e de honra, preciso desse veículo para o dia 11/06/2026, para fazer uma viagem em que já paguei hospedagem .
Aguardo resposta da empresa sobre o motivo da negativa ou a revisão da decisão que acredito ser infundada.",https://www.reclameaqui.com.br/localiza-aluguel-de-carros/negativa-de-reserva-de-veiculo-e-falta-de-resposta-prejuizo-moral-e-de-honra_dyO1xhzs-dPfMiw9/,0.0,Falha no App / Reserva
Cliente Platinum da Localiza com cadastro bloqueado para novas locações apesar de pagamentos em dia e promessa de não bloqueio.,NÃO RESOLVIDO,Lagoa Santa,MG,"Estou extremamente revoltado e insatisfeito com a situação criada pela Localiza.

Possuo acordo ativo com boletos sendo pagos corretamente e em dia. Antes mesmo do vencimento, entrei em contato com a empresa para negociar da forma correta e fui informado por DOIS atendentes diferentes de que, realizando a negociação antecipadamente, meu cadastro NÃO seria bloqueado para futuras locações.

Tenho inclusive os números de protocolo dos atendimentos que confirmam exatamente essa informação.

Agora fui surpreendido com a negativa de novas reservas/locações e com uma informação completamente diferente da que me foi passada anteriormente, alegando que eu só poderia voltar a alugar após a quitação total do acordo.

Sou cliente Platinum, não possuo débitos em atraso, meu CPF está regular e sempre procurei resolver tudo corretamente e de forma transparente. Ainda assim, recebi um tratamento extremamente decepcionante, sem transparência e com informações contraditórias.

O mais frustrante é perceber que, mesmo sendo cliente Platinum, estou recebendo um atendimento pior do que empresas concorrentes oferecem para clientes básicos. Diante dessa situação, infelizmente terei que buscar a concorrência, que aparentemente consegue oferecer mais clareza, respeito e melhores condições de atendimento ao consumidor.

A falta de alinhamento entre os atendimentos, a divergência de informações e a ausência de aviso prévio sobre eventual bloqueio geraram enorme transtorno, frustração e sensação de desrespeito.

Solicito revisão urgente do meu cadastro e esclarecimento formal sobre as informações contraditórias passadas pelos atendentes.",https://www.reclameaqui.com.br/localiza-aluguel-de-carros/cliente-platinum-da-localiza-com-cadastro-bloqueado-para-novas-locacoes-apesar-de-pagamentos-em-dia-e-promessa-de-nao-bloqueio_vTpXI3tTuUTzlK8z/,,Problema Financeiro
App não libera meus pontos,RESOLVIDO,São Paulo,SP,"Olá Gabriel!

Espero que esteja bem!

Primeiramente, agradecemos por compartilhar sua manifestação conosco. Entendemos a sua preocupação em relação aos pontos bloqueados e o quanto isso pode impactar a sua experiência com o nosso programa.

Após análise, identificamos a situação e informamos que seus pontos já foram regularizados e estão disponíveis para utilização novamente. A ação foi realizada com o objetivo de garantir que você possa aproveitar seus benefícios sem qualquer impedimento.

Reforçamos que seguimos atentos aos nossos processos para evitar ocorrências como essa e proporcionar uma experiência cada vez mais fluida e confiável para você.

Caso precise de qualquer apoio adicional ou tenha novas dúvidas, permanecemos à sua disposição.

Um abraço,

Equipe Localiza",https://www.reclameaqui.com.br/localiza-aluguel-de-carros/app-nao-libera-meus-pontos_EVTOqaxUU5zlJ3zp/,10.0,Bloqueio de Cadastro
Cobrança abusiva de multa de cancelamento e expiração de pontos sem aviso prévio pela Localiza,RESOLVIDO,Araxá,MG,"Cliente sempre prioriza alugueis com o localiza, fez a reserva ***** na intenção de pagar a diária de um modelo na categoria GX, com pontos do programa localiza fidelidade. Ocorre, que sem receber nenhum comunicado, teve novamente pontos expirados, o que inviabilizaria o pagamento da diária com os pontos conquistados. Assim, foi necessário cancelar a reserva *****. Ocorre que, mesmo o cliente fazendo uma nova reserva (*****), para mesmo horário, mesma data, mesmo local de retirada e de devolução, porém com categoria inferior (compacto com ar), a empresa simplesmente cobrou 20 % de multa de cancelamento, no valor totalmente abusivo de R$ 103,00 (calculado inclusive sobre a taxa de retorno - ao contrário das regras do contrato), e mesmo cliente fazendo uma nova reserva, nas mesmas condições, apenas trocando a categoria do carro. Cliente aguarda retorno com urgência, que a empresa promova o imediato estorno do valor de cancelamento no valor de R$ 103,00, tendo em vista que o cancelamento da reserva se deu por motivo da expiração dos pontos e que o cliente fez nova reserva, para mesmo horário, mesma data, mesmo local de retirada e de devolução, não gerando nenhum prejuízo operacional para empresa.",https://www.reclameaqui.com.br/localiza-aluguel-de-carros/cobranca-abusiva-de-multa-de-cancelamento-e-expiracao-de-pontos-sem-aviso-previo-pela-localiza_84SMPCPu9O7bPOX4/,10.0,Problema Financeiro
Solicitação de reparo,NÃO RESOLVIDO,Rio de Janeiro,RJ,"Sofri uma colisão no carro, ocasionado por uma pessoa que não quis arcar com o reparo. Quando fui localizar o dono do carro através da placa, descobri que o mesmo pertence a localiza.
Então entrei em contato pelo telefone e também por lojas para tentar resolver o problema.
Mas não obtive sucesso. A resposta que recebi, era de que a localiza não podia fazer nada, já que o cliente não abriu nenhum chamado.
Nem mesmo a própria entrar em contato com o cliente dela, para que o mesmo pudesse resolver a situação, de ela estava sendo acionada por ele ter colidido em um veículo e se recusado a pagar pelo reparo.
A dinâmica e os dados do veículo do estão no b.o em anexo
Aguardo uma posição.",https://www.reclameaqui.com.br/localiza-aluguel-de-carros/solicitacao-de-reparo_7cN2Z-SjcpkN86FF/,0.0,Sinistro e Acidente
Conta bloqueada para cadastro de novos cartões de crédito após contestação de débito já solucionada,RESOLVIDO,Rio de Janeiro,RJ,"Minha conta está bloqueada para cadastrar novos cartões de crédito devido a uma contestação de débito já solucionada.

Gostaria de solicitar o desbloqueio para que eu possa voltar a utilizar cartões nas minhas reservas :)",https://www.reclameaqui.com.br/localiza-aluguel-de-carros/conta-bloqueada-para-cadastro-de-novos-cartoes-de-credito-apos-contestacao-de-debito-ja-solucionada_Orr9QXSB0rt5ndpg/,10.0,Problema Financeiro
Cobrança indevida de item em carro alugado pela Localiza após pane.,NÃO RESOLVIDO,Mogi das Cruzes,SP,"Minha seguradora me disponibilizou um carro da localiza. Só tive problemas com esta operadora. O carro deu pane em outra cidade, diferente da que eu moro, liguei na locadora avisei e fui orientada a deixar o carro estacionado na rua, que um guincho iria busca-lo. Fiz o que fui orientada. Mais tarde levei o documento e fui à loja finalizar. Agora, mais de um mês depois me foi cobrada um valor de aproximadamente 1. 600 reais referente a um step. Que segundo eles não estava no carro. Eu, tenho a certeza e a convicção que deixei o carro completo, conforme orientação da própria locadora, estacionado no local. Usei de boa fé em acreditar que estava segura e tranquila, em seguir a orientação e não aguardar o guincho. Não foi feita nenhuma vistoria, em minha presença e agora dizer que estava faltando algo. A partir do momento que eu deixei o carro sobre a orientação e sobre a responsabilidade de quem me atendeu ao telefone em nome da localiza, eu não posso responder sobre o que possa acontecer depois. Tenho a certeza que eu não peguei nada, honrei em pagar o restante do combustível que estava faltando e a lavagem do carro. No momento da devolução, recebi o chek list e nada estava faltando e não vi mais o veículo. Agora gostaria que a localiza reavaliasse se realmente é justo que seja cobrado este item, quando de boa fé só agi conforme orientação de vocês.",https://www.reclameaqui.com.br/localiza-aluguel-de-carros/cobranca-indevida-de-item-em-carro-alugado-pela-localiza-apos-pane_Y3Dsd02KjGYRsTh7/,0.0,Problema Financeiro
Cliente Platinum da Localiza com pontos de fidelidade bloqueados e sem resolução após múltiplas tentativas de contato,RESOLVIDO,Catalão,GO,"Sou cliente fidelidade da Localiza, com classificação platinum. Todas as vezes que faço a reserva, meus pontos caiem na conta sem problema. Porém no último está acontecendo um transtorno, meu contrato *****, finalizou dia 24/04/2026. Ao finalizar e verificar os pontos estavam como bloqueados. Liguei no SAC para perguntar se tinha algo pendente e por que bloqueado, me disseram que é normal para aguardar os 7 dias úteis. Passando os 7 dias, meus pontos continuavam bloqueados, liguei novamente no SAC, me informaram que estava tudo normal, já iria cair. Semana passada dia 11/05 liguei no SAC, pontos continuavam bloqueados e me informaram que tinha ocorrido um erro, que iriam ajustar para eu aguardar 5 dias úteis. Já se passaram 9 dias úteis e os pontos continuam bloqueados. Conseguem entender o transtorno que está gerando, já liguei no SAC 3 vezes, no mínimo 20 minutos por ligação para verificar, e o assunto não resolve. Algo tão simples, virou essa tempestade. Será que terei que esperar mais quantos dias para alguém me passar o real ""status"" desses pontos?",https://www.reclameaqui.com.br/localiza-aluguel-de-carros/cliente-platinum-da-localiza-com-pontos-de-fidelidade-bloqueados-e-sem-resolucao-apos-multiplas-tentativas-de-contato_5Peth1xP3UlPlyPg/,10.0,Bloqueio de Cadastro
Localiza Curitiba: Dificuldade Extrema no Atendimento para Recuperação de Controle Remoto Esquecido em Carro Reserva,RESOLVIDO,Curitiba,PR,"Estou registrando minha insatisfação com o atendimento da Localiza em Curitiba/PR.

Após devolver um carro reserva da empresa, percebi que o controle remoto da garagem da minha residência ficou dentro do veículo. Assim que notei o problema, tentei entrar em contato imediatamente para verificar a possibilidade simples e objetiva de recuperação do item.

No entanto, foi praticamente impossível conseguir atendimento humano. O sistema automático não resolve o problema e faz o cliente ficar preso em um looping interminável de menus, redirecionamentos e mensagens automáticas, sem qualquer solução prática.

O mais absurdo é que estou tratando de algo extremamente simples: verificar a possibilidade de localizar e devolver um controle remoto esquecido dentro do carro recém-devolvido.

Depois de muita insistência, consegui falar com uma atendente, que informou que registraria a ocorrência e enviaria um e-mail com a confirmação ou cópia do registro. Até agora, porém, não recebi nenhum retorno.

A sensação é de total abandono do cliente.

O mínimo esperado de uma empresa do porte da Localiza é um canal minimamente eficiente para resolver situações simples e urgentes, especialmente quando existe possibilidade concreta de recuperação do objeto esquecido. Eu me disponibilizei a buscar o controle naquele momento, ou seja, apenas alguns minutos depois, mas a informação é que eu deveria aguardar uma informação via e-mail da recuperação do meu controle. Estou precisando do meu controle e não tenho nenhum retorno até o momento. Repito: A sensação é de total abandono do cliente.

Dados do veículo:
Contrato: *****
Data de retirada/devolução: 13/05/2026
Veículo: HB20 COMFORT FLEX
Cidade: Curitiba/PR",https://www.reclameaqui.com.br/localiza-aluguel-de-carros/localiza-curitiba-dificuldade-extrema-no-atendimento-para-recuperacao-de-controle-remoto-esquecido-em-carro-reserva_0-jnk_84CkIDVbiN/,4.0,Falha no App / Reserva
Cobrança indevida após prorrogação - valor divergente informado pelo sistema,RESOLVIDO,Santa Maria,RS,"No dia 16/05/2026 às 08:09 retirei um veículo Volkswagen Nivus em uma reserva realizada online pelo aplicativo da Localiza. O valor inicial da locação foi pago normalmente no cartão de crédito, no total de R$451,00.


Posteriormente, no domingo, realizei uma prorrogação da locação pelo próprio aplicativo da Localiza. Sou cliente Platinum e possuo benefício de tolerância adicional na devolução.

Ao realizar a prorrogação para devolução em 21/05/2026 às 12:09, o aplicativo informou claramente que havia um saldo disponível de R$222,78 referente ao pagamento anterior, saldo este que seria utilizado automaticamente na prorrogação.

O próprio app demonstrava que:

valor total da prorrogação: R$270,48;
saldo utilizado: R$222,78;
total restante a pagar: R$47,70.

Efetuei o pagamento dos R$47,70 via cartão de crédito e a prorrogação foi concluída normalmente no sistema. Inclusive fechei e reabri o aplicativo para confirmar os dados, e a informação permanecia correta.

Para evitar qualquer problema futuro, entrei em contato com o atendimento da Localiza e questionei expressamente se existia qualquer valor pendente ou cobrança futura em aberto. A atendente informou que não constavam valores a serem pagos e que estava tudo certinho.

Porém, no momento da devolução do veículo, em 21/05, fui surpreendido com uma cobrança adicional de aproximadamente R$556,00, valor completamente divergente daquele apresentado no aplicativo no ato da prorrogação.

Ao questionar a origem da cobrança, fui informado verbalmente que teria ocorrido um bug do sistema.

Não considero razoável que o consumidor arque integralmente com um erro sistêmico da empresa após confiar nas informações oficiais disponibilizadas tanto no aplicativo quanto pelo atendimento, sou cliente há pouco mais de um ano da Localiza, praticamente alugo todo o santo mês carro, não acho isso justo.

Reserva: *****",https://www.reclameaqui.com.br/localiza-aluguel-de-carros/cobranca-indevida-apos-prorrogacao-valor-divergente-informado-pelo-sistema_vvXXabY6J8OoJn4L/,5.0,Problema Financeiro
LOCALIZA COBRA CAUÇÃO SEM AVISO PRÉVIO,RESOLVIDO,Trairi,CE,"Hoje passei por um constrangimento com a localiza que nunca tinha passado antes. Fora o prejuízo e me prejudicar no meu compromisso. Fiz um agendamento para uma locação, onde me informou que não seria necessário caução, estava em 0,00. Fui preparado para pagar a diária com os seguros e quando cheguei me solicitaram o caução no valor de 700,00 reais. Fora que minha locação dava em torno de 389,00 apenas uma diária, pagando bem caro pois meu compromisso era urgente. Acaba que cheguei atrasado, gastei dinheiro com táxi. Em uma locação antiga, me informaram que precisava do caução, fui lá preparado para pagar, se nessa informa que não precisa, acaba prejudicando o cliente de uma maneira irreversível. Sou um bom cliente mais hoje deixo de ser cliente, seguirei com um processo. Resumindo quando fiz a locação informam que não precisava de caução! E minutos antes me pediram.",https://www.reclameaqui.com.br/localiza-aluguel-de-carros/localiza-cobra-caucao-sem-aviso-previo_ge-iVSMfzTrWaokE/,10.0,Sinistro e Acidente
"Localiza atrasa pagamento de reparo de veículo alugado após acidente, gerando transtornos e desinformação ao cliente",RESOLVIDO,João Pessoa,PB,"Bom dia!
No início de Janeiro desse ano uma pessoa com um carro alugado da Localiza aqui na minha cidade João Pessoa bateu em nosso carro.
A pessoa reconheceu o erro, fizemos o BO e fomos até a Localiza local para os trâmites.
O cliente da Localiza recebeu na hora outro carro, pois havia locado o carro com seguro total.
A Localiza através do telefone para terceiros nos exigiu uma gama de documentos e fotos e orçamentos feitos em oficinas autorizadas por eles.
Dia 24/03/******* foi autorizado o nosso pagamento, que apesar dos orçamentos constarem mais de 5mil reais eles só aprovaram 1.*******,00. Nos pediram 15 dias ÚTEIS para realizar o pagamento. Não foi feito!
Disseram que deu um problema em nosso banco, mas eles NÃO LHE DÃO NEM UMA SATISFAÇÃO, você que tem que cobrar.
Enviei outro Pix , pediram mais TRÊS DIAS ÚTEIS! NÃO FOI FEITO!
Entrei em contato novamente, pois eles não dão nenhuma satisfação!
Pediram mais SETE dias úteis! Nada até hoje!
E ELES NÃO DERAM SATISFAÇÃO!
Estão esperando nós entrarmos na justiça, só pode!
Enfim, tenham cuidado quando forem alugar um carro, pois a empresa apesar de rica e famosa, tá pouco se lixando com os outros.
Já entramos em contato com a pessoa que bateu em nosso carro pois se vamos entrar na justiça, ele que apesar de ter contratado um carro com seguro total, estará envolvido também, infelizmente pra ele.",https://www.reclameaqui.com.br/localiza-aluguel-de-carros/localiza-atrasa-pagamento-de-reparo-de-veiculo-alugado-apos-acidente-gerando-transtornos-e-desinformacao-ao-cliente_51RrqZE5XeYoDRDc/,4.0,Sinistro e Acidente
Cobrança de multa de rodízio indevida após locação de veículo,RESOLVIDO,São Paulo,SP,"Fui na localiza de São Caetano do Sul - SP no dia 24/04 alugar um HB20. Aluguei o carro no período de 24/04/2026 18:31 à 26/04 15:27, e ontem, dia 20/05/2026 recebi uma multa de rodízio do carro no dia 24/04/2026 19:05 (34 minutos após ter pego a chave do carro e 20 minutos após eu ter saido da localiza), mesmo dia que o carro foi retirado da loja. (NÃO HOUVE NENHUMA COMUNICAÇÃO DA PARTE DA ATENDENTE DE QUE O CARRO ESTA EM RODIZIO).
Liguei para a atendente e foi informado que a empresa não garante a placa, o esperado é que no dia que o carro fosse pego ele não estaria em rodízio, visto que ele seria usado para viajar, informação que passei para a atendente no dia da locação.
Abri um chamado para avaliação, pois a empresa ágil de má fé alugando um carro no rodízio sabendo que a região do São Paulo possui rodízio.
NINGUEM ALUGA UM CARRO PARA TOMAR MULTA NO MESMO DIA! Do mesmo modo que os clientes precisam saber as leis do estado sobre trânsito a empresa também deveria seguir fazendo o bloqueio dos carros que não podem circular no dia, até porque ninguém aluga um carro que não pode andar.

Ontem (20/05/2026) entrei em contato com a Localiza, foi aberto chamado (*****) e o mesmo foi respondido com a lei de transito que todos temos conhecimento mas que ao alugar um carro você espera pode usar o carro alugado, e que o problema era meu de ter alugado um carro em rodizio, que da próxima vez eu seja mais esperto. (Obvio que não com essas palavras).

Espero que vocês revejam essa multa, pois ela não é da minha responsabilidade.
Que tipo de empresa vocês são? Perdi totalmente a confiança.
Aguardo o cancelamento da multa.",https://www.reclameaqui.com.br/localiza-aluguel-de-carros/cobranca-de-multa-de-rodizio-indevida-apos-locacao-de-veiculo_GBfWhHPHpT84xf-l/,10.0,Bloqueio de Cadastro
Fatura de aluguel mensal sem opção de pagamento e dificuldade de contato com a empresa,NÃO RESOLVIDO,Belo Horizonte,MG,"Eu aluguei um carro pelo aluguel mensal. A empresa manda no final uma fatura para pagamento. A questão é que ali nao existem opções de como pagar a fatura. Nao tem o link para o cartão ou pix. Então eles começam a te cobrar, te infernizando, mas se voce quer falar com eles, tem um boot automático que nao entende nada e nao acha soluções. Ai voce procura um email para escrever a eles, também nao existe. E eles nao param de te cobrar. [Editado pelo Reclame Aqui] A EMPRESA COBRA, COBRA COBRA, MAS NAO TE DA A OPCAO DE COMO PAGAR. E FALAR COM ELES E IMPOSSIVEL. [Editado pelo Reclame Aqui]",https://www.reclameaqui.com.br/localiza-aluguel-de-carros/fatura-de-aluguel-mensal-sem-opcao-de-pagamento-e-dificuldade-de-contato-com-a-empresa_hqQDza7BgMyND3Fj/,0.0,Problema Financeiro
Renegociar dívida,RESOLVIDO,Jundiaí,SP,"Tenho uma dívida com a localiza há alguns anos e quero fazer o pagamento, o valor atual é até justo, mas se for parcelar a dívida ela quase dobra o valor, quero ver se tem a possibilidade da localiza fornecer um parcelamento sem juros, quero muito resolver essa pendência",https://www.reclameaqui.com.br/localiza-aluguel-de-carros/renegociar-divida_DnrXRtsukqAYOVvK/,8.0,Problema Financeiro
Cobrança indevida por avarias pré-existentes em veículo alugado e negativação indevida no Serasa.,NÃO RESOLVIDO,Sumaré,SP,Aluguei um carro e não recebi as fotos do shelist antes da viagem porém notei algumas avarias no carro quando voltei a moça me acusou de ter riscado o carro porém os risco já estavam colocou meu nome no Serasa por eu não ter contratado o seguro pra risco achei um absurdo por causa de 30 reais querer me cobrar uma fortuna,https://www.reclameaqui.com.br/localiza-aluguel-de-carros/cobranca-indevida-por-avarias-pre-existentes-em-veiculo-alugado-e-negativacao-indevida-no-serasa_iBoG8Kb_E2j9rPcU/,10.0,Sinistro e Acidente
Contestação de vistoria,RESOLVIDO,Porto Alegre,RS,"Recebi um carro reserva através da seguradora Porto Seguro no dia 11/05, desde o dia 12/05 estou tentando contestar as fotos da vistoria que recebi por e-mail sem sucesso, as fotos das rodas não mostram todos os danos e não mostram danos nas portas também. Já tentei solucionar de algumas formas, porém sem sucesso, meu medo são imputável custos no momento da devolução do carro.",https://www.reclameaqui.com.br/localiza-aluguel-de-carros/contestacao-de-vistoria_dOoNA05AjWp38pCK/,10.0,Sinistro e Acidente
Cobrança de multa de trânsito,RESOLVIDO,Cachoeiro de Itapemirim,ES,"No dia 10/12/2025 fiz um aluguel de veículo com a Localiza. No mesmo dia tomei uma multa de R$ 136,67 que foi posteriormente cobrada do meu cartão. Porém, na data de ontem vi pelo meu aplicativo CNH Digital que a citada multa foi convertida em advertência, portanto gostaria do estorno do valor pago.

Ressalto que meu contato via reclame aqui se deu apenas porque não consegui contato pelo WhatsApp da empresa, mas a localiza sempre me atendeu muito bem e atendeu todas as minhas demandas; portanto tenho certeza que essa também será brevemente resolvida.",https://www.reclameaqui.com.br/localiza-aluguel-de-carros/cobranca-de-multa-de-transito_PRdxyZ93OTk1UX3H/,10.0,Problema Financeiro
Atraso no pagamento de indenização de sinistro à terceiros e cobrança indevida de prestador de serviços,RESOLVIDO,Campinas,SP,"Meu veículo foi colidido gravemente por um outro carro locado pela Localiza, este acidente ocorreu no dia 04/03/2026, prontamente segui todo o protocolo solicitado pela Localiza encaminhando o veículo para análise em um prestador de serviço indicado por eles, encaminhei todos os documentos solicitados, na sequência meu carro foi considerado como perda total, devido a complexidade dos danos e a indenização de acordo com a informação do site da empresa estava prevista para 07/05/2026, no dia 08/05 entrei em contato no telefone e fui informado que na verdade a indenização estava prevista para 15/05/2026, no dia 15/05 entrei em contato e me afirmaram que a indenização estava prevista na verdade para 19/05 pois houve um ""erro de processamento"", no dia 19/05 liguei 2 vezes para eles para ver se tinha alguma atualização em sistema que me deixasse tranquilo quanto à indenização realmente ser paga, pois desconfiava que de fato eles não honrariam o compromisso e cà estou hoje 20/05/2026 sem carro, sem indenização em conta, sem nenhuma resposta concreta sobre o meu caso, apenas informações vagas, dívidas acumuladas pois o carro é fonte de renda para mim, e como se tudo já não fosse um baita transtorno, o prestador de serviço indicado pela Localiza ainda quer me cobrar diárias de estacionamento pelo tempo em que o veículo esteve na oficina aguardando resolução do caso pela Localiza. Clamo aos setores responsáveis uma solução breve e amigável para meu sinistro número *****, caso contrário acionarei os meios jurídicos para ser ressarcido pelo veículo e todos os demais prejuízos que me foram causados desde este fatídico 04/03/2026.",https://www.reclameaqui.com.br/localiza-aluguel-de-carros/atraso-no-pagamento-de-indenizacao-de-sinistro-a-terceiros-e-cobranca-indevida-de-prestador-de-servicos_ODgjjJoN-z0oJlbB/,7.0,Sinistro e Acidente
Cobrança abusiva e indevida,RESOLVIDO,Parauapebas,PA,"Contestação Urgente Cobrança Indevida de Avarias Pós-Vistoria de Encerramento Contrato n *****

À Diretoria de Relacionamento e Setor de Sinistros da Localiza,

Prezados,

Venho por meio deste instrumento formalizar minha total contestação e expressa indignação a respeito da notificação de sinistro recebida em *****, que alega, de forma totalmente improcedente, avarias no veículo locado (especificamente: chicote do sensor de estacionamento dianteiro, tubulações de circuitos/sensores, além de cobrança indevida de taxa de aluguel).

A referida cobrança é manifestamente nula e abusiva, pautada nos seguintes fatos e fundamentos jurídicos:

Vistoria de Encerramento Concluída e Quitação de Fato: No dia *****, realizei a devolução do veículo. No ato da entrega, foi realizada a vistoria técnica presencial por um colaborador da Localiza, que inspecionou o automóvel e constatou que estava tudo em conformidade. O contrato foi formalmente encerrado e finalizado sem qualquer ressalva ou pendência de avaria anotada em sistema.

Decurso de Tempo e Quebra da [Editado pelo Reclame Aqui] de Custódia: A notificação de avaria foi gerada apenas em *****, ou seja, mais de 30 dias após o encerramento do contrato e a entrega das chaves. Uma vez assinado o encerramento e liberado o cliente, cessa a responsabilidade do locatário sobre o bem. Qualquer dano identificado semanas depois decorre da guarda exclusiva da locadora, movimentação interna pátio ou atos de terceiros, uma vez que eu não detinha mais a posse ou controle do automóvel.

Esclarecimento dos Fatos e Boa-Fé do Locatário: Sensores Dianteiros: O sensor de estacionamento dianteiro foi entregue em perfeito estado de funcionamento. Caso houvesse qualquer defeito, o mesmo teria sido reportado por mim na entrega ou acusado imediatamente na conferência do vistoriador.

Alerta de Óleo: Importante ressaltar que, no momento da entrega, reportei ao funcionário que o painel exibia um alerta eletrônico de necessidade de troca de óleo com pedido de parada imediata do veículo. O próprio colaborador me informou que era um alerta normal do sistema, cuja imagem do painel possuo em anexo para comprovação.

Mancha no Banco: Na retirada, o carro apresentava um forte odor de produto de limpeza e estava recém-lavado, o que camuflou uma mancha preexistente no banco traseiro que só secou e apareceu posteriormente. Mesmo não sendo o causador, para evitar desgastes, a taxa de higienização estipulada foi paga no ato do fechamento, liquidando o assunto.

Fundamentação Jurídica (Código de Defesa do Consumidor):
A cobrança unilateral de supostos danos ocultos, semanas após a vistoria de recebimento e encerramento contratual, viola o princípio da boa-fé objetiva e o direito à informação clara (Art. 4, III e Art. 6, III do CDC). Configura prática abusiva e enriquecimento sem causa impor ao consumidor o ônus de avarias mecânicas/elétricas internas sem a realização de uma perícia imediata e neutra acompanhada pelo cliente na data da devolução.

Diante de todo o exposto, SOLICITO:

O cancelamento imediato de toda e qualquer cobrança extra/sinistro vinculada a estas supostas avarias no contrato *****;

A emissão e envio, por escrito, do Termo de Quitação Integral do referido contrato;

A expressa proibição de qualquer lançamento ou débito automático no cartão de crédito cadastrado como garantia no sistema sem a minha prévia autorização e resolução deste impasse.

Aguardo um posicionamento formal com a solução definitiva do problema no prazo impreterível de 48 horas. Caso a cobrança seja mantida ou efetuada no cartão, formalizarei denúncia junto aos órgãos de proteção ao consumidor (Procon, Consumidor.gov.br) e adotarei as medidas judiciais cabíveis, incluindo pleito por repetição de indébito e danos morais.

Atenciosamente,

*****
CPF: *****
Telefone: *****
N do Contrato de Locação: *****",https://www.reclameaqui.com.br/localiza-aluguel-de-carros/cobranca-abusiva-e-indevida_UlIX1-aUSAML1Ej1/,10.0,Sinistro e Acidente
Problema de freio em veículo alugado e descaso da locadora com a solução do problema,RESOLVIDO,Cotia,SP,"Loquei um automóvel no dia 05/04/2026 e no dia 12/04/2026 o automóvel apresentou problemas no freio e apareceu a seguinte mensagem manutenção no freio e realmente fiquei sem freio passei por e-mail o texto abaixo:

Segue os transtornos causado pelo motivo da falta de manutenção do veículo locado:
Risco de vida
Atraso na viagem acarretando perca de negócio
stress pela demora na solução
falta de organização interna da empresa.
O primeiro contato com a empresa foi às 18h, a troca ocorreria em 180 minutos ou seja, mais ou menos às 21h. Por falta de organização interna essa espera, após vários contatos por telefone o veículo só foi entregue às 00:40h.
Qual a posição da empresa com relação a esse ocorrido, uma vez que já sou cliente a muito tempo. Espero ser ressarcida de alguma forma.
Segue em anexo alguns documentos para que seja avaliado.
Atenciosamente

Recebi resposta da empresa que após o término da locação eles iriam dar seguimento ao ocorrido, a locação terminou em 05/05/2026, porém até o momento nada aconteceu.",https://www.reclameaqui.com.br/localiza-aluguel-de-carros/problema-de-freio-em-veiculo-alugado-e-descaso-da-locadora-com-a-solucao-do-problema_hcHz9mKZwvexOfoo/,8.0,Qualidade do Veículo
"Localiza não liberou carro reservado em Confins por falta de higienização, causando atraso de 1:30.",RESOLVIDO,Vespasiano,MG,"Realizei uma reserva para retirada em confins, não liberam o carro pois não estava higienizado.
Me pediram para aguardar 1:30 até o veículo ser liberado.
Eu vim mais cedo pois sempre fiz isso e nunca tive problemas.
Estou decepcionado com a localiza. Atrasou minha vida toda.",https://www.reclameaqui.com.br/localiza-aluguel-de-carros/localiza-nao-liberou-carro-reservado-em-confins-por-falta-de-higienizacao-causando-atraso-de-130_Bb9OlZ4g-M0KRxog/,10.0,Falha no App / Reserva
Cobrança indevida de taxa de desistência após cancelamento de reserva pela *****.,RESOLVIDO,Bady Bassitt,SP,"Boa noite, fiz uma reserva com a localiza a 6 meses atras pois iria realizar uma viagem.
No momento em que fui fazer a retirada na localiza do aeroporto em *****, passei o maior constrangimento pois a loja estava lotada e a atendente virou e me disse que meu cadastro não foi aprovado e que a reserva iria ser cancelada.
No ato foi embora extramente chateado e com a segurança de que seria cancelado, porém no dia de hoje debitou do meu cartão de crédito R$197,00 reais de taxa de desistência, agora eu gostaria de saber o porquê estão me cobrando isso indevidamente sendo que a reserva foi cancelada por vocês pelo meu cadastro nao ter sido aprovado e eu tenho que pagar uma taxa de algo que eu nem consegui prosseguir com a retirada.
Gostaria que esse valor fosse estornado em mej cartão.",https://www.reclameaqui.com.br/localiza-aluguel-de-carros/cobranca-indevida-de-taxa-de-desistencia-apos-cancelamento-de-reserva-pela_MK17tsfY8odoCtwW/,0.0,Problema Financeiro
Cobrança indevida de avaria após devolução de veículo locado e ameaça de negativação,RESOLVIDO,Curitiba,PR,"Recebi hoje uma ligação de um atendente da Localiza, questionando uma locação realizada em fevereiro, alegando a existência de uma cobrança aproximado de R$ 1.300,00, relacionada a uma suposta avaria de balanceamento, afirmando ainda que eu estaria em mora e que deveria realizar o pagamento imediato sob pena de negativação.

Primeiramente, desconheço integralmente qualquer tipo de avaria ou dano causado ao veículo, especialmente porque o automóvel foi utilizado apenas em rodovia pavimentada, sem trânsito por estradas de chão, buracos ou qualquer situação que pudesse justificar alegado dano mecânico ou necessidade de balanceamento.

Além disso, em nenhum momento fui previamente informado acerca da suposta avaria, tampouco recebi:
laudo técnico;
orçamento detalhado;
fotografias;
nota fiscal;
relatório mecânico;
autorização de serviço;
comprovação de nexo entre o alegado dano e minha utilização do veículo.

Causa estranheza maior ainda o fato de a locadora alegar existência de débito após a devolução formalizada e encerrada, sem qualquer intercorrência. Adotando postura coercitiva mediante ameaça de negativação, sem qualquer transparência, contraditório ou comprovação mínima.

Tal conduta viola frontalmente os princípios da boa-fé objetiva, transparência e informação previstos no Código de Defesa do Consumidor, especialmente nos artigos 6, III, 39, V e 51 do CDC.

Ressalto ainda que eventual cobrança sem comprovação adequada e com a comprovada anuência, bem como eventual inscrição indevida de meu nome em cadastros restritivos de crédito, ensejará adoção imediata das medidas judiciais cabíveis, incluindo:
declaração de inexigibilidade do débito;
repetição de indébito;
indenização por danos morais;
reparação integral pelos prejuízos eventualmente causados.

*****
OABPR *****",https://www.reclameaqui.com.br/localiza-aluguel-de-carros/cobranca-indevida-de-avaria-apos-devolucao-de-veiculo-locado-e-ameaca-de-negativacao_thpXc2t_vF2E5xog/,10.0,Sinistro e Acidente
Cobrança,RESOLVIDO,Imperatriz,MA,"Venho manifestar minha insatisfação e indignação diante da cobrança/notificação recebida, referente a um débito que entendo não ser devido. Essa situação tem me causado constrangimento, insegurança e sensação de violação dos meus direitos como consumidor.

Solicito a imediata revisão dessa cobrança, bem como a suspensão de qualquer medida de cobrança até que os fatos sejam devidamente esclarecidos. Ressalto que cobranças indevidas podem configurar prática abusiva, causando danos morais e transtornos ao consumidor.

Aguardo um posicionamento formal e a regularização da situação o mais breve possível.",https://www.reclameaqui.com.br/localiza-aluguel-de-carros/cobranca_P5ZbhFyOVPfESYPN/,10.0,Sinistro e Acidente
Cliente bloqueado,NÃO RESOLVIDO,Rio de Janeiro,RJ,"Meu pai era cliente da localiza, alugou um carro por 6 meses, renovando diariamente e acumulando bônus. Entregou o carro, sem pendências e sem nenhum problema. Na semana seguinte quis fazer uma reserva para um fim de semana. Quando foi informado pelo call center que estava bloqueado, mas não sabiam informar o motivo. Fomos numa loja física e também não sabiam, mas informaram que pendências financeiras não tinha. E o motivo do bloqueio não era possível informar porque não tinha acesso. Sendo assim, meu pai está bloqueado sem saber o motivo e impossibilitado de usar os 30.000 pontos em bônus que possuía. Sem contar o constrangimento que passou. Seu nome é *****. A localiza apresentou total descaso com ele, um cliente de tempos que não possui nenhuma pendência",https://www.reclameaqui.com.br/localiza-aluguel-de-carros/cliente-bloqueado_yYtM_6WbGQrWy-c8/,0.0,Bloqueio de Cadastro
Pagamento adicional sem sentido nenhum,RESOLVIDO,Campinas,SP,"Fiz a locação de um veículo, programei o horário de devolução para 12:00.
Cheguei 12:30 e me cobraram ***** de adicional alegando que eu estourei a tolerância!
Em momento algum durante a ligação ficou claro que a tolerância está em cima do horário de retirada do veículo e não sobre o horário marcado para devoção
Inacreditável vocês fazerem isso com os clientes de vocês! Tratam como se os clientes fossem [Editado pelo Reclame Aqui]!
Se o prazo está em cima do horário de retirada isso deveria estar claro.
Além de que, usei 30 minutos da tolerância e ter que pagar o valor de uma diária?
Muito bom mesmo a justiça de vocês!",https://www.reclameaqui.com.br/localiza-aluguel-de-carros/pagamento-adicional-sem-sentido-nenhum_Z_KjKnIqVsvxFlQY/,9.0,Tempo de Atendimento
Bloqueio de conta,NÃO RESOLVIDO,Magé,RJ,"Realizei locação normalmente e, após fazer a revisão do veículo pela própria Localiza, tentei prorrogar o contrato pelo aplicativo, porém apareceu a mensagem contrato indisponível.

Entrei em contato com o atendimento e fui orientado a comparecer presencialmente à agência do Galeão. Ao chegar na agência, fui informado de que minha conta/contrato havia sido bloqueado internamente, porém nenhum funcionário soube informar o motivo do bloqueio.

Também não me forneceram protocolo formal do atendimento presencial, apenas orientaram a devolução do veículo. Inclusive, fui informado de que a diária do dia já estava sendo cobrada normalmente e que eu poderia devolver o veículo mais tarde no mesmo dia.

Tenho prints, vídeos e registros das tentativas de resolução antes do vencimento do contrato.

Solicito esclarecimento formal sobre o motivo do bloqueio, além do envio dos protocolos e registros relacionados ao meu atendimento.",https://www.reclameaqui.com.br/localiza-aluguel-de-carros/bloqueio-de-conta_bIDLxiiDMIY_ASn-/,0.0,Bloqueio de Cadastro
Cobrança de Fatura indevida pela Localiza,RESOLVIDO,São Paulo,SP,"Acionei meu seguro por um carro reserva, ao parar meu carro para manutenção após uma colisão em fevereiro de 2026, onde eles indicaram a Localiza, peguei um Kwid que apresentou pane na ignição logo nos primeiros dias, entrei em contato com a Localiza e eles me deram todo o suporte para a troca por outro veículo e a remoção do carro que deu a pane. Foram prestativo na comunicação que a remoção foi feita com sucesso e me cobrando apenas o combustível que falta para completar o tanque, assim que entreguei no prazo o segundo, ok paguei por concordar. Agora quase 3 meses depois, recebi uma cobrança de Avarias do primeiro veículo que teve a Pane na ignição, onde o mesmo na remoção não foi diagnosticado nada no check list dos responsáveis pela remoção. Não concordo com essa cobrança, porque o carro estava sem avarias e agora aparece 3 meses depois? Creio que está tendo algum erro, de comunicação, e tenho certeza absoluta que não fui eu que fiz essas avarias, o carro andava pouco. Pedi a data das fotos e mais informações, me mandaram somente as fotos, que não foram feitas no local da remoção, isso já cria mais dúvidas, onde o check list teria que ser feita no local com a foto da avaria. Aguardo um retorno em breve já que a fatura de cobrança venci no dia 22/05/2026.",https://www.reclameaqui.com.br/localiza-aluguel-de-carros/cobranca-de-fatura-indevida-pela-localiza_aIjoHjWdo3qrOEuy/,8.0,Sinistro e Acidente
***** transformou nossa viagem de ***** de casamento em um pesadelo,RESOLVIDO,Campinas,SP,"Gostaria de registrar aqui a pior experiência que já tive com aluguel de veículo em toda minha vida.

No dia *****, minha esposa e eu tínhamos uma viagem especial para *****/MG para comemorar nossos ***** de casamento. Era uma viagem extremamente importante para nós.

Iríamos de *****, saindo de Campinas (*****) para ***** (*****), onde alugaríamos um carro para seguir até *****.

Por um problema no tamanho da bagagem, infelizmente perdemos o voo de ida. Como já estávamos no aeroporto, nosso carro havia ficado estacionado lá e, como o voo de volta já estava pago, decidimos alugar um veículo no próprio aeroporto de ***** e devolvê-lo em *****. Era caro muito mais caro do que gostaríamos de pagar mas entendemos que seria a solução para salvar nossa viagem e evitar maiores transtornos.

No balcão da *****, fiz toda a simulação pelo celular junto com a atendente e alugamos um ***** automático.

E foi aí que começou o pesadelo.

O primeiro problema aconteceu logo no pedágio da *****: a tag do carro estava bloqueada. Precisei entrar em contato com o atendimento e fui orientado a pagar manualmente nos pedágios, pois iriam desbloquear o sistema e isso poderia demorar algumas horas. Ou seja, o carro já saiu para locação sem estar devidamente preparado.

Pouco depois, percebi que o veículo vibrava excessivamente em velocidade, claramente com algum problema mecânico ou de balanceamento. Entrei novamente em contato com o atendimento e me orientaram a procurar uma loja no caminho para troca do veículo. Estávamos na *****, com uma viagem de aproximadamente 8 horas pela frente e já atrasados por conta de tudo o que havia acontecido no aeroporto. Segui viagem por absoluta falta de alternativa.

Mais adiante, já na *****, o painel indicou baixa pressão nos pneus. Precisei parar em um posto para calibragem. Felizmente o alerta não retornou, mas a insegurança durante a viagem já era enorme.

Chegamos em ***** no início da noite. No dia seguinte ficamos na cidade e havíamos programado conhecer ***** no sábado, dia 16. Porém, quando fomos sair da pousada, encontrei um pneu completamente vazio.

Peguei o estepe e as ferramentas para realizar a troca e, para meu espanto, descobri que o estepe NÃO ERA DO CARRO. Simplesmente não encaixava. O estepe enviado pela ***** era incompatível com o veículo alugado.

Naquele momento tivemos a certeza de que estávamos completamente desassistidos.

Perguntei na pousada sobre borracheiros e fui informado de que não havia nenhum em *****, apenas em *****. Antes de tentar improvisar alguma solução, entrei novamente em contato com a *****. Fui informado de que aquilo não era o padrão da locadora e que o carro precisaria ser substituído.

Porém, para piorar ainda mais a situação, a única agência aberta naquele horário era em *****. Ou seja: estávamos presos em uma cidade turística, sem suporte, sem assistência rápida e com um carro impossibilitado de rodar.

Sem alternativa, aceitei a troca. Um ***** foi enviado e chegou somente no início da noite. O guincho levou o ***** embora e, por conta do horário, perdemos completamente o passeio do dia para *****. Perdemos um dos únicos 3 dias da nossa viagem uma viagem planejada para celebrar ***** de casamento por total falta de qualidade, revisão e suporte da *****.

E os problemas não acabaram aí.

No domingo, ao sair da pousada para seguir até *****, percebi que o ***** entregue pela ***** não estava com o tanque cheio. Detalhe: eu havia abastecido totalmente o ***** antes do guincho levá-lo embora. Ainda assim, o carro substituto veio com menos combustível. Mesmo assim, devolvi o ***** abastecido e com tanque cheio ao lado do aeroporto de *****.

E para completar toda essa sequência absurda de problemas, no dia ***** ainda recebi uma cobrança de no-show referente a uma reserva feita pelo celular no dia ***** reserva essa que sequer foi concluída.

Resumindo: gastei aproximadamente R$ 2.000,00 para ter uma viagem marcada por estresse, insegurança, perda de passeio, problemas mecânicos, falta de suporte adequado e cobranças indevidas.

O que deveria ser uma viagem especial de comemoração acabou sendo transformado em um enorme transtorno por falhas sucessivas da *****.

Sinceramente, nunca imaginei passar por algo assim alugando um carro de uma empresa desse porte.",https://www.reclameaqui.com.br/localiza-aluguel-de-carros/transformou-nossa-viagem-de-de-casamento-em-um-pesadelo_dGcf0ffMnwXnv03h/,10.0,Problema Financeiro
***** não paga meu prejuízo,NÃO RESOLVIDO,Ferraz de Vasconcelos,SP,"A pior experiência que já tive com uma empresa.

Estou há MAIS DE 3 MESES esperando a ***** pagar um prejuízo causado por um carro alugado pela própria empresa.

No final de fevereiro de 2026, um veículo alugado pela ***** entrou na contramão e bateu de frente no meu carro. Desde então começou um verdadeiro pesadelo.

A empresa me pediu boletim de ocorrência, orçamentos, documentos, cartas assinadas, dados bancários e tudo mais que imaginar. Enviei TUDO corretamente.

Primeiro aprovaram o orçamento total. Depois disseram que o e-mail estava errado e tentaram aprovar só a funilaria, ignorando a mecânica do carro completamente comprometida.

Depois de muita insistência, aprovaram a mecânica também. Me enviaram cartas de aprovação, assinei tudo, devolveram prazo de 15 dias úteis para pagamento e simplesmente NÃO PAGARAM.

Quando cobrei, inventaram que o banco estornou o pagamento, mas curiosamente nunca apresentaram um comprovante sequer.

Pediram novos dados bancários, deram mais 3 dias úteis e novamente NÃO CUMPRIRAM o prazo.

Agora só falam que vão abrir chamado enquanto meu carro continua parado há meses.

O tratamento da ***** é vergonhoso. Um completo descaso com quem foi vítima de um acidente causado por um cliente deles.

A impressão é que fazem de tudo para cansar o consumidor e empurrar o problema até a pessoa desistir.

Mas comigo não vai funcionar.

Tenho todos os e-mails, aprovações, protocolos e prazos descumpridos documentados e, se isso não for resolvido imediatamente, vou entrar com ação judicial pedindo danos materiais, danos morais e todos os prejuízos causados durante esses meses.

Uma empresa do tamanho da ***** agir dessa forma é revoltante.",https://www.reclameaqui.com.br/localiza-aluguel-de-carros/nao-paga-meu-prejuizo_3xezsVjCFBXrZ2BR/,0.0,Sinistro e Acidente
"Localiza recebeu renovação mensal, bloqueou contrato e cobrou mais 8 dias",NÃO RESOLVIDO,Taubaté,SP,"Venho registrar reclamação em face da empresa LOCALIZA RENT A CAR S.A. em razão de cobrança considerada indevida, retenção de valores pagos, falha na prestação do serviço e indisponibilidade do veículo locado.

A relação contratual iniciou-se em ***** e permaneceu ativa continuamente até *****, mediante sucessivas renovações mensais formalmente aprovadas pela própria empresa, todas regularmente quitadas.

Durante toda a relação contratual:

* todos os pagamentos foram realizados regularmente;
* todas as faturas emitidas foram integralmente quitadas;
* não houve inadimplência;
* não houve descumprimento contratual de minha parte;
* e a própria empresa realizou substituições anteriores de veículos dentro da normalidade operacional da locação.

A documentação contratual demonstra claramente:

* continuidade contratual por aproximadamente 5 meses;
* sucessivas renovações aprovadas pela locadora;
* emissão regular de contratos, faturas e boletos;
* e aceitação contínua dos pagamentos pela empresa.

PROBLEMAS MECÂNICOS E INDISPONIBILIDADE DO VEÍCULO

O veículo passou a apresentar graves problemas no sistema de freios, comprometendo a segurança de utilização.

Em ***** foi aberto protocolo junto à Localiza, oportunidade em que a própria empresa orientou o encaminhamento do veículo para a oficina RI Auto Center, em Caçapava/SP.

No dia ***** compareci à oficina, porém fui informado de que, em razão do horário reduzido de sábado, o atendimento seria reagendado para segunda-feira.

Em ***** deixei o veículo na oficina logo pela manhã.

Às 16h00 fui informado pela própria oficina de que o veículo não havia sido reparado porque a Localiza ainda não havia aprovado internamente o orçamento necessário para realização da manutenção.

Em ***** houve feriado, circunstância que prolongou ainda mais a indisponibilidade do automóvel.

Retornei novamente à oficina em ***** às 08h00 e, mesmo ao final do dia, a Localiza ainda não havia autorizado a execução do reparo.

Na manhã de ***** compareci pessoalmente à agência da Localiza e informei que o veículo permanecia parado desde segunda-feira aguardando autorização da própria locadora.

Na ocasião fui informado de que não havia veículo disponível para substituição.

Dessa forma, permaneci privado da utilização regular do veículo nos dias:

* *****;
* *****;
* *****;

bem como deixei de utilizar o automóvel em ***** em razão dos graves problemas apresentados no sistema de freios.

Mesmo assim, a empresa manteve cobrança integral da mensalidade sem qualquer abatimento proporcional.

PAGAMENTO DA MENSALIDADE DE MAIO E COBRANÇA FINAL

Em ***** a empresa emitiu nova fatura no valor de R$ 4.314,36 referente à renovação mensal da locação, pagamento realizado regularmente em *****.

Posteriormente, recebi mensagem oficial da própria Localiza informando apenas a necessidade de substituição do veículo no prazo de 5 dias, solicitando contato para agendamento da troca.

Ao entrar em contato para cumprir exatamente a orientação recebida, fui surpreendido com a informação de bloqueio cadastral e exigência de devolução imediata do veículo.

Em nenhum momento a comunicação anterior informou:

* encerramento definitivo da locação;
* cancelamento contratual;
* inadimplência;
* ou impossibilidade de continuidade da relação contratual.

O veículo foi devolvido imediatamente e em total boa-fé, tendo sido utilizado apenas 1 km no período final do contrato.

Mesmo após:

* renovar o contrato;
* emitir a mensalidade;
* receber integralmente o pagamento;
* solicitar apenas substituição do veículo;
* e impedir unilateralmente a continuidade da locação;

a empresa passou a cobrar adicionalmente o valor de R$ 1.363,38 referente a apenas 8 dias de contrato.

Entendo que houve:

* falha grave na prestação do serviço;
* violação da boa-fé objetiva;
* comportamento contraditório da fornecedora;
* quebra da confiança legítima do consumidor;
* cobrança abusiva;
* retenção indevida de valores;
* e enriquecimento sem causa.

Importante destacar que a própria Localiza possui sistema de telemetria e rastreamento do veículo, podendo confirmar:

* períodos de utilização;
* períodos em oficina;
* baixa utilização do automóvel;
* e imediata devolução após exigência da própria locadora.

Diante disso, solicito:

1. cancelamento integral da cobrança de R$ 1.363,38;

2. restituição proporcional da mensalidade paga em maio/2026 referente ao período não usufruído após a devolução do veículo;

3. abatimento/reembolso proporcional dos dias em que o veículo permaneceu indisponível para manutenção corretiva;

4. confirmação formal de inexistência de débitos pendentes vinculados ao contrato;

5. garantia de ausência de negativação ou restrição de crédito;

6. restituição dos valores eventualmente cobrados indevidamente.",https://www.reclameaqui.com.br/localiza-aluguel-de-carros/localiza-recebeu-renovacao-mensal-bloqueou-contrato-e-cobrou-mais-8-dias_QbjThyntPjWEMXg-/,0.0,Problema Financeiro
Localiza Meoo: Cobrança Abusiva e Retenção Indevida de Valores em Aluguel de Carro Provisório,RESOLVIDO,Natal,RN,"Venho registrar reclamação formal contra a Localiza/Localiza Meoo por retenção indevida de valores, cobrança abusiva e prática incompatível com o Código de Defesa do Consumidor.

No dia ***** da manhã entrei em contato com a Localiza/Localiza Meoo para solicitar um veículo provisório, tendo em vista que o carro definitivo da minha assinatura ainda não havia sido entregue. O veículo provisório foi disponibilizado e agendado pela própria empresa como solução temporária até a chegada do carro definitivo.

Posteriormente, no dia ***** retirei o veículo provisório na agência da Localiza em Mossoró/RN.

O contrato foi aberto inicialmente com previsão até *****. Contudo, o veículo definitivo chegou antes do prazo previsto e, por esse motivo, no dia ***** realizei a devolução formal do veículo provisório diretamente na agência da Localiza, encerrando regularmente o contrato.

Antes da devolução, entrei em contato com a central da empresa no dia *****, oportunidade em que fui informado pela própria atendente que, por se tratar de carro provisório da modalidade MEOO, haveria devolução proporcional do valor remanescente referente ao período não utilizado.

Posteriormente, ao devolver o veículo, fui surpreendido pela informação de que eu não teria direito a qualquer devolução de valores.

Registro também o protocolo do atendimento realizado hoje:
Protocolo n *****.

A retenção integral do valor é manifestamente abusiva e desproporcional.

Utilizei o veículo por apenas aproximadamente 16 dias e rodei somente 485 km, quantidade muito inferior à franquia contratual disponibilizada pela própria Localiza, que era de 2.000 km para utilização durante o contrato.

O próprio contrato informa:

- estimativa de valor diário de R$ 73,20;
- valor este já incluindo diária, proteção do carro, seguro RCFA e taxa de aluguel de 15%.

Com base na própria lógica contratual da Localiza, o custo proporcional estimado da utilização do veículo seria de aproximadamente R$ 1.[Editado pelo Reclame Aqui],20.

Ainda assim, a empresa reteve integralmente o valor de R$ 2.195,93, sem apresentar:

- memória de cálculo;
- demonstrativo financeiro;
- justificativa técnica;
- ou cláusula contratual clara autorizando retenção integral do valor em caso de devolução antecipada do veículo provisório.

Além disso:

- não houve danos ao veículo;
- não houve multas;
- não houve inadimplência;
- não houve quilometragem excedente;
- o carro foi devolvido regularmente;
- e o encerramento antecipado foi aceito e formalizado pela própria Localiza.

A situação é ainda mais absurda porque, seguindo essa lógica da empresa, se o consumidor devolvesse o carro provisório após 1 ou 2 dias de uso, ainda assim perderia integralmente mais de R$ 2.000,00, mesmo sem utilização efetiva do serviço. Trata-se de evidente enriquecimento sem causa e cobrança abusiva.

O próprio contrato prevê expressamente que o depósito de segurança poderá ser utilizado para abatimento dos débitos efetivamente devidos, com devolução do valor total ou remanescente ao consumidor.

Dessa forma, solicito:

1. Fundamentação contratual específica para retenção integral do valor;
2. Devolução imediata do saldo remanescente cobrado indevidamente;
3. Reavaliação administrativa da cobrança abusiva praticada.

Caso não haja solução administrativa, adotarei medidas junto ao PROCON e ao Juizado Especial Cível, inclusive com pedido de restituição dos valores e demais medidas cabíveis previstas no Código de Defesa do Consumidor.",https://www.reclameaqui.com.br/localiza-aluguel-de-carros/localiza-meoo-cobranca-abusiva-e-retencao-indevida-de-valores-em-aluguel-de-carro-provisorio_HGHbZjZideAF0Vcq/,5.0,Sinistro e Acidente
Cobranças indevidas e falha grave na prestação de serviço de locação de veículo,NÃO RESOLVIDO,Niterói,RJ,"Meu marido realizou uma locação de veículo com a Localiza no final de abril de 2026, e desde então tivemos uma sequência de problemas graves, tanto na prestação do serviço quanto na cobrança.

Durante a locação, o carro parou de funcionar por problema na bateria. Entramos em contato com a Localiza diversas vezes ao longo do dia, mas a empresa não conseguiu resolver o problema na mesma data. Ficamos sem o veículo pelo qual estávamos pagando, tendo todo o transtorno de ficar um dia inteiro sem o serviço contratado.

No dia seguinte, a Localiza enviou um guincho com um novo carro para substituir o veículo que não funcionava. Porém, para nossa surpresa, o carro substituto também apresentou problema: ele sequer ligava no guincho. O próprio funcionário do guincho não conseguiu ligar o veículo. Naturalmente, não aceitamos ficar com um segundo carro também sem funcionamento. Após novo contato com a Localiza, fomos orientados a ir até uma terceira loja para retirar um terceiro veículo, deixando os dois carros com problema com o responsável pelo guincho.

Somente então conseguimos seguir com a locação e, ao final, devolvemos o veículo corretamente, no dia e horário previstos, sem qualquer pendência relacionada à locação em si. Na devolução, havia apenas pedágio a pagar. Todos os pagamentos da locação haviam sido feitos no cartao do meu marido, com autorização dele, pois o contrato estava em nome dele. O meu cartão foi utilizado uma única vez, fisicamente, na maquininha da loja, exclusivamente para pagamento do pedágio no momento da devolução do carro.

Para nossa surpresa, no dia seguinte começaram a aparecer cobranças indevidas no meu cartão, de forma recorrente, mesmo após o encerramento do contrato e sem qualquer autorização minha para cobranças futuras. Eu nunca autorizei a Localiza a utilizar meu cartão depois desse pagamento presencial. Também nunca forneci os dados do cartão para uso online, nunca informei código de segurança, nunca permiti foto ou cadastro do cartão. Por isso, considero extremamente grave que a empresa tenha conseguido realizar cobranças posteriores no meu cartão sem autorização.

Desde então, entramos em contato com a Localiza inúmeras vezes. Foram ligações diárias, muitas vezes várias vezes ao dia, e em cada atendimento precisávamos explicar todo o caso novamente. O atendimento foi extremamente ineficiente: os atendentes não demonstravam ter histórico do caso, não havia continuidade, e a resposta era sempre que iriam analisar, sem solução efetiva.

Após aproximadamente duas semanas de contatos, a Localiza enviou e-mail em 5 de maio informando que reconhecia cobrança indevida no valor de [R$ 672,09] e que faria o estorno. No entanto, até hoje, 18 de maio, o estorno não foi recebido. Entrei em contato com o meu banco em 18 de maio, e fui informada de que não existe nenhum estorno em processamento ou registrado no sistema.

Além disso, hoje, 18 de maio, recebi uma nova cobrança no meu cartão, em valor completamente aleatório, novamente sem autorização e após a empresa já ter sido comunicada diversas vezes sobre o problema.

Ou seja: a Localiza cobrou indevidamente meu cartão várias vezes, reconheceu ao menos parte da cobrança indevida, prometeu estornar, não estornou, e ainda realizou nova cobrança não autorizada. Além disso, até agora não houve qualquer solução ou compensação pelo dia em que ficamos sem carro durante a locação, apesar de termos pago pelo serviço e realizado inumeras reclamaooes.

Diante disso, solicito, com urgência:

1. Estorno imediato de todas as cobranças indevidas feitas no meu cartão;
2. Comprovação formal de todos os estornos realizados;
3. Explicação clara sobre como meu cartão passou a ser utilizado para cobranças posteriores sem minha autorização e sem eu ter fornecido dados para uso online;
4. Cancelamento definitivo de qualquer autorização, cadastro ou tentativa de cobrança vinculada ao meu cartão;
5. Reembolso/indenização proporcional pelo período em que ficamos sem o veículo contratado;
6. Resposta formal sobre todas as reclamações abertas e protocolos relacionados ao caso.

A situação é extremamente grave, pois envolve falha na prestação do serviço, cobranças indevidas, ausência de estorno prometido, atendimento ineficiente e uso não autorizado de cartão. Aguardo uma solução imediata da Localiza.",https://www.reclameaqui.com.br/localiza-aluguel-de-carros/cobrancas-indevidas-e-falha-grave-na-prestacao-de-servico-de-locacao-de-veiculo_-z2xC3HXYzMHn-vC/,0.0,Sinistro e Acidente
Cobrança indevida de diária após devolução antecipada com benefício de tolerância de 4 horas para cliente Platinum.,RESOLVIDO,São Paulo,SP,"Aluguei o carro, coloquei a data do dia *****, as ***** hrs e a data de retirada, Devolução do veículo Data: ***** Hora: *****.. Foi me cobrado o valor de Valor total: R$ 516,25 dentre isso, foi descontado por pontos uma diaria, e foi no valor de 348 arredondando, ai aqui tudo ok. Eu sou cliente platinum, tenho 4 horas de tolerencia que o meu perfil de platinum..

Quando fui devolver o carro, a balconista cobrou a diaria por eu devolver o carro antes das 15 horas, porque eu já havia ganho as 4 hrs de tolerancia que a localiza não me cobrou da diaria de segunda feira do dia *****, das ***** as ***** hrs, Mas nenhum momento que eu fiz o contrato eu fui avisado que já tinha ganho e não seria cobrado a diaria, nenhum momento fala que eu posso usar essa tolerancia dentro do contrato que eu fechei ou que já está sendo contado essa tolerancia, como ela havia dito que não tem o que fazer porque o sistema cobra ela, quero saber qual o posicionamento da localiza com relação a isso.",https://www.reclameaqui.com.br/localiza-aluguel-de-carros/cobranca-indevida-de-diaria-apos-devolucao-antecipada-com-beneficio-de-tolerancia-de-4-horas-para-cliente-platinum_AK5grECIP6cLreQY/,10.0,Problema Financeiro
Sinistro - Seguro negado ao terceiro,NÃO RESOLVIDO,São Paulo,SP,"Tive um acidente envolvendo terceiro. A locação estava com seguro, e eu paguei a franquia tanto do carro quanto do terceiro.

Porém no dia de descrever o sinistro, fui orientada a ser breve no relato. E como estava abalada emocionalmente, acabei de me enganando e descrevendo o lado errado da batida no carro. Com isso a localiza se recusou a pagar ao terceiro.

O acidente ocorreu do lado esquerdo, como disse, estava me tremendo no dia, acabei me equivocando e descrevi que o motoqueiro foi atingido do lado direito.

Com isso a Localiza se recusa a pagar para o terceiro o conserto da moto.

Fiz contato na segunda-feira (*****) por telefone e me informaram que entrariam em contato comigo pra reescrever o sinistro e até agora nada. Além disso, a atendente informou que se fosse considerado que eu era a causadora do acidente, eu não receberia o valor de franquia de volta e o terceiro realmente ficaria sem o conserto da moto. Isso não existe!!!

Dia ***** refiz o contato e informaram que enviariam no meu e-mail o documento para rescrever o sinistro e NADA foi enviado.

O terceiro faz constantes contatos, ele está sem a moto pra trabalhar, e a Localiza pede o vídeo do acidente. Sendo que não tem vídeo. Eu não moro na acidente que o acidente ocorreu, já faz 30 dias que tudo aconteceu e estamos nessa. O terceiro tem me pressionado e pedindo retorno, sendo que preciso de um retorno da localiza.

Preciso que seja resolvido, reavaliado. Infelizmente foi um acidente, onde eu ia virar o carro, não vi que ele estava vindo, quando estava virando e vi que ele estava próximo, já não dava mais tempo. Ele bateu na porta do motorista, foi arremessado por cima do carro.

Foi um susto, falei pra ele pra chamar ambulância, mas ele não tinha se machucado gravemente. Ficou mais preocupado com a moto. Me comprometi com ele de acionar o seguro da localiza pra ele poder arrumar a moto e agora vocês se negam.

Pra que serve o seguro então? A Franquia foi paga como me exigiram. Cumpri com todas as minhas obrigações.

Estou indignada com toda essa situação. Localiza sendo uma empresa grande e séria, não fizeram contato até agora pra dar retorno de como vai ficar essa situação.",https://www.reclameaqui.com.br/localiza-aluguel-de-carros/sinistro-seguro-negado-ao-terceiro_R_5Ta8AXPEaJa3U3/,0.0,Sinistro e Acidente
Cobrança abusiva de taxa de cancelamento Reserva *****,RESOLVIDO,São Paulo,SP,"No dia ***** realizei uma reserva de veículo junto à Localiza, sob número *****, para retirada no dia *****.
Ocorre que a própria reserva já foi realizada com menos de 48 horas de antecedência da retirada do veículo, ou seja, em qualquer hipótese eu jamais teria o prazo de 48 horas previsto na política de cancelamento da empresa. Na prática, caso precisasse cancelar após 4 horas da criação da reserva, automaticamente já seria aplicada a multa de 20%, o que considero extremamente abusivo e desproporcional.
No mesmo dia da contratação, em *****, menos de 24 horas após realizar a reserva e sem sequer utilizar o serviço, precisei efetuar o cancelamento. Mesmo assim, fui surpreendido com a cobrança de 20% do valor total da reserva.
Entendo que essa cobrança afronta o Código de Defesa do Consumidor, especialmente considerando que:

* a contratação foi realizada de forma online;
* não houve utilização do veículo;
* a própria empresa disponibilizou uma reserva em que o consumidor nunca teria possibilidade real de cumprir a antecedência mínima de 48 horas exigida pela política de cancelamento.
Além disso, a cláusula acaba colocando o consumidor em manifesta desvantagem excessiva, nos termos do art. 51 do CDC.
Solicito o cancelamento imediato da cobrança da taxa de 20% e eventual estorno de qualquer valor cobrado indevidamente.
Caso não haja solução amigável, irei registrar reclamação junto ao Procon e Consumidor.gov.br, além de avaliar medidas judiciais cabíveis.",https://www.reclameaqui.com.br/localiza-aluguel-de-carros/cobranca-abusiva-de-taxa-de-cancelamento-reserva_fraRy26KgYIZAOLa/,10.0,Problema Financeiro
Meu ***** foi encontrado na Localiza e não o encontram para me devolver,NÃO RESOLVIDO,Mauá,SP,"Olá!
Estou aqui para fazer a reclamação da Localiza, pois esqueci/perdi meu documento dentro de um carro da locadora, na cidade de São José dos Pinhais - PR, o contrato da locação em questão é: *****, e a Localiza entrou em contato comigo por e-mail, no dia 24/04/2026 dizendo o seguinte:

Objetos Esquecidos
OBJETO
*****

STATUS
Encontrado

E pediram para eu retirar na Agência Localiza aqui em Mauá, conforme segue o que copiei e colei do e-mail:

Dados da agência:
AGENCIA CENTRO MAUA - Av *****, *****, *****, Maua, SP *****, Brasil

Horários:
segunda a sexta das 08:00 às 18:00, ou sábado até às 12:00.

Orientação de status - objeto encontrado:
Ficamos felizes que seu(s) objeto(s) tenha(m) sido encontrado(s)!
Agora, precisamos que você ou outro condutor citado em contrato o(s) retire
na agência de devolução o quanto antes.
Horário de funcionamento: de segunda a sexta de 08:00 às 18:00 ou sábado até às 12:00.

Dados da agência:
AGENCIA CENTRO MAUA - Av *****, *****, *****, Maua, SP *****, Brasil

Horários:
segunda a sexta das 08:00 às 18:00, ou sábado até às 12:00.

Orientação de status - objeto encontrado:
Ficamos felizes que seu(s) objeto(s) tenha(m) sido encontrado(s)!
Agora, precisamos que você ou outro condutor citado em contrato o(s) retire
na agência de devolução o quanto antes.
Horário de funcionamento: de segunda a sexta de 08:00 às 18:00 ou sábado até às 12:00.

Já fui 3 vezes à agência citada, cada vez eles têm uma desculpa, da mais recente vez, pediram para eu esperar que eles entrariam em contato, e já faz mais de 10 dias e ninguém entrou em contato. Estou preocupado pois, conforme copiei e colei abaixo, eles dizem que tenho 30 dias pra retiraqr meu *****, ou ele será descartado:

Lembrete
A Localiza não se responsabiliza por objetos deixados no carro ou nas nossas agências. No entanto, sempre que acharmos algum, vamos entrar em contato e manter armazenado em nossas agências por até 30 dias. Ao final desse prazo, vamos descartar o objeto.

Como disse, já fui 3 vezes à Localiza aqui de Mauá - SP, e não tive nenhum retorno, nunca sabem nem o que dizer, pedi 1 número de telefone pra falar em São José dos Pinhais -PR, e eles só tem o 0800 979 2020, mas esse número não consigo falar com ninguém, pois só serve para assuntos referentes à nova locação.

Preciso falar com um ser humano na Localiza. Preciso de um número de algum departamento que encontre meu ***** e mande para mim.

No aguardo;

Admir Uduvic da Silva
*****",https://www.reclameaqui.com.br/localiza-aluguel-de-carros/meu-foi-encontrado-na-localiza-e-nao-o-encontram-para-me-devolver_c5p1xYQP6yFsn2Bw/,0.0,Tempo de Atendimento
Localiza rejeita cliente e dificulta a vida dele,NÃO RESOLVIDO,Curitiba,PR,"Fui cotar um carro para locação na Localiza e o aplicativo alegava que a senha estava incorreta. Quando cliquei na opção de redefinir a senha, apareceu uma outra mensagem, de que meu cadastro estava desatualizado e perguntando se eu gostaria de atualizar. Primeiro tentei a opção ""atualizar depois"", já que estava com pressa e estava certo de que meus dados estavam atualizados, pois desde que aluguei um carro nesta empresa pela última vez, tive nenhuma alteração nos meus dados pessoais. Porém, ao escolher a opção ""atualizar depois"", o sistema voltava para a tela inicial, ficando então num looping, sem saída. Portanto, só restava a opção de atualizar os dados. Clicando em ""atualizar dados"", abriu o WhatsApp da empresa, já preenchendo o meu campo de digitação com a mensagem #PrivacidadePtBr #App. Enviei esta mensagem pronta e o sistema me deu opções de diversos assuntos referentes a locação, menos o de atualizar senha ou efetivamente resolver o problema. Tentei então realizar a reserva pelo WhatsApp da empresa. Preenchi ""[Editado pelo Reclame Aqui]""de dados, escolhi o carro, etc e, no final, apareceu a mensagem que o sistema estava indisponivel e que eu deveria tentar mais tarde novamente. Cansado desta ciranda, fiz uma avaliação de 1 estrela do aplicativo no Google Play, o que gerou quase que de imediato um contato por parte do WhatsApp da Localiza - Fidelidade. A atendente foi muito solícita, pediu meus dados, etc para, no fim, dizer que tudo estava dando errado porque meu cadastro não estava aprovado. Pedi mais explicações, pois não entendi como isso é possível já que alugo com a Localiza desde *****. Ela me esclareceu que era um procedimento automático, feito em cada tentativa de locação, e que atualmente não estou aprovado para alugar um carro com eles e que poderia tentar novamente daqui a ***** dias.
Honestamente não me importo se a Localiza não me quer como cliente, apesar de achar injusto. O que me incomoda é fazer eu perder todo este tempo, com história de senha incorreta, me enviar para o WhatsApp sem nenhum sentido, etc. Podia ter uma mensagem mais assertiva logo na tentativa inicial, sem rodeios.",https://www.reclameaqui.com.br/localiza-aluguel-de-carros/localiza-rejeita-cliente-e-dificulta-a-vida-dele_ZgijTPWLjZUI8mef/,0.0,Falha no App / Reserva
Estorno Não Realizado,RESOLVIDO,Ubá,MG,"Prezados (as),

Gostaria de um retorno do estorno referente ao contato ***** no qual não foi realizado até a presente data (*****).

Att,",https://www.reclameaqui.com.br/localiza-aluguel-de-carros/estorno-nao-realizado__ZW6yhhCmR6RWO4w/,5.0,Problema Financeiro
Cobrança indevida de lavagem adicional após devolução de carro alugado - Contrato *****,RESOLVIDO,Ribeirão Preto,SP,"bom dia aluguei um carro na Localiza CONTRATO ***** e paguei R$ 327,00 por uma diária com lavagem incluída. Após devolução do carro quiseram me cobrar uma Lavagem Especial por mais R$ 150,00 e adicional de 15% da diária. Entrei em contato com o Suporte de Pós vendas e me enviaram as fotos para justificar a cobrança abusiva de R$ 150,00 + adicional de 15%. Um tapete de plástico sujo. somente ver anexo.
Sou cliente da Localiza a muito tempo e esse tipo de atitude somente espanta o cliente.
Espero que seja cancelada essa cobrança indevida.

Grato, *****",https://www.reclameaqui.com.br/localiza-aluguel-de-carros/cobranca-indevida-de-lavagem-adicional-apos-devolucao-de-carro-alugado-contrato_-EWvlLCjjUvIjnPN/,7.0,Problema Financeiro
Recusa em alugar carro e cobrança indevida após análise financeira negativa,NÃO RESOLVIDO,São Bernardo do Campo,SP,"Fiz a reserva pelo site para buscar o carro em outra cidade (perto de onde eu iria passar a semana). Cheguei lá fiz todo o processo e de cadastro e no final falaram que fui recusado na análise financeira, não pude realizar o pagamento e falaram que não havia o que fazer e que o motorista que coloquei como adicional também estava bloqueado, ou seja, não conseguimos fazer reserva nenhuma. Até aí tudo bem (dependendo do ponto de vista), mas o [Editado pelo Reclame Aqui] foi depois de 5 dias, no final da minha viagem vem uma cobrança de R$234,61 sendo que eles falaram que não haveria taxa, pois fomos recusados na análise de crédito. Então para pagar taxa eu sou aceito na análise, para alugar o carro não!",https://www.reclameaqui.com.br/localiza-aluguel-de-carros/recusa-em-alugar-carro-e-cobranca-indevida-apos-analise-financeira-negativa_DGtm7CzfScJNFHMf/,8.0,Problema Financeiro
Cobrança duplicada e falha no estorno do valor integral em aluguel de carro pela Localiza,NÃO RESOLVIDO,Rio de Janeiro,RJ,"Prezados,

Um resumo do caso a ser esclarecido:
Me chamo ***** (CPF: *****) e no dia 12/01/2026 eu, minha companheira e um casal de amigos planejamos uma viagem e nos dirigimos até a Agência da Localiza no Shopping Carioca em Vicente de Carvalho, Rio de Janeiro, para realizar o aluguel de um automóvel. Como eu não tenho carteira de motorista preferi que fosse realizado no cadastro do meu amigo ***** (CPF: *****). No momento do pagamento via aplicativo ocorreu um equívoco no pagamento e o valor do aluguel foi feito de maneira integral (R$ 1.830,34), então solicitamos o estorno do valor e que fosse cobrado o valor parcelado sem juros, o que não ocorreu naquele dia por problemas no sistema, ficando acordado então que quando retornássemos faríamos o pagamento.
No mesmo dia (12/01) o estorno foi feito, conforme print, já o pagamento parcelado foi feito no dia 19/01 de forma presencial (data da entrega do veículo), também conforme print. Porém no dia 22/01 ocorreu uma nova cobrança do mesmo valor, sem minha autorização. Essa cobrança não foi notada de imediato. A partir do conhecimento da cobrança, meu amigo foi presencialmente na agência e relatou sobre o ocorrido e foi orientado que nesse caso entrasse em contato com o setor financeiro da empresa (somente por telefone), pois na agência não havia autonomia para fazê-lo. Após diversos contatos telefônicos e prazos ofertados, de 15 dias,10 dias, 5 dias, 3 dias .. não houve qualquer solução sobre o caso e agora entro em contato com para que intermedeiem, já que efetuei o pagamento da duplicata de forma integral e a empresa ainda não resolveu este imbróglio, ultrapassando até mesmo os 90 dias que o cartão de crédito oferece para solução.

Já fiz uma reclamação no PROCON-RJ também.
Agradeço desde já e fico à disposição para demais esclarecimentos.",https://www.reclameaqui.com.br/localiza-aluguel-de-carros/cobranca-duplicada-e-falha-no-estorno-do-valor-integral-em-aluguel-de-carro-pela-localiza__eO4Rwf-nSVVS-ap/,5.0,Problema Financeiro
Cobrança abusiva e múltiplas negativações indevidas no *****,NÃO RESOLVIDO,Madre de Deus,BA,"Venho requerer a imediata regularização das anotações restritivas realizadas em meu *****, tendo em vista que a empresa mantém múltiplas negativações derivadas do mesmo contrato/origem obrigacional.

Embora possam existir parcelas vencidas, trata-se de uma única relação contratual, sendo abusiva a fragmentação da dívida em diversas inscrições autônomas, prática que amplia artificialmente os impactos negativos ao consumidor e viola os princípios da proporcionalidade, boa-fé objetiva e função informativa do cadastro restritivo.

A manutenção de 8 apontamentos vinculados ao mesmo contrato configura excesso e abuso de direito, especialmente por gerar agravamento indevido do score de crédito e constrangimento desproporcional.

Dessa forma, REQUEIRO:

1. A exclusão das negativações múltiplas e repetitivas;
2. A manutenção de apenas um único apontamento consolidado, contendo o valor global atualizado da obrigação;
3. O envio do demonstrativo detalhado do contrato que originou as inscrições;
4. A confirmação formal da regularização no prazo legal.

Advirto que a persistência da prática poderá ensejar medidas administrativas e judiciais, incluindo pedido de obrigação de fazer cumulada com indenização por danos morais, diante do caráter excessivo e abusivo da negativação pulverizada.",https://www.reclameaqui.com.br/localiza-aluguel-de-carros/cobranca-abusiva-e-multiplas-negativacoes-indevidas-no_UytcK7IWI5r47m8U/,0.0,Sinistro e Acidente
"Insatisfação com processo de locação de veículos da Localiza: reserva confirmada, mas locação negada na retirada sem justificativa clara.",NÃO RESOLVIDO,Porto Alegre,RS,"Venho por meio desta registrar minha insatisfação com a conduta adotada pela empresa Localiza em relação ao processo de locação de veículos.

Realizei reserva de veículo por meio dos canais oficiais da empresa, a qual foi devidamente confirmada, gerando expectativa legítima de contratação e utilização do serviço. No entanto, ao comparecer presencialmente à loja para retirada do veículo, fui surpreendido com a informação de que não seria possível concluir a locação, sob a alegação genérica de análise interna da loja.

Ocorre que:

Não foi apresentado qualquer critério objetivo que justificasse a recusa;
Não houve transparência quanto aos motivos da negativa;
A restrição só foi informada no momento da retirada, gerando prejuízos de tempo, deslocamento e planejamento;
A empresa não disponibiliza previamente ao consumidor quais são os requisitos impeditivos, o que fere os princípios básicos do Código de Defesa do Consumidor, especialmente o da informação clara e adequada (art. 6, III, CDC).

Tal prática configura, no mínimo, falha na prestação de serviço e possível conduta abusiva, uma vez que a empresa confirma a reserva, mas na etapa final impede a concretização do contrato sem justificativa concreta e verificável.

Ressalto que não se trata de um caso isolado, pois a situação já ocorreu mais de uma vez, demonstrando um padrão de comportamento que causa insegurança e constrangimento ao consumidor.

Diante disso, solicito:

Esclarecimento formal e detalhado sobre os critérios utilizados para reprovação na análise cadastral;
Informação objetiva sobre eventual restrição vinculada ao meu *****, possibilitando meu direito de defesa e regularização, se for o caso;
Revisão dessa política interna, a fim de evitar que outros consumidores passem pela mesma situação;
Caso não haja impedimento legal ou contratual legítimo, que seja viabilizada a locação de forma regular.

Aguardo retorno com a devida transparência e solução do problema.",https://www.reclameaqui.com.br/localiza-aluguel-de-carros/insatisfacao-com-processo-de-locacao-de-veiculos-da-localiza-reserva-confirmada-mas-locacao-negada-na-retirada-sem-justificativa-clara_2r4W74i30sAkQKE4/,0.0,Bloqueio de Cadastro
Cancelamento de cadastro após aprovação e impossibilidade de alugar carro,NÃO RESOLVIDO,São Paulo,SP,"Fiz todo meu cadastro, coloquei minha ***** cartão de crédito aprovado, porém logo em seguido cancelaram e não me deixaram alugar o carro fiz o contato com a central da locadora e me disseram que eu só posso tentar daqui 180 dias uma nova análise !! Porém eu já havia conseguido e cancelaram perdi uma viagem paga com planos e me fizeram essa vergonha.",https://www.reclameaqui.com.br/localiza-aluguel-de-carros/cancelamento-de-cadastro-apos-aprovacao-e-impossibilidade-de-alugar-carro_3QVuGQltVtMRxI-p/,0.0,Problema Financeiro
Cadastro bloqueado indevidamente e suspeita de [Editado pelo Reclame Aqui],NÃO RESOLVIDO,Niterói,RJ,"A loja não tem explicação para que meu cadrasto esteja bloqueado por 2 anos , sem ao menos ter alugado carro na vida com eles . Senti [Editado pelo Reclame Aqui] pela minha raça! Pois sou da [Editado pelo Reclame Aqui]",https://www.reclameaqui.com.br/localiza-aluguel-de-carros/cadastro-bloqueado-indevidamente-e-suspeita-de-editado-pelo-reclame-aqui_cd3LjMQAhpasGk4e/,3.0,Bloqueio de Cadastro
Cadastro bloqueado há mais de 1 ano impede transferência de pontos.,NÃO RESOLVIDO,Vitória,ES,Meu cadastro está bloqueado a mais de 1 ano sem motivo. Tenho pontos lá e quero fazer a transferência para outra pessoa,https://www.reclameaqui.com.br/localiza-aluguel-de-carros/cadastro-bloqueado-ha-mais-de-1-ano-impede-transferencia-de-pontos_Xv7g8gTkJDleDOjT/,0.0,Bloqueio de Cadastro
Bloqueio Injustificado de Perfil de Cliente na Localiza - Exigência de Revisão Urgente,RESOLVIDO,Deodápolis,MS,"Equipe da Localiza,
Venho manifestar minha profunda insatisfação com o bloqueio repentino e injustificado do meu perfil de cliente (Código *****), ocorrido justamente no momento em que necessito do veículo para meus compromissos. Gostaria de ressaltar que realizei uma locação com vocês no mês passado sem qualquer tipo de intercorrência.
Além disso, reforço que: Meu score de crédito está perfeitamente regularizado e saudável ;Não possuo nenhuma restrição financeira ou negativação em meu *****; Meus dados cadastrais, bancários e de contato permanecem exatamente os mesmos, sem qualquer alteração nos últimos 6 meses.
A recusa automática gerada pelo algoritmo sistêmico de vocês falhou gravemente no meu caso, inviabilizando o aluguel para um cliente que cumpre com todas as obrigações e possui histórico recente positivo com a empresa. A mensagem de que preciso aguardar 180 dias para uma nova análise é inaceitável diante deste cenário de regularidade.
Diante do exposto, exijo uma revisão manual urgente do meu cadastro por parte da equipe de segurança e compliance da Localiza, com a devida liberação do meu perfil para novas reservas.

Aguardo o retorno com a solução do problema o quanto antes.",https://www.reclameaqui.com.br/localiza-aluguel-de-carros/bloqueio-injustificado-de-perfil-de-cliente-na-localiza-exigencia-de-revisao-urgente_vr8GwsUlBzEsDjAe/,5.0,Problema Financeiro
"Cobrança de limpeza especial indevida mesmo com o serviço ""limpeza garantida"" contratado.",RESOLVIDO,Rio de Janeiro,RJ,"Sou cliente a muitos anos da localiza(Hj chamado cliente Gold) de ***** alugando desde 2018 quando necessário,porém nesta última reserva fui pego de surpresa com uma cobrança de"" limpeza especial por conta do excesso de areia ""(o que na minha visão não dava 50g de areia,pois era areia de solado de calçado ) eu já tinhaa pago ""limpeza garantida 40 off"", no balcão antes da entrega das chaves foi dito , vômito,pelos de animais excesso de areia(excesso este seria considerado o que ?) o rapaz me deu a opção de eu aspirar o carro e que não podia fazer nada mas quando eu peguei o carro com a macha enorme no banco ninguém considerou a ""limpeza especial"" no aluguel anterior ,eu já havia deixado alugado anteriormente o mesmo veículo alugado para a semana seguinte mas depois deste desgosto achei melhor mudar A locadora e ir para ***** fazer outras tentativas de aluguel pois se pego de surpresa Asim é muito ruim ,paguei os valores devidos claro !Que na próxima para com outros clientes sejam mais claros",https://www.reclameaqui.com.br/localiza-aluguel-de-carros/cobranca-de-limpeza-especial-indevida-mesmo-com-o-servico-limpeza-garantida-contratado_ck4YcqeNNrYW7_0s/,9.0,Problema Financeiro
Cobrança indevida e [Editado pelo Reclame Aqui] em retirada de veículo com pontos,RESOLVIDO,Uberlândia,MG,"[Editado pelo Reclame Aqui]

Realizei uma retirada de veículo no dia *****, na modalidade digital, utilizando meus pontos para cobrir 1 diária. Porém, ontem, ao devolver o carro, a atendente da Localiza informou que não havia pontos suficientes no sistema.

Entretanto, eu possuía saldo disponível de ***** pontos, e o desconto de ***** pontos foi efetuado normalmente no meu aplicativo no dia ***** às *****, comprovando que havia saldo suficiente para abatimento da diária.

Além disso, fui [Editado pelo Reclame Aqui] durante o atendimento, pois a vendedora não teve o devido cuidado em verificar corretamente a situação e tratou meu caso com [Editado pelo Reclame Aqui], causando [Editado pelo Reclame Aqui] e [Editado pelo Reclame Aqui].

Dessa forma, solicito uma solução imediata para o ocorrido, considerando que os anexos e o próprio aplicativo comprovam que estou correto.

Endereço da unidade:
Rotatória *****, S/N - Alto Umuarama, Uberlândia - MG, CEP *****.",https://www.reclameaqui.com.br/localiza-aluguel-de-carros/cobranca-indevida-e-editado-pelo-reclame-aqui-em-retirada-de-veiculo-com-pontos_D0n5Ca5ZJQElTVbW/,10.0,Problema Financeiro
Solicitação de revisão de cobranca e estorno integral por direito de arrependimento - Locacao de Veiculo,RESOLVIDO,Vila Velha,ES,"SOLICITAÇÃO DE REVISÃO DE COBRANÇA E ESTORNO INTEGRAL EXERCÍCIO DO DIREITO DE ARREPENDIMENTO (ART. 49 DO CDC)
Prezados,
Venho, por meio desta reclamação, registrar formalmente minha insatisfação e requerer a revisão da cobrança realizada pela empresa Localiza Rent a Car S/A, referente ao cancelamento de reserva efetuada por aplicativo, bem como solicitar o estorno integral do valor cobrado, diante da evidente aplicação do direito de arrependimento previsto no art. 49 do Código de Defesa do Consumidor.
DOS FATOS
No dia *****, às *****, realizei, por meio do aplicativo da Localiza, uma reserva de veículo modelo Mobi, destinada a uma viagem de trabalho.
A reserva inicial possuía as seguintes informações:
Agência de retirada: *****
Data da retirada: *****
Horário: *****
Posteriormente, no dia *****, por volta das *****, surgiu a necessidade de alteração da data e do horário da reserva originalmente contratada. Entretanto, o próprio aplicativo da empresa não disponibilizava funcionalidade que permitisse realizar a modificação necessária.
Diante da impossibilidade técnica de alteração da reserva já existente, fui obrigado a efetuar uma nova contratação e, consequentemente, cancelar a reserva anterior, o que ocorreu às ***** do mesmo dia.
A nova reserva foi realizada com os seguintes dados:
Agência: *****
Endereço: Av. *****, n *****, *****, Vila Velha/ES
Data de retirada: *****
Horário: *****
Agência de devolução: *****
Endereço: Av. *****, n *****, *****, Vila Velha/ES
Data de devolução: *****
Horário: *****
Importante destacar que o cancelamento da primeira reserva ocorreu aproximadamente 35 horas após a contratação, ou seja, dentro do prazo legal de 7 (sete) dias previsto no art. 49 do Código de Defesa do Consumidor, aplicável às contratações realizadas fora do estabelecimento comercial, incluindo aquelas efetuadas por meio digital/aplicativo.
DAS TENTATIVAS DE RESOLUÇÃO ADMINISTRATIVA
No dia *****, entrei em contato com o WhatsApp oficial da Localiza solicitando o estorno do valor cobrado em razão do cancelamento da reserva. Na ocasião, fui informado de que seria aberta solicitação interna para análise do caso e possível restituição.
Posteriormente, em *****, às *****, recebi resposta da atendente Camila, informando que a cobrança seria mantida sob alegação de que o cancelamento não ocorreu com antecedência mínima de 48 horas, conforme cláusula contratual da empresa.
Em resposta encaminhada no mesmo dia, às *****, esclareci que:
1. A contratação ocorreu por meio digital, caracterizando relação de consumo fora do estabelecimento comercial;
2. O cancelamento foi realizado dentro do prazo de 7 dias previsto no art. 49 do CDC;
3. O serviço não foi utilizado em nenhum momento;
4. Cláusulas contratuais internas não podem se sobrepor à legislação consumerista.
Ainda assim, em *****, às *****, recebi novo retorno alegando que a cobrança seria válida em razão de suposto no-show e da política contratual da empresa.
Todavia, tal justificativa não se aplica ao caso concreto.
DA INEXISTÊNCIA DE NO-SHOW
Em nenhum momento houve ausência injustificada para retirada do veículo.
A reserva foi devidamente cancelada antes da data agendada para retirada, especificamente em *****, enquanto a retirada ocorreria apenas em *****.
Portanto, não há qualquer fundamento para enquadramento da situação como no-show, uma vez que:
Houve cancelamento formal e prévio da reserva;
O consumidor comunicou previamente a desistência;
Não houve comparecimento frustrado à agência;
Não houve utilização do serviço contratado;
Não houve ocupação indevida do veículo após o cancelamento.
DO DIREITO DE ARREPENDIMENTO ART. 49 DO CDC
A contratação foi realizada integralmente por meio digital, através de aplicativo, configurando tí[Editado pelo Reclame Aqui] relação de consumo fora do estabelecimento comercial, hipótese expressamente abrangida pelo art. 49 do Código de Defesa do Consumidor, que dispõe:
O consumidor pode desistir do contrato, no prazo de 7 dias a contar de sua assinatura ou do ato de recebimento do produto ou serviço, sempre que a contratação de fornecimento de produtos e serviços ocorrer fora do estabelecimento comercial, especialmente por telefone ou a domicílio.
No presente caso:
A contratação ocorreu em *****;
O cancelamento ocorreu em *****;
O prazo legal de 7 dias foi integralmente respeitado;
O serviço sequer foi iniciado;
O veículo não foi retirado;
Não houve fruição do serviço contratado.
Assim, resta evidente o exercício regular do direito de arrependimento pelo consumidor.
Ressalta-se, ainda, que políticas internas de cancelamento ou cláusulas contratuais que restrinjam direitos assegurados pelo Código de Defesa do Consumidor são consideradas abusivas e nulas de pleno direito, nos termos do art. 51, IV, do CDC.
DA BOA-FÉ DO CONSUMIDOR
Também merece destaque o fato de eu ser cliente recorrente da Localiza, realizando reservas com frequência, sempre comparecendo às retiradas dos veículos, efetuando regularmente os pagamentos das locações e jamais causando qualquer tipo de avaria, inadimplência ou transtorno à empresa.
Portanto, causa profunda insatisfação perceber que meu caso vem sendo tratado como se houvesse irresponsabilidade, má-fé ou utilização indevida do sistema de reservas, o que absolutamente não corresponde ao meu histórico como consumidor.
Importante destacar que a necessidade de cancelamento decorreu exclusivamente da impossibilidade de alteração da reserva pelo próprio aplicativo da empresa, situação que me obrigou a realizar nova contratação.
DO PEDIDO
Diante de todo o exposto, requer:
O reconhecimento da aplicação do art. 49 do Código de Defesa do Consumidor;
A revisão da cobrança realizada;
O estorno integral do valor cobrado indevidamente;
A solução amigável e administrativa da demanda;
O encerramento da controvérsia sem necessidade de judicialização.
Ressalto que todas as tentativas de resolução administrativa foram realizadas de forma respeitosa, colaborativa e pacífica, porém a empresa limitou-se a reproduzir cláusulas contratuais internas sem enfrentar adequadamente a incidência da legislação consumerista no caso concreto.
Dessa forma, solicito a intervenção deste órgão de defesa do consumidor para mediação e resolução da presente demanda.
Nestes termos,
aguardo providências.
Atenciosamente,
*****
Assistente Social CRESS *****/ES
Contato: *****",https://www.reclameaqui.com.br/localiza-aluguel-de-carros/solicitacao-de-revisao-de-cobranca-e-estorno-integral-por-direito-de-arrependimento-locacao-de-veiculo_LRHZ7UhBHsNNFe6Q/,10.0,Sinistro e Acidente
Cobrança de taxa de cancelamento,RESOLVIDO,Itu,SP,"Prezados, boa noite

Sou cliente da localiza há vários anos e já fiz inúmeras viagens com a agência. Estou precisando de ajuda em uma situação recente: fiz uma reserva para terça feira (12) para uma viagem que iria realizar, mas aconteceu um contratempo de última hora e precisei cancelar a reserva. Atentei para que nao ultrapassasse o prazo de 24 horas, mas fiquei sabendo que recentemente o prazo de cancelamento aumentou para 48 horas e acabou gerando uma cobrança. Peço que me ajudem com a resolução do problema, levando em consideração que não foi ma fé minha em momento algum, sou cliente Platinum, já fiz várias viagens com vocês e só tenho elogios quanto ao atendimento e qualidade do serviço, estou com uma reserva para o final de semana inclusive. Agradeço desde já .",https://www.reclameaqui.com.br/localiza-aluguel-de-carros/cobranca-de-taxa-de-cancelamento_gNYQG35RQpqQwXql/,10.0,Problema Financeiro
Não estou recebendo pontos,RESOLVIDO,Curitiba,PR,"Olá sou cliente localiza platinum, sempre pago minhas locações em pix e nas últimas 4 locações não recebi os pontos promocionais utilizando o meio de pagamento pix, 300 pontos por locação.",https://www.reclameaqui.com.br/localiza-aluguel-de-carros/nao-estou-recebendo-pontos_K6QmMy1pljVSLjAy/,10.0,Outros
"Localiza: Veículo alugado destrói moto estacionada, cliente foge e empresa se nega a indenizar.",RESOLVIDO,Rio de Janeiro,RJ,"Um véiculo da Localiza com a placa ***** destruiu a minha moto que estava estacionada no lugar destinado a motocicletas. Esse grave acidente ocorreu na madrugada da segunda-feira ***** as ***** da manhã, no *****, no bairro de *****. O cliente Localiza fugiu do local e abandonou o carro alugado sem acionar nenhuma assistencia e até hoje não se entregou ou voltou para alguma agencia Localiza para registar o accidente. O carro da Localiza ficou 8 horas no local e teve reboque mas deixaram a minha moto toda destruida no local, sem providenciar assistencia nenhuma. Estou até hoje sem retorno da empresa, estou ligando todo dia para obter uma atualização sobre o sinistro, e aguardando a minha indenização para poder comprar uma moto nova. Cada ligação ou contato com a empresa resulta em nada, a Localiza está me enrolando, usando o motivo que o cliente Localiza tem que se apresentar e fazer o registro do accidente, para poder seguir com o processo de indenização. O cliente fugiu, era de outro estado, e nunca vai se entregar, pois o prejuizo é do carro alugado (onix prata, modelo de 2026), da minha moto CG160 FAN da Honda nova de 6 meses de uso (modelo 2025) e de uma moto esportiva Ninja Kawasaki de 2022 sendo do meu vizinho (totalmente destruida também). Estou indignada com a falta de assistencia da empresa nessa situação, sendo o proprietario do veiculo que causou o accidente. Estou há 4 dias sem nenhum retorno e nenhum veiculo. A empresa ainda fala que sem o registro do acidente pelo cliente, eles não vão poder seguir com a minha indenização. Estou com todas as provas necessarias, incluindo o video registrando a batida pela camera de segurança da entrada da vila onde eu moro, para processar a empresa. Eu preciso e peço um retorno mais breve possivel, no caso contrario esse caso será colocado nas mãos da justiça.",https://www.reclameaqui.com.br/localiza-aluguel-de-carros/localiza-veiculo-alugado-destroi-moto-estacionada-cliente-foge-e-empresa-se-nega-a-indenizar_C4MZF5dn-3zrquVu/,5.0,Sinistro e Acidente
Localiza: Devolução de veículo marcada como pendente no sistema apesar de entregue dentro do prazo e com vistoria aprovada,RESOLVIDO,Lauro de Freitas,BA,"Em 06/05/2026 aluguei na Localiza o automóvel *****, vermelho, Placa *****, retirei no Aeroporto Internacional Afonso Pena de Pinhais.
O carro foi devolvido no dia ***** às 14:24 e também conforme consta no App / Minhas Reservas, inclusive algumas horas antes do prazo acordado do contrato que era às 18:00).
Saí de lá depois de tudo correto na vistoria e a atendente informou que iria finalizar o sistema e me enviar a finalização do contrato por e-mail, mas não recebi esse e-mail até o presente momento.
Ao acessar minha conta no App da Localiza, consta como DEVOLUÇÃO PENDENTE.
Ao clicar no meu perfil, aparece a data de devolução correta.
Abri no App da Localiza o Protocolo nr *****, onde consta concluído e com a data da devolução do carro correta.
Solicito a correção das informações no sistema da Localiza, pois não há pendências nem atrasos!
*****
CPF: *****
*****
E-mail: *****",https://www.reclameaqui.com.br/localiza-aluguel-de-carros/localiza-devolucao-de-veiculo-marcada-como-pendente-no-sistema-apesar-de-entregue-dentro-do-prazo-e-com-vistoria-aprovada__rWAg58wXuLw12um/,10.0,Falha no App / Reserva
Erro no cadastro de cartão de crédito impede regularização de pendência na *****,NÃO RESOLVIDO,São Paulo,SP,"Estou enfrentando um problema sério com o sistema da *****. Não consigo cadastrar meu cartão de crédito no aplicativo/site, o que está me impedindo de regularizar uma pendência.

Mesmo tentando várias vezes, o sistema apresenta erro e não conclui o cadastro do cartão. Já entrei em contato com o atendimento e fui informado que houve tentativas de cobrança automáticas que falharam justamente por conta desse problema no cartão ou seja, um erro do próprio sistema está me impedindo de pagar.

O mais preocupante é que fui informado que, caso não seja feito o pagamento, será gerado boleto ou outras medidas, sendo que estou tentando resolver e não consigo por falha da plataforma.

Preciso de uma solução urgente para:

Conseguir cadastrar meu cartão sem erro

Regularizar o pagamento pendente

Evitar qualquer cobrança indevida ou prejuízo por um problema que não foi causado por mim

Aguardo um retorno rápido com a solução definitiva, pois estou sendo prejudicado por uma falha que foge do meu controle.",https://www.reclameaqui.com.br/localiza-aluguel-de-carros/erro-no-cadastro-de-cartao-de-credito-impede-regularizacao-de-pendencia-na_miePhWDuAAO6vWdf/,5.0,Problema Financeiro
Localiza cobra multa por veículo sem licenciamento e cliente exige cancelamento e responsabilidade da locadora,NÃO RESOLVIDO,Valinhos,SP,"Olá,
Eu e meu marido alugamos um veículo junto à Localiza no período de 17/04 a 20/04. Para nossa surpresa, recebemos hoje uma notificação de multa no valor de R$ 308,15, referente a uma infração gravíssima (7 pontos) por ""conduzir veículo sem licenciamento"".
Gostaria de registrar minha total indignação, uma vez que a responsabilidade pela regularização documental do veículo, incluindo o licenciamento anual, é EXCLUSIVA do proprietário, conforme determina o Artigo 257, 2 do Código de Trânsito Brasileiro (CTB): ""Ao proprietário caberá sempre a responsabilidade pela infração referente à prévia regularização e preenchimento das formalidades e condições exigidas para o trânsito do veículo"".
É inadmissível que a Localiza entregue um veículo em situação irregular para o cliente e, após a autuação, tente repassar a pontuação e o valor da multa para o condutor. Trata-se de uma falha administrativa grave da locadora que não pode gerar prejuízos ao prontuário da CNH do meu marido.
Diante disso, exijo:
O cancelamento imediato de qualquer indicação de condutor enviada ao órgão de trânsito, garantindo que os 7 pontos NÃO sejam computados na CNH,
O cancelamento da cobrança do valor da multa (R$ 308,15) e de qualquer taxa de conveniência/serviço relacionada a esta infração;
A confirmação por escrito de que a Localiza assumirá a responsabilidade integral por esta autuação administrativa.
Aguardo um retorno urgente, dado que os prazos para defesa prévia junto ao órgão de trânsito estão correndo.",https://www.reclameaqui.com.br/localiza-aluguel-de-carros/localiza-cobra-multa-por-veiculo-sem-licenciamento-e-cliente-exige-cancelamento-e-responsabilidade-da-locadora_6P7CJhvvwePCvyux/,0.0,Problema Financeiro
Insatisfação com a condução de sinistro e negativa de responsabilidade pela Localiza,NÃO RESOLVIDO,São Paulo,SP,"Venho manifestar minha insatisfação com a condução do sinistro de protocolo n ***** pela Localiza.

Sofri uma colisão traseira causada pelo veículo locado de placa *****, FIAT MOBI PRATA. Após buscar resolução administrativa junto à empresa, fui informado oficialmente de que a Localiza não reconhece responsabilidade pelo ocorrido.

O que mais causa estranheza é que, segundo a própria atendente do canal de atendimento, a comprovação da responsabilidade somente seria possível mediante apresentação de vídeo do momento do acidente, desconsiderando outros meios de prova normalmente aceitos, como fotos, dinâmica da colisão, boletim de ocorrência e demais elementos relacionados ao acidente.

Além do transtorno causado pela colisão, houve demora e dificuldade no atendimento, sem uma análise clara e transparente dos fatos apresentados.

Solicitei, inclusive, documento formal contendo a negativa de ressarcimento e os fundamentos utilizados pela empresa para recusar a responsabilidade pelos danos materiais sofridos.

Registro aqui minha reclamação pela postura adotada pela Localiza diante do caso e aguardo uma solução adequada, transparente e compatível com a situação apresentada.",https://www.reclameaqui.com.br/localiza-aluguel-de-carros/insatisfacao-com-a-conducao-de-sinistro-e-negativa-de-responsabilidade-pela-localiza_MBWkkBqi1MRxIstG/,3.0,Sinistro e Acidente
"Cancelamento de Reserva Localiza com Multa de R$221,00 Apesar de 40h de Antecedência e Histórico Platinum",RESOLVIDO,Rio de Janeiro,RJ,"Localiza deixando o Cliente em Segundo Plano e o Dinheiro em Primeiro Plano, Tinha uma Reserva para o Dia 16/05 as 2:30am e por Motivos de problemas Familiar fui obrigado a cancelar A Reserva com 40 horas de antecedência, foi gerado uma Multa de Cancelamento no Valor de *****, eu entrei em Contato com a Central de Suporte ao Cliente Localiza e fui informado de que o Dinheiro é o foco Principal da Localiza e não tem essa possibilidade de Cancelamento da Taxa, Fiquei Multo Desapontado Com A Localiza, Lembrando Que Sou Cliente Platinum Localiza e Tenho um excelente Relacionamento com A Mesma, inclusive Tenho Outra Reserva para o Mês De Setembro, mas diante do Acontecido Já Estou pesquisando Valores Na Concorrência.",https://www.reclameaqui.com.br/localiza-aluguel-de-carros/cancelamento-de-reserva-localiza-com-multa-de-r22100-apesar-de-40h-de-antecedencia-e-historico-platinum_UQ2n01KCPJFi9uOu/,10.0,Falha no App / Reserva
"Bloqueio indevido no serviço de veículo reserva da Localiza Meeo, impedindo o acesso após [Editado pelo Reclame Aqui] do veículo principal.",NÃO RESOLVIDO,Campinas,SP,"TEMOS UM VEICULO QUE É DE ASSINATURA PELA *****, EM NOSSO CONTRATO PAGAMOS A MAIS PARA TER VEICULO RESERVA EM CASO DE IMPREVISTOS, INCLUSIVE JA OCORREOU EM OUTRAS OPORTUNIDADES E EM TODAS ELAS FAZEM DE TUDO PARA DIFICULTAR O ACESSO DESTE SERVIÇO, EM TODAS ELAS É UM JOGO DE EMPURRA DE ***** E *****, NA PRIMEIRA VEZ PEDIRAM PARA QUE A RETIRADA DO VEICULO RESERVA ATRAVÉS DE OUTRA CNH QUE ATÉ RECENTEMENTE ESTAVA EM MINHA CNH. O SUSTO QUE ACONTECEU DA ULTIMA VEZ ONDE NOSSO VEICULO DE CONTRATO SOFREU UM ACIDENTE ONDE FICARA PARADO POR UM PERIODO LONGO. JA ESTAVA COM VEICULO RESERVA E NO DIA 06/05/2026 CHEGOU EM CASA APÓS DEIXAR MINHA ESPOSA EM SEU TRABALHO DEIXO O VEICULO ESTACIONADO NA RUA EM FRENTE DE CASA, ISSO PERTO DAS 11:00 E ENTRO PARA TRABALHAR HOME OFFICE, MEU SUSTO FOI QUANDO SAI PARA BUSCAR ELA NO TRABALHO PERTO DAS 21:00 O VEICULO JA NÃO ESTAVA MAIS, CLARO FIZ O BOLETIN DE OCORRENCIA DE [Editado pelo Reclame Aqui] POIS NINGUEM ENTROU EM CONTATO ANTES AVISANDO QUE ESTAVAM EM FRENTE DE CASA, INCLUSIVE ESTOU COM A CHAVE DO VEICULO COMIGO. DEPOIS DE FICARMOS LOUCOS AVISARAM QUE RECOLHERAM O VEICULO E QUE ISSO É NORMAL, DISSERAM QUE O DEPARTAMENTO DE ***** FAZ UMA ANALISE DO CADASTRO DE TODOS OS CLIENTES E QUE EU ESTOU BLOQUEADO PARA ESTE SERVIÇO, UMA SITUAÇÃO NOVA POIS NÃO SOMOS NÓS QUE PAGAMOS A LOCAÇÃO PARA A ***** MAS SIM A ***** POIS NÓS PAGAMOS ISSO EM CONTRATO. O QUE PRECISAMOS É QUE RETIREM ESTE BLOQUEIO E QUE IMEDIATAMENTE LIBEREM MEU CPF PARA ESTE SERVIÇO DE LOCAÇÃO. O CONTRATO DA LOCALIZA MEU ESTE EM NOME DE MINHA ESPOSA ***** CPF ***** ISSO NO LOZALIZA MEEO, JA O MEU CPF ***** ESTA NO CADASTRO DA *****. SEGUE ANEXO O B.O.",https://www.reclameaqui.com.br/localiza-aluguel-de-carros/bloqueio-indevido-no-servico-de-veiculo-reserva-da-localiza-meeo-impedindo-o-acesso-apos-do-veiculo-principal_cbDZP9ppvg3fZMq7/,0.0,Sinistro e Acidente
"Imprevisto na viagem impede alteração de data no app da Localiza, resultando em cobrança indevida após cancelamento.",RESOLVIDO,Sumaré,SP,"Olá, fiz uma reserva no app da localiza mas tive um imprevisto com a viagem e tive que alterar a data da locação, a locação estava agendada para sexta feira dia ***** e eu tentei na quarta feira dia ***** alterar a data da locação mas o app não permitiu fazer essa alteração sem fazer o cancelamento, e culminou que tive de fazer o cancelamento da reserva, só que o problema foi que foi cobrado uma taxa de mais de 90,00 reais e eu não estou de acordo pois tentei alterar a data da reserva e não consegui no app , quero que seja devolvido meu dinheiro pois sou cliente a muito tempo e nunca tive esse tipo de transtorno, fico no aguardo da resolução do ocorrido e espero retornar ao reclame aqui , falando que a localiza resolveu o meu problema e retirar minha reclamação.",https://www.reclameaqui.com.br/localiza-aluguel-de-carros/imprevisto-na-viagem-impede-alteracao-de-data-no-app-da-localiza-resultando-em-cobranca-indevida-apos-cancelamento__tWOpCxV-Rg87_xR/,10.0,Problema Financeiro
Cadastro Bloqueado no Localiza Zarp,NÃO RESOLVIDO,URUGUAIANA,RS,"Sou cliente sempre aluguei carro , fui fazer o localiza zarp para trabalhar simplesmente a empresa bloqueou meu cadastro",https://www.reclameaqui.com.br/localiza-aluguel-de-carros/cadastro-bloqueado-no-localiza-zarp_5c0j8a-WblPOI2yB/,0.0,Outros
FSLHA DE CANCELAMENTO PELO APP,RESOLVIDO,São Paulo,SP,"Venho registrar uma reclamação referente a uma cobrança indevida relacionada a uma reserva realizada na Localiza.

No dia *****, realizei o cancelamento da reserva diretamente pelo aplicativo, ou seja, a solicitação foi feita antes da data prevista para retirada do veículo, que seria em *****. Após efetuar o procedimento pelo app, entendi que o cancelamento havia sido concluído corretamente.

No entanto, para minha surpresa, no dia ***** identifiquei uma cobrança em meu cartão referente a uma taxa de cancelamento. Isso demonstra que o cancelamento aparentemente não foi efetivado corretamente no sistema, apesar de eu ter realizado a solicitação dentro do aplicativo e antes da data da retirada.

Solicito a análise do ocorrido, esclarecimento sobre a cobrança realizada e o estorno do valor cobrado indevidamente, uma vez que segui o procedimento de cancelamento disponibilizado pela empresa dentro do prazo.

Aguardo um retorno e a resolução do caso o quanto antes.

Atenciosamente.",https://www.reclameaqui.com.br/localiza-aluguel-de-carros/fslha-de-cancelamento-pelo-app_SVQ3GriDV6Du3eEA/,10.0,Problema Financeiro
Cobrança indevida após tentativa de reserva e cancelamento na loja,RESOLVIDO,São Paulo,SP,"Dia ***** Fui pessoalmente na loja de guarulhos da localiza para ver como funcionava o aluguel de carros, pois nunca aluguel e não sabia como funcionava. A atendente do balcão disse para mim que tinha que fazer a reserva pelo app, baixei o app no local fiz a reserva e tudo, mas não conseguir finalizar a comprar por que eu estava usando o cartão do meu padastro e eu so tinha o cartão virtual. Então eu pedi para atendente cancelar na mesma hora a reserva que estava feita no app. deixei meu cartão salvo no app da localiza e ontem aparece que foi feita uma compra de ***** reais as 21:30, pois eu quero meu dinheiro de volta porque não fiz compra nenhuma, e muito menos ontem. e outra, nesse mesmo dia que fiz a reserva e cancelei no proprio balcao da localiza na mesma hora, ficou marcando no marcando a reserva no aplicativo e eu não conseguia cancelar, mas deixei queto por conta que a atendente já tinha cancelado. segundo a atendente nesse dia que fui a loja dia ***** ela me repassou que não seria descontado nada.",https://www.reclameaqui.com.br/localiza-aluguel-de-carros/cobranca-indevida-apos-tentativa-de-reserva-e-cancelamento-na-loja_tb9QnN4eknAqUwlS/,10.0,Problema Financeiro
Propaganda Enganosa em Aluguel de Carro: Cobrança Adicional + Pontos Fidelidade,RESOLVIDO,Uberlândia,MG,"Boa noite. Acabei de alugar um carro e cai numa propaganda enganosa. No final do finalização do veículo tem a seguinte opção: pagar ***** em até 12x sem juros OU ***** pontos fidelidades. Observa a conjunção coordenativa alternativa ""OU"", pois na língua portuguesa indicando alternância. Veja bem, na hora de realizar o pagamento eles pegaram os ***** pontos e ainda tive mais ***** reais para pagar, ou seja, cai numa propaganda enganosa, pois o ofertado foi PAGAR OU OPTAR PELOS PONTOS FIDELIDADE E NAO PAGAR + PONTOS FIDELIDADE. Segue as fotos em anexos comprovando.",https://www.reclameaqui.com.br/localiza-aluguel-de-carros/propaganda-enganosa-em-aluguel-de-carro-cobranca-adicional-pontos-fidelidade_bRxxW1p5DoQxu4de/,10.0,Outros
"Locadora ***** recusa aluguel de carro sem justificativa, ***** e ***** do condutor regularizado.",NÃO RESOLVIDO,São José do Rio Preto,SP,"Há 3 dias estou tentando realizar locação de um veículo na ***** da cidade de Tucumã-PA.
Meu carro ***** está na concessionária e a BYD liberou 7 dias, via *****, de uma veículo.
Fui na locadora por várias vezes, sempre me diziam que nao havia reserva carro da categoria SX, porém aceitei um carro inferior, de câmbio manual.
Depois de tudo certo, recebo mensagem da localiza de Tucumã-PA, afirmando que eu não poderia reservar depois da avaliação do meu perfil, porém não justificaram qual o motivo plausível para tal conduta.
Sou *****, tenho 40 anos, ***** regular, ***** regular.
Sempre fiz locação, nunca deu problema, essa foi a primeira vez, estou extremamente insatisfeito com essa conduta da locadora.",https://www.reclameaqui.com.br/localiza-aluguel-de-carros/locadora-recusa-aluguel-de-carro-sem-justificativa-e-do-condutor-regularizado__OlZsPz0ec9lFFgL/,1.0,Falha no App / Reserva
Cobrança indevida de boleto semanal de Uber após pagamento confirmado,NÃO RESOLVIDO,Osasco,SP,"Meu marido usa o carro da empresa para trabalhar como uber , o mesmo pagou o valor semanal temos os comprovantes e o sistema gerou um boleto , como se ele nao tivesse pago , preciso q seja resolvido
Ele esteve pessoalmente falaram q o sistema não computou os valores
Quero uma solução boleto vence hoje ***** estamls desde dia ***** tentando resolver .",https://www.reclameaqui.com.br/localiza-aluguel-de-carros/cobranca-indevida-de-boleto-semanal-de-uber-apos-pagamento-confirmado_OcMVzYZnybZwZC1v/,3.0,Falha no App / Reserva
Demora no estorno de *****,RESOLVIDO,Mogi-Mirim,SP,"Ja se faz quase 30 dias que fiz essa reclamação e ainda não tive meu estorno. Segue a reclamação:
Venho por meio desta registrar minha insatisfação com o serviço prestado em minha primeira experiência com a empresa.
Realizei o agendamento do veículo com uma semana de antecedência, porém, no momento da retirada, houve um atraso de 48 minutos. Fui informado de que o carro ainda estava em processo de lavagem, o que por si só já demonstra falta de organização.
Além do atraso, ao receber o veículo, constatei que a parte interna encontrava-se em condições inadequadas de higiene, com sujeira visível, incluindo *****. Trata-se de uma situação inaceitável, especialmente considerando que o veículo supostamente havia passado por limpeza.
Registrei a reclamação no momento da retirada e fui informado de que o valor da limpeza seria estornado. No entanto, até a presente data, sigo aguardando qualquer retorno ou providência quanto ao estorno prometido.
Ressalto ainda que, apesar das condições do veículo, não me foi oferecida nenhuma alternativa, como a substituição por outro carro, o que me obrigou a utilizá-lo mesmo estando sujo.
Diante do exposto, solicito uma posição urgente sobre o estorno acordado, bem como providências para evitar que situações como esta voltem a ocorrer.",https://www.reclameaqui.com.br/localiza-aluguel-de-carros/demora-no-estorno-de_GVbZOjRQcTBzKyiV/,10.0,Problema Financeiro
"Insatisfação com Locação de Veículo Novo: Avaria, Falta de Manutenção e Problemas Mecânicos",RESOLVIDO,Rio de Janeiro,RJ,"Fiz uma locação de um veículo ***** preto na agência do Galeão na sexta feira dia ***** até a data ***** .
Veículo novo ,ao fazer a vistoria percebi uma avaria, arranhão grande no paralamas dianteiro lado direito, tirei a foto pra guardar, notifiquei sobre a avaria ao funcionário da localiza e anexou ao contrato pra que eu não fosse cobrado! Tudo certo, não fui cobrado mesmo!

Mas o carro em questão é novo com menos de 3000 km rodado e pra minha surpresa,nem água tinha no reservatório pra lavar o parabrisa!! No domingo,o veículo ascendeu Luz no painel referente a reservatório e orientando procurar a oficina! Tirei foto! Mas depois no mesmo dia apagou sozinho a luz. Senti também um barulho lado esquerdo vindo da suspensão do veículo!

Devolvi na segunda feira e relatei pro atendente lá e nada foi dito! Não demonstram nenhuma vontade de verdade o ocorrido! Você aluga um carro novo pra viajar e nao se sente seguro com essa manutenção precária da empresa! Fiquei com receio do veículo enguiçar e desisti de prorrogar o contrato. Absurdo total",https://www.reclameaqui.com.br/localiza-aluguel-de-carros/insatisfacao-com-locacao-de-veiculo-novo-avaria-falta-de-manutencao-e-problemas-mecanicos_JqLL7q9mbutyimwU/,10.0,Sinistro e Acidente
falha no cancelamento.,RESOLVIDO,São Paulo,SP,"Realizei uma reserva na Localiza para retirada do veículo no dia *****. Porém, cerca de 10 dias antes da data da retirada, entrei em contato com a central de atendimento para solicitar o cancelamento da reserva, pois não teria mais necessidade do carro.

Na ocasião, a atendente informou que o cancelamento havia sido realizado normalmente. No entanto, para minha surpresa, hoje recebi um e-mail informando a cobrança de uma multa no valor de R$ 213,90 por supostamente não ter retirado o veículo, inclusive com débito realizado no meu cartão.

Me sinto prejudicada, pois solicitei o cancelamento dentro do prazo e confiei na informação passada pela atendente. Solicito a verificação da ligação/protocolo de atendimento e o estorno imediato do valor cobrado indevidamente.

Aguardo uma solução o quanto antes.",https://www.reclameaqui.com.br/localiza-aluguel-de-carros/falha-no-cancelamento_YRwaa9vsrC2b99yx/,10.0,Problema Financeiro
Sinistro de Terceiros - Atraso no pagamento,RESOLVIDO,São Caetano do Sul,SP,"Estou realizando esta reclamação em razão dos problemas enfrentados com o seguro de terceiros da Localiza, referente ao sinistro n *****. (Complemento)

Já fazem mais de 15 dias úteis que estou aguardando o pagamento da carta complementar, a qual já foi aprovada. E o prazo passado pela própria atendente.
Ressalto que toda a documentação necessária foi devidamente encaminhada dentro do prazo solicitado.

Além disso, entrei em contato diversas vezes pelos canais informados para esclarecimentos. Em uma das ligações, a atendente informou que não houve retorno do setor financeiro e sequer deu um posicionamento à respeito do pagamento , só da respostas vagas que pode cair até fim do dia. No entanto, como o pagamento não foi realizado, entrei em contato novamente no dia *****, quando fui informado de que ainda não havia qualquer retorno.

Também encaminhei e-mail solicitando posicionamento, porém sigo sem resposta.

Hoje, dia *****, gostaria de registrar minha insatisfação com a demora e a falta de retorno, pois fiz ligações para o contato de esclarecimento e sempre a mesma resposta e não tem nem previsão para pagamento do sinistro, só fica falando para esperar o decorrer do dia.

Ressalto que necessito do valor com urgência para realizar o conserto do veículo. Este processo já está em andamento desde *****, data do ocorrido, e desde o início houve dificuldades até mesmo para abertura do sinistro, pois o motorista responsável pelos danos e pela locação do veículo na Localiza inicialmente não havia dado entrada no processo.

Dessa forma, solicito um retorno com uma solução definitiva e a realização do pagamento o mais breve possível.",https://www.reclameaqui.com.br/localiza-aluguel-de-carros/sinistro-de-terceiros-atraso-no-pagamento_fRp0QkS6nuWja1kp/,3.0,Sinistro e Acidente
LOCALIZA não indeniza por sinistros provocados a terceiros,NÃO RESOLVIDO,Belo Horizonte,MG,"No dia ***** sofri um sinistro com meu carro quando descia a Rua *****, esquina com *****, provocado por um parceiro da empresa LOCALIZA, que desrespeitou a placa de PARADA OBRIGATÓRIA provocando a batida. Fiz Boletim de ocorrência do fato e acionei a referida empresa que me solicitou todos os documentos relativos ao acontecido. Providenciei a documentação pedida e enviei para o endereço digital que a referida empresa disponibilizou. Voltaram a entrar em contato comigo solicitando mais documentos , o que providenciei prontamente. Qual não foi minha surpresa quando recebi e-mail deles comunicando o encerramento de minha solicitação depois de análise da documentação e da dinâmica do sinistro. Entrei em contato com serviço de atendimento a sinistros deles e me foi passado que a LOCALIZA não irá me indenizar pelo acontecido, pois o parceiro deles cometeu uma falta gravíssima ao avançar a PARADA OBRIGATÓRIA. E aí eu pergunto: - O que eu tenho com isso? Pelo que entendo isso tem que ser resolvido entre eles. Não tenho nada a ver com o fato de eles fazerem parceria com motoristas despreparados. Eu é que não posso ficar com o prejuízo! E o mais grave: Solicitei a atendente que me enviasse essa negativa por escrito, ao que ela alegou que a LOCALIZA não pode fazer isso. Ou seja, quem estiver dirigindo corretamente, reze para não sofrer um sinistro com nenhum parceiro da LOCALIZA, pois eles se esquivam de qualquer responsabilidade. Só me resta acionar a justiça para ser ressarcido, infelizmente.",https://www.reclameaqui.com.br/localiza-aluguel-de-carros/localiza-nao-indeniza-por-sinistros-provocados-a-terceiros_HSTvb9eK3dyF0bXG/,0.0,Sinistro e Acidente
Atraso na entrega,RESOLVIDO,Votuporanga,SP,"Meu nome é *****, fiz uma reserva para as 9:00 da manhã, para retirada na unidade de São José do Rio Preto/SP, na av. ***** *****. O carro só foi ficar pronto 10:55 (*****). Um detalhe interessante é que, pessoas que contrataram depois de mim, mas de forma particular, receberam o veículo na mesma hora. Absurdo; perdi compromissos por pura falta de organização, levando em consideração o atraso de quase duas horas",https://www.reclameaqui.com.br/localiza-aluguel-de-carros/atraso-na-entrega_OKuURAL_sCZFD8Yp/,5.0,Falha no App / Reserva
Cobrança indevida e falta de contrato após devolução de veículo em São Bernardo do Campo,RESOLVIDO,São Paulo,SP,"Novamente problema na unidade São Bernardo do Campo, paguei o 221,23 esse valor fiz no pix para liberação no sistema fest até aí tudo bem! Fui fazer a devolução me cobraram mais 80,50 PORQUE??

E não estou recebendo contrato de locação",https://www.reclameaqui.com.br/localiza-aluguel-de-carros/cobranca-indevida-e-falta-de-contrato-apos-devolucao-de-veiculo-em-sao-bernardo-do-campo_NGbTTkonbiq2JTTL/,10.0,Falha no App / Reserva
Demora na atualização de benefícios de pontos para cliente Gold na Localiza,RESOLVIDO,Itanhaém,SP,"A uns dias atrás entrei em contato para uma dúvida, localiza atualizou benefícios de pontos, porém eu já havia atingido os pontos para ser Gold antes dessa atualização, e o colaborador ***** me informou sobre isso, e ia mandar para setor responsável para atualizar de forma manual e até 2 dias úteis já estaria atualizado, já que eu atingi os pontos antes da atualização, porém já se passou os dias e até agora não atualizou, estou em contato pq vou alugar um carro novamente e gostaria de ter o benefício, e como sempre alugo com a localiza em Itanhaém e sempre sou muito bem atendido... Obrigado!",https://www.reclameaqui.com.br/localiza-aluguel-de-carros/demora-na-atualizacao-de-beneficios-de-pontos-para-cliente-gold-na-localiza_rZOrWuXvEsY-XAgO/,10.0,Tempo de Atendimento
Cobrança de taxa de pré-pagamento após promessa de isenção devido a bônus de fidelidade,NÃO RESOLVIDO,Salvador,BA,"Fiz uma reserva de numero ***** , sendo a terceira, para o dia 29 de maio, devolvendo dia 03 de junho para categoria *****, com retirada no aeroporto de *****, no qual no foi escolhido em conjunto o seguro de maior nível, ""Pacote premium"", e ao finalizar abaixo havia a descrição de que o pré pagamento seria R$0,00, ou seja isento devido ao bônus que a empresa concede para clientes a partir de 3 locações, sendo assim conclui a reserva. Para minha surpresa fui tentar fazer uma outra reserva uma semana após além desta ja efetuada e ao prosseguir percebi que estavam cobrando a taxa de pré pagamento, a partir daí entrei em contato via *****, e fui informado que também na reserva ja efetuada anteriormente eu seria cobrado sim.
Desta forma me sinto enganado, [Editado pelo Reclame Aqui] e envergonhado por programar uma viagem com antecedência e posteriormente perceber que não posso prosseguir por desorganização, [Editado pelo Reclame Aqui] informação emitida pela empresa, fiz diversos orçamentos pelo app, antes mesmo de efetuar essa reserva e todas elas estavam dando a isenção desta cobrança. Gostaria realmente que fosse analisado o motivo pelo qual vocês me concederam esse benefício e posteriormente estão retirando.
Sinceramente, decepcionante você fidelizar uma empresa buscando ter os benefícios, alugar uma das categorias mais caras e nem se quer receber um email, notificação informando a situação. Ou seja, se eu não fosse efetuar uma outra reserva além desta ja feita eu não saberia e ao chegar la seria surpreendido sem poder solucionar...",https://www.reclameaqui.com.br/localiza-aluguel-de-carros/cobranca-de-taxa-de-pre-pagamento-apos-promessa-de-isencao-devido-a-bonus-de-fidelidade_-VDYYo15vvsOr_Os/,0.0,Sinistro e Acidente
Localiza Confins - Demora excessiva no atendimento devido à falta de funcionários.,RESOLVIDO,São Paulo,SP,"Hoje, após retornar de uma viagem de negócios, fui ao Localiza no ***** para devolver o veículo alugado.

Ao chegar à agência, fiquei surpreso com a situação encontrada: havia apenas ***** realizando todo o atendimento. Como consequência, esperei cerca de ***** para ser atendido, o que considero inadmissível em uma unidade localizada em um aeroporto, onde o tempo é um fator crítico para os clientes.

Felizmente, cheguei com bastante antecedência e não tive prejuízos. No entanto, fico imaginando o transtorno para outros passageiros que podem ter horários mais apertados. Caso eu tivesse perdido meu voo em razão da demora e da falta de estrutura da agência, quem seria responsável pelo reembolso da minha passagem aérea?

É difícil entender como uma operação em um aeroporto de grande movimento pode funcionar com um quadro tão reduzido de funcionários. A experiência foi extremamente frustrante e demonstra uma evidente falha no planejamento e na gestão do atendimento.

Espero que a Localiza reveja urgentemente a estrutura dessa unidade, a fim de evitar que outros clientes passem pelo mesmo transtorno. Lamentável.",https://www.reclameaqui.com.br/localiza-aluguel-de-carros/localiza-confins-demora-excessiva-no-atendimento-devido-a-falta-de-funcionarios_TZ4QkbA2PVDDqeeP/,10.0,Problema Financeiro
Solicitação de Reembolso por Pneu Danificado em Veículo Alugado com Seguro Completo,RESOLVIDO,Linhares,ES,"Reembolso de pneu - seguro completo contratado - contrato *****

Descrição:

Solicito o reembolso referente à troca de pneu do veículo alugado (contrato *****), com seguro completo contratado.

Relato:
Retirei o veículo em ***** às 09h30 e segui para Medeiros Neto (BA). Por volta das 17h30, a aproximadamente 50 km de Teixeira de Freitas (BA), o pneu estourou. Troquei pelo step e segui viagem.

No dia *****, liguei para o *****. Fui orientado a ir até a agência da Localiza em Teixeira de Freitas (BA), distante 68 km.

No dia *****, fui até a agência, mas a atendente informou que se tratava de uma franquia com veículos próprios e que não poderia me ajudar com o veículo alugado em outra localidade.

Liguei novamente para o *****. A atendente disse que o local mais próximo com capacidade de assistência seria em São Mateus (ES).

Diante da distância inviável e por estar com familiares em visita, fui orientado pela própria atendente a comprar o pneu e solicitar o reembolso o que estou fazendo agora.

Pedido: Reembolso integral do valor gasto com o pneu.",https://www.reclameaqui.com.br/localiza-aluguel-de-carros/solicitacao-de-reembolso-por-pneu-danificado-em-veiculo-alugado-com-seguro-completo_5GiphNK9N3qJWtmn/,10.0,Sinistro e Acidente
Cobrança indevida após orientação de funcionário sobre abastecimento de carro alugado,RESOLVIDO,São Paulo,SP,"No dia 31/04 eu aluguei um carro com a ***** por volta das 20h, um onix do modelo que eu havia solicitado. Quando foi no dia seguinte, dia 01/05 no período da manha, notei a luz da injeção acesa, entrei em contato com a ***** e como o carro não apresentava falhas ao dirigir, me pediram para levar no local que eu retirei. Chegando na *****, o rapaz me informou que haveria a necessidade de trocar o carro por questão de segurança, e por já ter alugado diversas vezes com a empresa eu perguntei se não havia a necessidade de abaster antes de fazer a devolução (não tinha baixado nem um quarto do tanque ainda), ele me disse que não precisava pois era um defeito no carro e não seria cobrado taxa alguma, eu até mesmo reforcei perguntando pela segunda vez se não precisava, onde fui informado que pelo motivo da falha não precisaria.
Quando devolvi o segundo carro no dia 03/05, fui notificado que tinha um pendência de 106,00 reais por conta do não abastecimento, mesmo entrando em contato com o pessoal na hora ninguém podia me ajudar, quando liguei também não conseguiam alegando que estava no contrato, e por fim me encaminharam pra um outro departamento onde dias depois entraram em contato comigo dizendo a mesma coisa. Agora se está previsto em contrato, por que o próprio funcionário me orientou a não abastece? Tinha me disposto a levar o carro a abastecer, tendo em vista q dava pra dirigir o carro até um posto próximo e sabendo que geralmente é cobrado um valor caso não ocorra o abastecimento, com taxas exorbitantes que ficariam bem mais caro que abastecer em qualquer posto. Fui prejudicado por desinformação do funcionário, e a ***** não faz questão de resolver.",https://www.reclameaqui.com.br/localiza-aluguel-de-carros/cobranca-indevida-apos-orientacao-de-funcionario-sobre-abastecimento-de-carro-alugado_H4F2ONzItR2XuYy7/,10.0,Problema Financeiro
Cobrança indevida após aluguel de veículo negado e comparecimento à loja,RESOLVIDO,São Paulo,SP,"já fiz uma reclamação sobre o aluguel de um veiculo, mas para minha surpresa, ao verificar o cartão de credito que utilizei para fazer a reserva do carro (que foi negada, ao comparecer a loja do *****) fizeram uma cobrança de 130 reais no cartão, com a justificativa de que NÃO COMPARECI A LOJA e que não fiz o cancelamento da reserva. Acontece que fui a loja, como já descrevi aqui, e o aluguel do veiculo negado. Se eles negaram o aluguel, como podem cobrar um valor dizendo que FUI EU, que não comparei ou cancelei a reserva???",https://www.reclameaqui.com.br/localiza-aluguel-de-carros/cobranca-indevida-apos-aluguel-de-veiculo-negado-e-comparecimento-a-loja_iyaLthC4VimLW3Jr/,2.0,Problema Financeiro
Cobrança indevida de multas de pedágio sem comunicação prévia,NÃO RESOLVIDO,São Paulo,SP,[Editado pelo Reclame Aqui] estão cobrando duas multas [Editado pelo Reclame Aqui] de pedágio [Editado pelo Reclame Aqui] [Editado pelo Reclame Aqui] [Editado pelo Reclame Aqui] [Editado pelo Reclame Aqui] [Editado pelo Reclame Aqui] ***** do meu cartão sem me avisar,https://www.reclameaqui.com.br/localiza-aluguel-de-carros/cobranca-indevida-de-multas-de-pedagio-sem-comunicacao-previa_1dMcusaW9fW4STa4/,0.0,Problema Financeiro
Objeto esquecido e retirado do carro nao foi devolvido ao clientte,NÃO RESOLVIDO,Porto Alegre,RS,"Fiz uma substituicao de veiculo locado na Localiza e esqueci uma sacola azul com a camera na parte interna do carro. Lembrei no ouutro dia e fui ate o local para recupera-la. A funcionária ***** verificou e nada foi encontrado e o carro teria sido levado para manutençao ao qual o funcionário ***** me levou ate o local para verificarmos juntos e realmente não estava mais.
A camera foi retirada do carro entre o horário que entreguei, até o momento que foi levado para manutenção.
No dia ***** as 19:00 liguei para a Localiza e pedi as gravaçoes das cameras para verificar o ocorrido, seguindo orientaçao da funcionária ***** da Localiza onde substiui o carro.
Fui informado que a localiza não se responsabiliza e que está em contrato, mas contratos nao substituem leis e se após ver um funcionário retirando o objeto do carro, sim a empresa é responsabilizada.

Registro de ocorrencia Protocolo *****",https://www.reclameaqui.com.br/localiza-aluguel-de-carros/objeto-esquecido-e-retirado-do-carro-nao-foi-devolvido-ao-clientte_y_JPJiu31OOifseG/,0.0,Outros
Cobrança indevida de diárias após assinatura MEOO com veículo provisório,RESOLVIDO,Belo Horizonte,MG,"Fiz uma assinatura MEOO e me ofereceram um veículo provisório até o definitivo ficar pronto. Aceitei pegar o veículo PROVISÓRIO demoraram vários dias para entregar o definitivo, agora estão me cobrando como diária. Acho que caí no [Editado pelo Reclame Aqui] LOCALIZA MEOO.",https://www.reclameaqui.com.br/localiza-aluguel-de-carros/cobranca-indevida-de-diarias-apos-assinatura-meoo-com-veiculo-provisorio_KgqLtmhdlrG2B_8W/,10.0,Tempo de Atendimento
Multa já paga,RESOLVIDO,Campinas,SP,"Aluguei um carro no mês de Abril e lá em Maceió pela Localiza. Tomei uma multa de [Editado pelo Reclame Aqui], mas eu já paguei essa multa direto pelo aplicativo. E eles ficam tentando debitar do meu cartão de crédito que eu passei lá o valor de ***** me mandaram um boleto me cobrando. E ficam tentando todo mês de debitar esse valor da do meu cartão, só que eu já paguei essa multa, já passei o comprovante para ele. Já expliquei mas continua me cobrar.",https://www.reclameaqui.com.br/localiza-aluguel-de-carros/multa-ja-paga_8zeR3F50Zn9iHskN/,9.0,Problema Financeiro
Cobrança de Noshow retirando o veículo,RESOLVIDO,Guarulhos,SP,"Olha, vou dizer que é bem desgastante ter que ficar vindo protocolar reclamação de algo que poderia ser resolvido no SAC, que ao meu ver nem deveria ter resultado em [Editado pelo Reclame Aqui]. Vamos lá
Depois de várias locações com a Movida mas últimas semanas, decidi reservar com a [Editado pelo Reclame Aqui] por mera deliberalidade haja vista que tenho pegado veículos híbridos por um valor bem atrativo por lá. Entretanto estavam todos reservados para o final de semana passado, e pelo mesmo valor da categoria preferi escolher a [Editado pelo Reclame Aqui] pelo apreço que tenho pela companhia. Acontece que decidi mudar a reserva para uma incluir um up grade e realizei uma outra reserva para o mesmo dia e horário, acreditando que uma reserva anula a outra como acontece na Movida. Não previ que o sistema da [Editado pelo Reclame Aqui] é tão arcaico o que gerou uma [Editado pelo Reclame Aqui] de noshow sendo que eu compareci para retirada do veículo, e o pior é tentar resolver no canal do chat [Editado pelo Reclame Aqui] para obter meu estorno mais rápido, e não poderem fazer nada. Preciso falar que prefiro voltar para a [Editado pelo Reclame Aqui]?",https://www.reclameaqui.com.br/localiza-aluguel-de-carros/cobranca-de-noshow-retirando-o-veiculo_XXyFl6KaxMHi5_qd/,10.0,Problema Financeiro
"Acordo, reserva, e cadastro",RESOLVIDO,São Paulo,SP,"Olá meu caso e mais uma questão de dúvida. Recentemente tive q pagar uma avaria de placa amassada. E parcelei. E tinha 2 multas.

As multas já fiz a quitação. E o acordo tô pagando 3/9 já. Cada sábado pago uma.

Após a quitação já consigo a liberação do cadastro pra alugar novamente? Pq via atendimento uma atendente dise q após paga as multas vencidas ia tentar liberar o cadastro. Já q o acordo estava sendo pago em dias pra mim não ter q esperar tanto tempo..

Mas enfim após a quitação dos débitos. Qtos dias o cadastro tá liberado pra alugar dnovo .
Obgr",https://www.reclameaqui.com.br/localiza-aluguel-de-carros/acordo-reserva-e-cadastro_yCd2fuspHs_S2xQm/,10.0,Sinistro e Acidente
Cobranças indevidas pós locação,NÃO RESOLVIDO,São Paulo,SP,"Fiz uma locação no ultimo final de semana, entreguei o carro nos conformes, paguei no quiosque deles e agora não cessam as emissões de boleto e as tentativas de cobrança o meu cartão de algo que nem ciência tenho.

Já dei baixa no contrato no momento que entreguei o carro, por favor, parem as cobranças.",https://www.reclameaqui.com.br/localiza-aluguel-de-carros/cobrancas-indevidas-pos-locacao_boCwYrn4KLXSPdNw/,0.0,Problema Financeiro
Recebimento de [Editado pelo Reclame Aqui] indevidas e [Editado pelo Reclame Aqui] por ligações telefônicas,RESOLVIDO,Divinópolis,MG,"Estou recebendo mensagens de [Editado pelo Reclame Aqui] dessa empresa e eu nunca fiz negociações com eles,só ligações de telefone e umas 10 por dia,já tentei entrar em contato, mandei o meu ***** para eles verificar e nada resolve, continua as mensagens ameaçando cancelar meu *****,as ligações telefônicas, estou achando que vou ter que acionar a [Editado pelo Reclame Aqui] para resolver essa situação,por favor me ajudem",https://www.reclameaqui.com.br/localiza-aluguel-de-carros/recebimento-de-editado-pelo-reclame-aqui-indevidas-e-editado-pelo-reclame-aqui-por-ligacoes-telefonicas_cDguygRiHBLcCin4/,10.0,Outros
Sem chave no veículo,RESOLVIDO,São Paulo,SP,"Fui fazer a retirada fast o veículo estava sem chave, acabei atrasando unidade São Bernardo do Campo sempre tem problema",https://www.reclameaqui.com.br/localiza-aluguel-de-carros/sem-chave-no-veiculo_hWiMxokLNjSQAILI/,5.0,Outros
"Cobrança abusiva de multa por cancelamento de reserva de veículo pela *****, mesmo com antecedência.",RESOLVIDO,Rio de Janeiro,RJ,"Cobrança abusiva por cancelamento.
Fiz 2 reservas na ***** com modelos diferentes de veículos, pois não sabia qual o tamanho do carro precisaria. Cancelei uma das reservas cerca de 20 horas antes da retirada, porém, retirei o outro veículo cujo valor era mais alto.
A ***** me cobrou 20% de multa, um valor extremamente abusivo em relação ao valor do contrato que seria de 11 dias de locação. O valor da multa representa aproximadamente o valor equivalente a 2 diárias do veículo. Cobrar 20% de no-show, ou como queiram chamar, para uma reserva de 1 ou 2 dias é uma coisa, mas 20% de uma reserva de 11 dias é outra.
Além disso, a ***** me respondeu que sua política de cancelamento é clara, porém, todo o processo de reserva, confirmação e cancelamento que realizei no app não me deram esta informação.
Sou cliente regular desta locadora e até então nunca havia tido problemas com ela, muito pelo contrário, só tinha elogios, porém, além da situação descrita acima, pela resposta que recebi não me pareceu que a locadora avaliou com cuidado o caso antes de me responder.",https://www.reclameaqui.com.br/localiza-aluguel-de-carros/cobranca-abusiva-de-multa-por-cancelamento-de-reserva-de-veiculo-pela-mesmo-com-antecedencia_2jTKlD_OD2_aXkkV/,10.0,Problema Financeiro
Funcionário da Localiza dirige em alta velocidade no estacionamento do Shopping Continental e descaso no atendimento,RESOLVIDO,São Paulo,SP,"Estive hoje (*****) no Shopping Continental com a minha filha de *****, e estacionei o carro no estacionamento cuja entrada do shopping é a loja da Localiza. Eu parei na fileira mais próxima da entrada, quase em frente ao lava rápido. Quando desci do carro com a minha filha e fui atravessar, um carro com um funcionário da Localiza virou a rua e veio com muita velocidade, e entrou no lava rápido. O homem desceu do carro com a camiseta da Localiza e eu falei pra ele que precisa ter mais cuidado, pois ele estava correndo com o veículo. Ele começou a falar repetidas vezes pode puxar as câmeras lá. Eu falei que não é uma questão de puxar câmera, mas sim de consciência, por que tem crianças ali, não se deve andar dentro do estacionamento em alta velocidade, mas ele não me escutava, ele só dizia a mesma coisa pode puxar as câmeras. Eu fui até a loja da Localiza e informei sobre o funcionário deles que estava correndo, mas a atendente não fez nada. Enfim, quando eu saí, o rapaz do lava rápido veio falar comigo, disse que o nome do funcionário é ***** e que ele sempre age da mesma forma. Eu entrei no estacionamento às ***** e as ***** eu já estava dentro da loja da Localiza falando com a atendente. Então tudo aconteceu provavelmente entre *****.",https://www.reclameaqui.com.br/localiza-aluguel-de-carros/funcionario-da-localiza-dirige-em-alta-velocidade-no-estacionamento-do-shopping-continental-e-descaso-no-atendimento_T5NjVWoDGhwHfh7E/,10.0,Outros
Cobrança indevida e uso indevido de dados após devolução de veículo alugado.,RESOLVIDO,Osasco,SP,"No último dia 26 o Sr. ***** foi até a empresa de locação de veículo Localiza do Aeroporto de Congonhas a fim de alugar um veículo Duster. Entretanto o pedido foi recusado para o segundo condutor naquele momento indicado (Guilherme). No dia 27.04.2026 ele novamente compareceu à Localiza e alugou o veículo Tracker RS Turno (Cliente *****) sendo devolvido no dia 30.04.2026. Porém o Sr. ***** vem sendo contactado para devolver um JEEP Comander de 7 Lugares Blindado, veículo este que jamais foi alugado por ele. Entrando em contato com a Localiza que por telefonema se comprometeu em apurar o que houve - protocolo *****, mas sem resposta até o momento. Ao contrário o Sr. ***** vem recebendo mensagens de novos veículos a disposição para retirada, mas não realizou mais nenhuma locação de veículo na Localiza. A preocupação dele é de que estejam usando seus dados para alugar veículos na Localiza. Não houve nenhuma cobrança em seu cartão de crédito, a não ser do carro que realmente foi alugado por ele e que já foi devolvido, como relatado.",https://www.reclameaqui.com.br/localiza-aluguel-de-carros/cobranca-indevida-e-uso-indevido-de-dados-apos-devolucao-de-veiculo-alugado_6ffjGJzRATnB3ik8/,4.0,Problema Financeiro
Promessa de reembolso de 3 diárias não cumprida *****/SP,RESOLVIDO,São Paulo,SP,"Solicito reembolso de 3 diárias não utilizadas referentes ao contrato *****, com base em promessa feita por atendente da própria Localiza.

Dados do contrato:
Contrato: *****
Data: *****
Cidade: ***** - SP
Veículo: *****

Os fatos:

Devolvi o veículo com 3 dias de antecipação em agência diferente da retirada, com base na garantia dada pela atendente da Localiza no ato da devolução e via Whatsapp, de que as diárias não utilizadas seriam estornadas. Com base nessa promessa, concordei inclusive em pagar a taxa de retorno por devolução em agência diferente, pois a própria funcionária me assegurou que o reembolso compensaria esse custo. O estorno nunca foi realizado.

A Localiza alega que não pode reembolsar porque a reserva foi feita via Smiles e os valores foram faturados à Smiles. Esse argumento não me exime do prejuízo: fui induzida a tomar uma decisão financeira com base em promessa feita por preposta da Localiza.

O Art. 34 do Código de Defesa do Consumidor é claro: o fornecedor responde pelos atos de seus prepostos. A Localiza não pode se beneficiar do erro de orientação de sua própria funcionária e transferir a responsabilidade para terceiros.

Aguardo retorno.",https://www.reclameaqui.com.br/localiza-aluguel-de-carros/promessa-de-reembolso-de-3-diarias-nao-cumprida-sp_TYX65w5gtOSewg4o/,10.0,Sinistro e Acidente
Cobrança Absurda,RESOLVIDO,Campo Grande,MS,"Aluguei um veículo ***** de ***** a ***** pelo app da Booking para retirar na localiza do *****. Foi me passado que contratei 3 diárias com plano básico assinei o contrato e retirei o veículo não foi me passado nenhuma informações a mais ou ofertado outro seguro.
Em *****, enquanto trafegava na BR um carro arremessou uma pedra, a qual colidiu com o parabrisa do veículo, vindo a fazer uma trinca do tamanho de uma moeda no parabrisa. Ao devolver o veículo na Localiza do *****, na data de *****, informei ao atendente de devolução a ocorrência e preenchi o formulário de comunicação. Para minha surpresa, ao chegar no caixa, fui informado pela atendente que deveria pagar o valor de R$ 1932,00 referente ao dano no vidro. Questionei a mesma quanto ao seguro básico do veículo, o qual deveria cobrir vidros. Pela atendente me foi informardo que para questão de vidros é necessária a contratação de um seguro específico de vidros, e que o seguro básico não cobra tais danos. Ocorre que no momento da contratação não me foi ofertado nenhum seguro em relação aos vidros. Efetuei o pagamento com meu cartão de crédito e Débito Mais
solicito o ressarcimento do valor tendo em vista que:

1 Não em foi ofertado um seguro de vidros.
2 Os vidros deveriam estar compreendidos no seguro básico.
3 Se trata de risco do negócio, onde o valor de reparo de vidros (o que deve ser bem comum) deveria estar compreendido no valor da locação e pelo seguro básico do veículo.

Aguardo uma breve resposta da Localiza e me coloca à disposição para tratarmos o assunto",https://www.reclameaqui.com.br/localiza-aluguel-de-carros/cobranca-absurda_RYgP-hXoW1CbhhYh/,8.0,Sinistro e Acidente
Alterar e-mail do cadastro,RESOLVIDO,São Paulo,SP,"Estou tentando alterar o e-mail cadastrado na plataforma, pois [Editado pelo Reclame Aqui] foi hackeado e não tenho mais segurança para utilizá-lo.

Porém, a empresa não oferece uma opção simples para troca de e-mail dentro do aplicativo/site, o que está dificultando meu acesso e atualização dos meus dados.

[Editado pelo Reclame Aqui]

Preciso de suporte para realizar a alteração do e-mail cadastrado o quanto antes, por questão de segurança da minha conta e dos meus dados pessoais.

Aguardo retorno e solução do problema.",https://www.reclameaqui.com.br/localiza-aluguel-de-carros/alterar-e-mail-do-cadastro_fK769yLzKYSE7POu/,10.0,Falha no App / Reserva
"Cobrança imediata, suporte inexistente: Localiza impede reembolso do meu seguro por omissão",RESOLVIDO,Barra Mansa,RJ,"A Localiza cria extrema agilidade para cobrar, mas uma lentidão absurda para fornecer um simples documento necessário ao reembolso do cliente.

Aluguei um veículo pela Localiza (Contrato *****) e infelizmente houve um sinistro durante a locação. O veículo foi devolvido, o técnico da empresa avaliou o carro em poucos minutos e o valor cobrado foi imediatamente definido e pago por mim.

Até aí, tudo certo.

O problema começou quando acionei meu seguro para solicitar o reembolso do valor pago. A seguradora foi rápida, analisou toda a documentação e informou que o único impedimento para continuidade do processo é a própria Localiza, que se recusa ou simplesmente não consegue fornecer o orçamento de reparo do veículo.

Desde o dia ***** recebo a mesma resposta padronizada: que o veículo está parado e que não há previsão para emissão do documento.

É extremamente contraditório que:

em poucos minutos exista um valor exato para cobrar o cliente;
mas após semanas a empresa alegue não possuir condições de emitir o orçamento técnico que justifique a cobrança realizada.

Na prática, o cliente fica financeiramente prejudicado por total omissão da empresa, sem qualquer prazo, transparência ou solução efetiva.

Não estou pedindo desconto, favor ou revisão de cobrança. Apenas um documento básico necessário para exercer meu direito de reembolso junto à seguradora.

A sensação é de completo abandono pós-pagamento: para cobrar houve rapidez; para fornecer suporte e documentação, silêncio e prazo indefinido.

Aguardo uma solução imediata e o envio do orçamento de reparo do veículo para conclusão do processo junto ao seguro.",https://www.reclameaqui.com.br/localiza-aluguel-de-carros/cobranca-imediata-suporte-inexistente-localiza-impede-reembolso-do-meu-seguro-por-omissao_Nrv-qI8W6wo8qMiy/,8.0,Sinistro e Acidente
Cobrança indevida,RESOLVIDO,Pelotas,RS,"Tive problemas com o carro durante toda viagem. No dia da devolução o carro não ligou mais, acionei a assistência, que foi ótima, mas tive um problema: cobraram o valor de completar o tanque. Não acho justo, sendo que o carro estragou e não foi por minha culpa. Eu utilizo voucher para abastecer, tendo que pagar em dinheiro na loja tive prejuízo. Se o carro não tivesse dado pane, meu trajeto seria, como sempre, abastecer e entregar o carro com tanque cheio. Sempre pego o seguro premium, entendo que também deva cobrir esse tipo de situação.",https://www.reclameaqui.com.br/localiza-aluguel-de-carros/cobranca-indevida_kAuRu6xwjAmpv9Ci/,10.0,Sinistro e Acidente
Reembolso supostamente não recebido,RESOLVIDO,Jacareí,SP,"Olá! Quero deixar claro antes de tudo que a minha experiência com a Localiza foi ótima. Desde a retirada do carro no Aeroporto de Guarulhos até a devolução no Terminal Rodoviário do Tietê, fui muito bem atendido. O carro estava em perfeitas condições e não tive nenhuma dor de cabeça durante todo o período.

Estou abrindo essa reclamação por um único motivo: devolvi o veículo antes do prazo combinado e, pelo que consta no meu contrato (*****), tenho um reembolso de R$ 420,94 a receber. Só que até agora não identifiquei esse valor.

Peço desculpas caso o reembolso já tenha sido feito via cartão se foi o caso, pode ser que o banco não me notificou ou eu simplesmente não encontrei o lançamento. Mas gostaria que alguém pudesse confirmar se o estorno foi realizado e, se não foi, que possam resolver isso pra mim.

Dados para consulta:
- Contrato: *****
- Valor pago: R$ 4.372,06
- Valor do contrato: R$ 3.951,12
- Reembolso pendente: R$ 420,94

Conto com a atenção de vocês. Obrigado!",https://www.reclameaqui.com.br/localiza-aluguel-de-carros/reembolso-supostamente-nao-recebido_swpNqS1M5T1Ih8-G/,10.0,Problema Financeiro
Cobrança indevida após cancelamento de reserva de automóvel pelo app com defeito,RESOLVIDO,Brasília,DF,"Fiz uma reserva de um automóvel em meu nome e depois de alguns dias tive que cancelar, o app bugou depois não apareceu mais a reserva, pensei que tinha cancelado, isso foi em dezembro, agora em maio veio uma cobrança de ***** no meu cartão, liguei pra reclamar, disse que tinha uma reserva no meu nome, que eu não tinha feito a retirada por isso a cobrança, isso é um absurdo o próprio app tem problema e eu que tenho que pagar.",https://www.reclameaqui.com.br/localiza-aluguel-de-carros/cobranca-indevida-apos-cancelamento-de-reserva-de-automovel-pelo-app-com-defeito_1cQ_qN9TthuR0XmO/,10.0,Problema Financeiro
Recusa de locação e cobrança indevida de multa por cancelamento não realizado,NÃO RESOLVIDO,Marília,SP,"Fiz várias locações sempre tudo certo e devolvido na melhor forma, a pouco tempo tentei alugar e eles recusaram, fiz a reserva pelo nome de um [Editado pelo Reclame Aqui] e eu sendo condutor adicional, mesmo assim eles não aceitaram, e não me falam motivo da recusa, empresa injusta, fui lá já que estava reservado e não consegui pegar ainda levei uma multa como se nem tivesse ido, [Editado pelo Reclame Aqui] de locação, falta de consideração com o cliente , em uma das reservas tive problema com carro não tive suporte nem por isso reclamei, tô [Editado pelo Reclame Aqui] pela multa, que vou pagar sem usar o veículo, sendo que fui até lá tentar pegar o carro eles dizem que eu que tenho que cancelar, porém no app não dá essa opção eles pendem vc pra pagar esse valor é injusto, tô [Editado pelo Reclame Aqui] com essa empresa e nunca mais pretendo utilizar .. E não indico tbm .",https://www.reclameaqui.com.br/localiza-aluguel-de-carros/recusa-de-locacao-e-cobranca-indevida-de-multa-por-cancelamento-nao-realizado_ORaTlvp1YK6Us3zH/,1.0,Falha no App / Reserva
"Multa por evasão de pedágio devido a falha na comunicação ou ativação da *****, gerando cobrança indevida.",RESOLVIDO,Diadema,SP,"Aluguei um carro para uso a serviço da empresa que trabalho e é padrão que a locação seja feita com a liberação de uso da *****. E assim foi feito. Quando devolvi o carro nada constava no extrato de uso da *****, apesar de ver a todo momento no app da Localiza que a ***** estava ativa, obtive a resposta de que os sistemas de comunicação podem levar até 7 dias aproximadamente pra contabilizar os gastos na ***** dos pedágios. E após alguns dias recebi a notificação de multa por evasão de pedágio. O problema ocorreu nos sistemas ou ativação da ***** mas eu recebo uma multa? Estou compartilhando o contrato e a comunicação de ressarcimento por pagamento de multa da qual eu terei o desconto na minha folha de pagamento. E não há como eu testar a funcionalidade da bendita ***** e nem como identificar alguma falha se todas as cancelas abriram para passagem do carro.",https://www.reclameaqui.com.br/localiza-aluguel-de-carros/multa-por-evasao-de-pedagio-devido-a-falha-na-comunicacao-ou-ativacao-da-gerando-cobranca-indevida_nKfo2t6DGVDIp6vc/,10.0,Problema Financeiro
Serviço prestado de má qualidade,NÃO RESOLVIDO,São Gonçalo,RJ,"Reservei um veículo na localiza para uma viagem com mais de um mês
de antecedência, para retirada no aeroporto de Bonito, MS.
Porém só depois de assinar o contrato o atendente me informou que não poderia chegar a 150 km da fronteira, pois o carro seria bloqueado, o contrato cancelado e o carro recolhido e teria que arcar com esses custos.
Liguei para o ***** e, mesmo assim, nao consegui reverter esta situação.
Uma vez que só alugo nesta empresa achei que seria tratado como um bom cliente e não como um [Editado pelo Reclame Aqui] que atravessaria o veículo para fins ilícitos.
Aluguei o carro com interesse de ir até Ponta Porã e atravessar à pé para o Paraguai para fazer compras e, além de ter frustrado todo meu planejamento de Férias, fico com um sentimento de que sou [Editado pelo Reclame Aqui] só por estar em em uma região de fronteira.
Achei a prestação de serviços [Editado pelo Reclame Aqui], uma vez que não levaram em consideração o histórico do cliente.

Sem mais, fico a disposição

*****",https://www.reclameaqui.com.br/localiza-aluguel-de-carros/servico-prestado-de-ma-qualidade_mnooFCLM0fJlDTp_/,3.0,Bloqueio de Cadastro
"Cadastro não aprovado para locação de veículo pela Localiza, via Booking.com, sem explicação prévia",NÃO RESOLVIDO,São Paulo,SP,"Realizei a reserva por meio da Booking.com para locação de veículo junto à Localiza, no período de ***** até *****.

Ao comparecer ao balcão para retirada do veículo, fui surpreendido com a informação de que meu cadastro não havia sido aprovado, impossibilitando a locação. A situação gerou frustração, desgaste e transtornos, especialmente porque a informação somente foi comunicada presencialmente, no momento da retirada.

Faço questão de registrar que a Booking.com foi prestativa, eficiente e realizou prontamente o estorno dos valores pagos, demonstrando respeito e atenção ao consumidor.

Entretanto, não tive a mesma experiência com o SAC da Localiza. Até o momento, não consegui obter qualquer esclarecimento objetivo sobre os motivos da reprovação do meu cadastro, mesmo após tentativas de contato. Considero preocupante a ausência de transparência em uma situação que impacta diretamente o consumidor.

Meu objetivo com este registro é obter uma resposta clara sobre o ocorrido, bem como uma postura mais transparente e respeitosa no atendimento aos clientes.",https://www.reclameaqui.com.br/localiza-aluguel-de-carros/cadastro-nao-aprovado-para-locacao-de-veiculo-pela-localiza-via-sem-explicacao-previa_6Lfs18HGjuuF_XhF/,1.0,Problema Financeiro
Cobrança indevida pela Localiza de veículo reserva fornecido pela GM,NÃO RESOLVIDO,Manaus,AM,"Recebi novamente cobranças indevidas da Localiza referentes ao veículo reserva disponibilizado enquanto meu carro da GM permanecia imobilizado na oficina.

Esclareço que eu NÃO aluguei veículo diretamente junto à Localiza, não realizei contratação particular, não negociei diária, tampouco assinei contrato assumindo responsabilidade financeira pelas cobranças que estão sendo realizadas.

O veículo foi fornecido pela GM/concessionária como suporte durante o período de reparo do meu automóvel, sendo apenas retirado por mim na locadora conforme orientação da própria concessionária/montadora.

Além disso, o veículo já foi devidamente devolvido na loja indicada, inclusive com entrega da chave à funcionária responsável pelo recebimento dos veículos vinculados às vendas e assistência.

Dessa forma, não reconheço qualquer débito cobrado em meu nome e exijo a imediata suspensão das cobranças, bem como a regularização da situação para evitar medidas administrativas e judiciais cabíveis. Caso recebe novamenete mensagens em [Editado pelo Reclame Aqui] ou e-mail. Vou acionar a justiça",https://www.reclameaqui.com.br/localiza-aluguel-de-carros/cobranca-indevida-pela-localiza-de-veiculo-reserva-fornecido-pela-gm__MzzhzjQoYR3Fogd/,5.0,Problema Financeiro
Multa por rodízio devido à falta de informação da ***** ao entregar o veículo.,RESOLVIDO,São Gonçalo,RJ,"Realizei um aluguel de veículo com a ***** em *****, cidade onde existe o sistema de rodízio municipal de veículos. No momento da retirada do carro, por volta das 8h da manhã, durante o horário de restrição, a própria agência entregou um veículo cuja placa estava impedida de circular naquele dia e horário.

Em nenhum momento fui informado pela atendente de que o veículo não poderia circular naquele instante devido ao rodízio. O carro foi liberado normalmente para saída, sem qualquer orientação ou alerta sobre a restrição vigente.

Como consequência direta dessa falha de atendimento e de informação da *****, recebi uma multa no valor de R$ 134,00.

Entendo que essa responsabilidade não pode ser atribuída exclusivamente ao cliente. A empresa, como prestadora do serviço e conhecedora das regras locais de circulação, deveria ter verificado essa situação antes de entregar o veículo ou, no mínimo, informado claramente sobre a impossibilidade de circulação naquele horário.

O fato de existir uma cláusula contratual transferindo ao cliente a obrigação de verificar o rodízio não elimina a falha na prestação do serviço, já que a própria agência entregou o veículo em situação irregular para circulação.

Dessa forma, solicito o cancelamento da cobrança da multa, pois entendo que ela decorreu de uma falha operacional e de orientação da própria *****",https://www.reclameaqui.com.br/localiza-aluguel-de-carros/multa-por-rodizio-devido-a-falta-de-informacao-da-ao-entregar-o-veiculo_GBwFq_th0H-uZknf/,8.0,Problema Financeiro
Cobrança indevida após cancelamento de reserva não utilizada na *****,RESOLVIDO,São Paulo,SP,"Realizei uma reserva na ***** e tive uma experiência extremamente frustrante com a cobrança aplicada após o cancelamento da locação.
O veículo NÃO foi utilizado em nenhum momento e, mesmo assim, fui penalizado como se tivesse simplesmente deixado de comparecer sem qualquer aviso. O cancelamento foi realizado antecipadamente, antes do horário previsto para retirada do veículo, porém a empresa ignorou completamente esse fato e limitou-se apenas a reproduzir regras internas automáticas para justificar a cobrança.
Além disso, a resposta fornecida pela assistência ao cliente foi totalmente padronizada, sem análise individual do caso e sem qualquer tentativa de resolução amigável. Demonstraram zero empatia com a situação e apenas insistiram na cobrança automática.
Outro ponto que considero incoerente é a justificativa apresentada pela empresa de que a reserva torna o veículo indisponível para outros clientes. Essa argumentação não se sustenta diante da própria realidade operacional da *****. Em diversas ocasiões, eu mesmo já precisei aguardar mais de 2 horas para retirada de veículos reservados, além de receber automóveis em condições inadequadas de limpeza e até mesmo com o combustível pela metade, gerando ainda mais transtornos e prejuízos ao cliente. Isso demonstra claramente que atrasos, reorganizações de frota e falhas operacionais acontecem frequentemente dentro da própria empresa.
Sendo assim, considero totalmente desproporcional exigir do consumidor um cancelamento com 48 horas de antecedência e ainda aplicar cobrança mesmo quando houve comunicação prévia antes do horário da retirada. Se a própria empresa enfrenta alterações operacionais constantes e nem sempre entrega o serviço dentro do padrão esperado, não é razoável tratar o cliente de forma tão rígida e inflexível.
Reforço que o veículo sequer foi utilizado, não houve qualquer prejuízo efetivamente comprovado pela empresa e, ainda assim, a cobrança foi mantida de maneira automática, sem bom senso e sem uma análise justa da situação.
Como cliente, me sinto decepcionado com a postura adotada pela empresa. Solicito novamente a revisão dessa cobrança e uma solução justa para o caso.",https://www.reclameaqui.com.br/localiza-aluguel-de-carros/cobranca-indevida-apos-cancelamento-de-reserva-nao-utilizada-na_HWkhq98uHpshi-R0/,10.0,Problema Financeiro
Cobrança indevida de estacionamento após pagamento comprovado e problema com dívida antiga de marido.,RESOLVIDO,Rio de Janeiro,RJ,"Aluguei um carro de 24 a 29 de Abril de 2025, reserva *****, SDU. Durante o período da reserva, eu paguei todos os pedágios na cabine, para não utilizar a tarja do carro. Fui ao shopping botafogo e paguei o estacionamento lá na maquina do Shopping. No ato da entrega apresentei os recibos de pagamento. Mas havia do Shopping em aberto de 40,27. Eu apresentei o recibo de PAGO a recepcionista e ela tirou copia, falou que ia dar baixa na dívida de r$ 40,27 e me PROMETEU que tudo seria resolvido e enviado ao meu e-mail. Eu ainda eu frisei, posso ir embora? A resposta foi sem nenhum problema. Agora vocês me enviam por e-mail uma um boleto para pagamento do estacionamento do shopping. Brincadeira!!!
Eu estou espantada porque meu marido no ato da entrega do carro ele estava impedido de ser o 2 motorista porque tinha uma dívida com a localiza. Ficamos quase 2 horas na Localiza para resolver uma dívida pendente na localiza de 2014, UM FIAT IDEIA, que nem fabrica mais, ele não teve nem como contestar a divida...2014. Olha que ele ja alugou carro depois desta data. Ganhar dinheiro assim e facil.
Estão me cobrando porque o administrativo não sabe dar baixa no sistema da dívida. Eu tenho 2 carros alugados 1 em maio e 1 em julho. NAO QUERO PASSAR PELO CONSTRANGIMENTO QUE O MEU MARIDO PASSOU. E EU TENHO HORARIO PARA CHEGAR NO EVENTO. LIMPA MEU NOME",https://www.reclameaqui.com.br/localiza-aluguel-de-carros/cobranca-indevida-de-estacionamento-apos-pagamento-comprovado-e-problema-com-divida-antiga-de-marido_PohE1ORQ88TAvxls/,0.0,Problema Financeiro
"Satisfação com o atendimento da Locadora Localiza, destacando a simpatia e profissionalismo dos funcionários em diversas unidades e a facilidade dos serviços.",RESOLVIDO,Rio de Janeiro,RJ,"Só queria deixar registrado que estou muito satisfeito com o serviço dessa marca. Em todas as vzes e em todos os lugares e Estados q fui, sempre fui bem atendido do aeroporto a loja de rua; Hoje por exemplo a loja de Niterói tem um senhorzinho que faz a vistoria do veiculo e ele é de uma pura simpatia que chega a ser raridade hj em dia a alegria da pessoa em representar a empresa e fazer o q gosta. Como nao veio nota de atendimento dessa vez, quero deixar registrado o fato.

Desde a facilidade de retirar digital a entrega de veiculos sem ficar inventando problemas, mostra o pq a localiza sempre foi a melhor locadora.",https://www.reclameaqui.com.br/localiza-aluguel-de-carros/satisfacao-com-o-atendimento-da-locadora-localiza-destacando-a-simpatia-e-profissionalismo-dos-funcionarios-em-diversas-unidades-e-a-facilidade-dos-servicos_1AvFYSRdYU2DT9Jn/,10.0,Outros
"Cobrança indevida de ""não retirada"" após reprovação interna e bloqueio de cadastro na Localiza",RESOLVIDO,São José do Rio Preto,SP,"No dia 29/04 compareci presencialmente à agência da Localiza para retirada de um veículo reservado, realizando inclusive o check-in cerca de 15/20 minutos antes do horário agendado.

Na ocasião, fui atendido pela colaboradora *****, que informou que minha locação havia sido reprovada pela análise interna da empresa no momento da liberação/pagamento do veículo.

Ressalto que meu cartão de crédito possuía limite disponível para a locação e para o caução exigido, portanto a reprovação ocorreu exclusivamente por critérios internos da própria Localiza.

Inclusive, no mesmo dia, consegui realizar normalmente a locação de um veículo em uma empresa concorrente, sem qualquer impedimento relacionado a pagamento ou crédito.

Apesar disso, posteriormente fui surpreendido com uma cobrança de aproximadamente R$ 270,00 referente a não retirada do veículo (no-show), o que considero totalmente indevido, já que estive presencialmente na agência e tentei concluir normalmente a locação.

Na data de hoje, retornei presencialmente à agência buscando esclarecimentos, sendo atendido pela colaboradora ***** e também pela *****, da assistência. Durante o atendimento, fui informado pela ***** que possivelmente meu cadastro teria sido bloqueado internamente e que uma nova análise somente poderia ocorrer após 180 dias.

Além disso, atualmente não consigo mais acessar o aplicativo da Localiza, nem utilizando meu cadastro antigo e nem tentando criar um novo cadastro, o que reforça a possibilidade de bloqueio interno sem qualquer esclarecimento formal ao consumidor.

Em seguida, entrei em contato com o 0800 da empresa, onde fui atendido pela colaboradora *****, sob protocolo n *****.

Reforço que em nenhum momento deixei de comparecer à agência ou abandonei a reserva. A locação não foi concluída por reprovação sistêmica/interna da própria empresa, portanto não faz sentido aplicar cobrança por não retirada.

Solicito:
- revisão imediata da cobrança;
- estorno do valor debitado;
- esclarecimento formal sobre o bloqueio/cadastro;
- e explicação oficial sobre o motivo da taxa aplicada.

Possuo comprovantes da reserva, do comparecimento na agência e dos atendimentos realizados.",https://www.reclameaqui.com.br/localiza-aluguel-de-carros/cobranca-indevida-de-nao-retirada-apos-reprovacao-interna-e-bloqueio-de-cadastro-na-localiza_9-rOLpL2hVN28q7M/,10.0,Problema Financeiro
Cobrança de franquia de seguro em caso de sinistro e judicialização de terceiro não reparado pela locadora de veículos,NÃO RESOLVIDO,Lagoa Santa,MG,"Fiz a locaçao de um carro da empresa, foi sinistrado, pago a franquia do seguro e fomos acionados judicialmente pelo terceiro porque o mesmo após 9 meses ainda não teve o carro consertado e não entrou em acordo com a localiza. Fomos ter a unidade da Bernado Monteiro em Belo Horizonte onde residimos e o gerente da unidade ***** disse que não atende a questão e que precisa resolver a situaçao no 0800. O funcionario nao quis nem mesmo nos fornecer um documento com as informaçoes para que pudessemos nos resgardar. Pessimo a conduçao do caso, pagamos uma seguro e uma franquia carissima para nao termos problemas em uma viagem de ferias e agora temos que nso defender judicialmente.",https://www.reclameaqui.com.br/localiza-aluguel-de-carros/cobranca-de-franquia-de-seguro-em-caso-de-sinistro-e-judicializacao-de-terceiro-nao-reparado-pela-locadora-de-veiculos_ZXooXqFxNDmZQd3I/,0.0,Sinistro e Acidente
Aluguel de carro,NÃO RESOLVIDO,São Paulo,SP,"Estou tentando alugar um carro e não foi aprovado, não tenho restrição no nome tenho cartão de crédito com limite suficiente, liguei na Localiza e eles não me informaram o motivo",https://www.reclameaqui.com.br/localiza-aluguel-de-carros/aluguel-de-carro_e-PvEx-J_WVhWqZC/,0.0,Problema Financeiro
Cobrança indevida e [Editado pelo Reclame Aqui] no aplicativo *****,RESOLVIDO,Feira de Santana,BA,"Aluguel um veículo de terça a sexta, e na sexta eu preferir pegar mais uma diária, para entregar mais cedo no sábado, ao selecionar no app me deram um desconto na diária do carro de ***** e ficou por ***** tudo, com isso assinei e continuei até sábado com o carro, chegando para devolver o carro na localiza, deixei o carro aspirado e lavado, cheguei lá e eles alegaram que o carro estava sujo e me cobraram ***** a lavagem sendo que o carro estava limpo, e disseram que eu estava devendo a diária, que tinha cido um [Editado pelo Reclame Aqui] do aplicativo eu ter pagado *****, e aí que eu me [Editado pelo Reclame Aqui] e tive de pagar tudo isso. Tomei um prejuízo, toda vez que eu vou pegar carro na localiza nunca tive problema em entregar do mesmo jeito limpo para não ter encargos a mais, mas desse jeito com essas dificuldades dizendo que era [Editado pelo Reclame Aqui] do aplicativo não vou voltar a alugar com vocês, quero reaver meu dinheiro da diária, e da limpeza pq que aplicativo é esse que fica [Editado pelo Reclame Aqui] ?? Quero meu dinheiro, estou no prejuízo.",https://www.reclameaqui.com.br/localiza-aluguel-de-carros/cobranca-indevida-e-editado-pelo-reclame-aqui-no-aplicativo_E5SD4bqpRHPQnXlN/,10.0,Problema Financeiro
"Localiza Chácara ***** em Sorocaba negou retirada de carro reserva por suposta pendência cadastral não informada, impedindo o aluguel por 180 dias.",NÃO RESOLVIDO,Sorocaba,SP,"Após um sinistro, a seguradora liberou um carro reserva para que eu pudesse utilizar por 7 dias. Realizei a reserva do carro para retirada no dia ***** e, comparecendo à Localiza Chácara *****, em Sorocaba, fui informada no momento do cadastro que meu ***** não estava autorizado para retirada do carro reserva. Na mesma hora, entrei em contato com a seguradora para verificar a pendência e não foi verificada nenhuma pendência pela seguradora. Em contato com o setor de cadastro da Localiza, eles informaram que não tinham como verificar qual a pendência em meu cadastro devido a lei de proteção de dados. Pedi para que me passassem um site ou sistema onde eu mesma pudesse verificar qual seria a pendência, visto que eu não tenho restrição no *****, ***** ou ***** e minha CNH está válida e sem pontuação de multas e, qual foi a minha surpresa pois a atendente informou que NÃO TEM COMO eu verificar qual a minha pendência e que eu não posso alugar carro nesta empresa por causa desta pendência.. Um absurdo eu não conseguir saber qual a minha pendência no cadastro para que eu possa sanar. Além disso, a empresa tem uma regra que, como eu tive o cadastro negado, só posso TENTAR alugar um carro novamente nesta empresa após 180 dias. Total falta de respeito.",https://www.reclameaqui.com.br/localiza-aluguel-de-carros/localiza-chacara-em-sorocaba-negou-retirada-de-carro-reserva-por-suposta-pendencia-cadastral-nao-informada-impedindo-o-aluguel-por-180-dias_EF_ZMK-M7SCuDWUv/,2.0,Sinistro e Acidente
"Reserva de ***** cancelada pela locadora em *****, deixando clientes desamparados.",NÃO RESOLVIDO,São Paulo,SP,"Péssima em todos os sentidos !! Aluguei 1 carro categoria ***** na localiza do aeroporto de *****, chegando na locadora fui informada que não tinha carro disponível na categoria, cancelaram a reserva já paga sem informar o motivo e deixaram eu e meu marido em pleno horário das 22:30 hs sem opções , em uma cidade desconhecida pois somos de *****! Nunca mais caio em promoções ou propagandas enganosas dessa empresa!!",https://www.reclameaqui.com.br/localiza-aluguel-de-carros/reserva-de-cancelada-pela-locadora-em-deixando-clientes-desamparados_3kdRv2y3teJmo-mT/,0.0,Falha no App / Reserva
Carro sujo,RESOLVIDO,São Paulo,SP,"Aluguei um carro, e retirei hoje, contrato *****, no shop. Butantã, no estacionamento não vi, mas quando fui para o claro, vi q o carro estava muito sujo, sujeira de pó [Editado pelo Reclame Aqui], na lateral das portas dianteiras e caçamba, peguei o carro para ir viajar, reclamei, e queriam que eu levasse o carro para lavar, mas estou com viagem marcada e não posso ficar esperando fazerem, o q já deveria estar feito, carro limpo, terei q colocar as malas numa caçamba [Editado pelo Reclame Aqui] de barro.",https://www.reclameaqui.com.br/localiza-aluguel-de-carros/carro-sujo_w6qKRkVborYvBpRq/,10.0,Qualidade do Veículo
Cobrança indevida por reserva não reconhecida solicitação de estorno imediato,RESOLVIDO,Vitória,ES,"Fui surpreendida, em MAIO, com uma cobrança de R$ 127,52 referente a uma suposta reserva da Localiza com retirada prevista para MARÇO/2026, reserva que eu simplesmente NUNCA fiz.

Não reconheço a contratação, nunca utilizei qualquer serviço relacionado e jamais autorizei terceiros a utilizarem meus dados.

O mais absurdo é a empresa aparecer meses depois realizando/comunicando uma cobrança de uma reserva que sequer lembro de existir, justamente porque NÃO FIZ. Isso demonstra total falha de segurança e falta de transparência com o consumidor.

Recebi e-mail informando cancelamento da reserva n ***** e cobrança vinculada ao meu cartão final *****, referente à agência *****.

Quero o ESTORNO IMEDIATO do valor cobrado e explicações sobre como uma reserva [Editado pelo Reclame Aqui] foi vinculada aos meus dados sem qualquer validação efetiva.

Também exijo:

cancelamento definitivo da cobrança;
investigação da [Editado pelo Reclame Aqui];
envio dos dados da suposta contratação (IP, horário, autenticação etc.);
garantia de que meus dados não continuarão sendo utilizados indevidamente.

Caso a situação não seja resolvida imediatamente, tomarei as medidas judiciais cabíveis.

Extremamente decepcionante e revoltante passar por esse tipo de situação.",https://www.reclameaqui.com.br/localiza-aluguel-de-carros/cobranca-indevida-por-reserva-nao-reconhecida-solicitacao-de-estorno-imediato_-RAfBSKj9oERIJiV/,9.0,Problema Financeiro
Mal atendimento,RESOLVIDO,Rubiataba,GO,"Fiz uma reserva de veículo no qual era pra ser retirado as 12:00 do dia 08/05,porém ficou em análise ao qual só chegou a resposta em cima da hora da retirado,quando eu já estava ao lado da locadora,adentrando ao pátio da locadora,mim dirigi a um sala creio eu que seria a recepção,porém não tinha ninguém e sai novamente onde uma colaboradora veio de encontro comigo,eu falando a ela que eu teria ido a respeito da reserva que fiz,a mesma sem profissionalismo somente perguntou meu nome ali msm no pátio da locadora e já foi falando que eles daquela unidade não aprovou minha locação e que já tinha negado por que não passei na análise,e também falando sobre valores de limite no cartão de crédito,sobre calção
Quero aqui deixar claro a essa empresa que se eu procurei por aquele veículo
Eu tenho condições de pagar pela a diária e tbm pelo o calção mesmo que seja 2.000 igual a funcionária mim disse ou se fosse 100.000
Aprendam que uma empresa ela cresce mas também pode diminuir,vocês vivem é de clientes assim como eu.
Deixo aqui a minha insatisfação com esta empresa e que não volto e nem indico a outros!",https://www.reclameaqui.com.br/localiza-aluguel-de-carros/mal-atendimento_v2rtNaXFVRdNcDVs/,10.0,Problema Financeiro
Desorganização e o péssimo atendimento prestado pela unidade *****.,RESOLVIDO,Vitória,ES,"Boa tarde,

Utilizo os serviços da ***** há bastante tempo e, até então, nunca tive grandes problemas. Porém, há algum tempo venho utilizando a agência de ***** e é inacreditável a desorganização e o péssimo atendimento prestado pela unidade.

Nunca consegui retirar um veículo no horário correto. Os atrasos são frequentes, variando entre 30 e 60 minutos. Hoje, dia *****, por exemplo, eu tinha uma locação agendada para as *****. Cheguei à agência às ***** e, às *****, o veículo sequer havia chegado à loja.

O mais preocupante é que isso não é um caso isolado, mas sim uma situação recorrente. Além dos constantes atrasos, as atendentes demonstram total despreparo, muito diferente do padrão de atendimento encontrado em outras lojas da rede *****.

Sinceramente, se houvesse outra opção na cidade, eu não utilizaria mais a agência de Colatina. A experiência tem sido extremamente negativa.

Atenciosamente,",https://www.reclameaqui.com.br/localiza-aluguel-de-carros/desorganizacao-e-o-pessimo-atendimento-prestado-pela-unidade_tBgBJmCL-qWxNHe7/,9.0,Tempo de Atendimento
Dificuldade de contato com a Localiza para pagamento de multa após aluguel de carro em *****,RESOLVIDO,Pouso Alegre,MG,"aluguei um carro, mandaram uma aviso que precisava pagar uma multa. depois disso, não consigo falar com a localiza para eu pagar. aluguei na agência de pouso Alegre, mg . lá não tem telefone; somos obrigados a usar uma IA no WApp que não resolve nada. se a multa vencer e eu tiver de pagar multa, nos veremos no juizado de pequenas causas. Vocês têm de melhorar a comunicação com o cliente. É horrível. aguardo retorno",https://www.reclameaqui.com.br/localiza-aluguel-de-carros/dificuldade-de-contato-com-a-localiza-para-pagamento-de-multa-apos-aluguel-de-carro-em_mht5cd-fnX9rYz5a/,10.0,Multa e Infração
"Problemas com desconto *****, falta de cadeirinha e dificuldade de cancelamento em aluguel de veículo",RESOLVIDO,Macapá,AP,"Realizei a contratação de aluguel de um veículo na data de ***** na agência de Belém, como benefício do meu cartão *****, solicitei que a atendente me desse o desconto por pagamento com este cartão, desconto que está explícito que é de *****, mas a atendente não sabia realizar, acredito que deveriam realizar um treinamento sobre esse tipo de problema, ou um esclarecimento sobre a ativação do desconto.
Outra reclamação é que solicitei uma cadeirinha para criança, a minha reserva foi feita ***** da data de retirada, mesmo assim só descobri na retirada do veículo que na tinha cadeirinha disponível, me causando um enorme transtorno pelo horário que era de *****.
Tentei solicitar o cancelamento da mesma, mas a atendente me informou que eu deveria ligar em número para fazer o cancelamento, o que na fazia sentido, pois a falha no aluguel foi de vcs, logo tive que levar um *****, para não ter mais dores de cabeça.
Estou extremamente decepcionado com a última experiência de aluguel.",https://www.reclameaqui.com.br/localiza-aluguel-de-carros/problemas-com-desconto-falta-de-cadeirinha-e-dificuldade-de-cancelamento-em-aluguel-de-veiculo_aYi4PguxpTejjry8/,10.0,Problema Financeiro
Cobrança indevida no cartão de crédito de ***** com possível uso não autorizado.,NÃO RESOLVIDO,São Paulo,SP,Boa noite! Estão fazendo uma cobrança indevida no cartão do meu noivo. ***** ***** Uma cobrança de Belo Horizonte sendo que nunca estivemos lá. Ele retornou para o país dele em janeiro Favor verificar o que ocorreu e uma explicação coerente de usar o cartão dele sem permissão.,https://www.reclameaqui.com.br/localiza-aluguel-de-carros/cobranca-indevida-no-cartao-de-credito-de-com-possivel-uso-nao-autorizado_tTp7FlMgFuL68lWi/,0.0,Problema Financeiro
Estão me cobrando uma dívida que eu não fiz,RESOLVIDO,Campinas,SP,"Eu estava trabalhando recebi uma notificação no meu ***** da ***** que a minha compra tinha sido aprovada no valor de R$166 na hora eu entrei no aplicativo para ver qual compra era essa pois eu não tinha feito compra nenhuma e eu uso o cartão pelo celular não o cartão físico então não tinha como alguém ter feito alguma compra no meu nome pelo cartão físico e eu estava com o celular No serviço Quando vi a notificação era da ***** me cobrando esse valor na hora entrei em contato com a ***** fiz a reclamação que eu não havia feito a compra e pediu o cancelamento pois não foi eu que fiz aquela compra eu estava trabalhando no momento Impossível eu ter alugado o carro Não tem como eu ter alugado o carro porque eu estou com habilitação vencida há dois anos E não tem o porquê o alugar carro porque eu já tenho um carro! O ***** cancelou a compra
Agora a ***** está me cobrando recebi msg que meu nome está no *****
Eu achei que tinha cancelado pois o ***** cancelou a compra e não foi eu que fiz essa compra
Entrei em contato com a ***** disseram que aluguei um carro e não fui retirar será pq não foi eu ????
Hoje cehegou outra msg que meu nome vai para o *****! Sacanagem me conta-me uma coisa que não foi eu que comprei
Entrei em contato
Cancelei no ***** em seguida que recebi a notificação de compra! Não consegui resolver na ***** depois que eles me mandaram msg foi aí que fiquei sabendo sobre o nome no spc e que a dívida ainda estava ali pra eu paga!
Como vou paga uma coisa que não foi eu que comprei isso é [Editado pelo Reclame Aqui] verifiquem! No msm dia bloqueiem meu cartão agora querem me cobrar uma coisa que eu não comprei entrei em contato com ***** e achei que já estava resolvido!",https://www.reclameaqui.com.br/localiza-aluguel-de-carros/estao-me-cobrando-uma-divida-que-eu-nao-fiz_48y9M4R9U-73Fn3Y/,8.0,Problema Financeiro
Problemas com a aplicação de [Editado pelo Reclame Aqui] na Localiza.,RESOLVIDO,Divinópolis,MG,"Sou cliente mastercard surpreenda o que me da direito a [Editado pelo Reclame Aqui] na localiza. Tem 4 dias que estou tentando alugar um carro com a empresa mas qualquer [Editado pelo Reclame Aqui] que tento usar, ate mesmo os fora do mastercard surpreenda, não dão os descontos efetivos. Ao clicar em avançar o [Editado pelo Reclame Aqui] aparece que está sendo utilizado mas na realidade nenhum valor é efetivamente retirado dos custos da reserva.",https://www.reclameaqui.com.br/localiza-aluguel-de-carros/problemas-com-a-aplicacao-de-editado-pelo-reclame-aqui-na-localiza_2n20KVZZheHBCY_P/,7.0,Problema Financeiro
Bloqueio indevido de cadastro após quitação de débito e solicitação de carta de quitação não atendida,NÃO RESOLVIDO,São José do Rio Preto,SP,"Quitei débito referente ao contrato ***** em ***** . Há ***** aguardando a liberação do meu cadastro com a plataforma . Estou bloqueado indevidamente pois não tenho débitos em atraso com a empresa e nem no meu CPF . Preciso da carta de quitação que não me liberaram e liberação do bloqueio interno . A permanência do bloqueio diverge do art . 43 do Código de Defesa do Consumidor , onde é proibido manter o bloqueio e restrição após a quitação . É de conhecimento público o item 3.2. do contrato de locação onde não se encontra em meu perfil nenhum impedimento para locação em meu CPF nem nos cartões que possuo pois são legítimos e de minha titularidade . Aguardo retorno .",https://www.reclameaqui.com.br/localiza-aluguel-de-carros/bloqueio-indevido-de-cadastro-apos-quitacao-de-debito-e-solicitacao-de-carta-de-quitacao-nao-atendida_TqZvf4kGT-rfGyj0/,0.0,Problema Financeiro
Cobrança indevida após alteração de prazo de devolução informada por e-mail e aplicativo pela Localiza,RESOLVIDO,Feira de Santana,BA,"Aluguei um carro no dia *****. Segundo a localiza eu tinha até às ***** para entregar esse carro, porém recebi no meu e-mail e também no aplicativo que eu poderia Entregar até às *****, o mesmo fiz. Entreguei as ***** porque recebi um e-mail às ***** do dia 7 para entregar o carro até às ***** e no aplicativo a mesma coisa. E agora eles estão me cobrando uma taxa de 200 reais por atraso. Então assim eu acho errado induzir o cliente ao erro, como foi feito, me mandando um e-mail pela manhã notificando o que eu poderia Entregar até às *****, sendo que segundo o pessoal do interno da Localiza que eu entrei em contato pelo telefone me disseram que só tinha até às ***** e que não podiam fazer nada.",https://www.reclameaqui.com.br/localiza-aluguel-de-carros/cobranca-indevida-apos-alteracao-de-prazo-de-devolucao-informada-por-e-mail-e-aplicativo-pela-localiza_C_JnIIVl39Siizof/,6.0,Falha no App / Reserva
Indenização negada após colisão com veículo alugado - Falta de responsabilização da locadora,NÃO RESOLVIDO,Londrina,PR,"Um veículo alugado colidiu com o meu em *****. Desde então, meu seguro entrou em contato com a empresa responsável, porém até o momento não houve a devida responsabilização pelo ocorrido, sob a justificativa de que o motorista não comunicou o acidente à agência no momento em que aconteceu.

Possuo registro do BATEU, orçamento realizado e toda a documentação necessária. Ainda assim, a empresa autorizou apenas 50% do valor do reparo, mesmo com o serviço sendo realizado na oficina indicada pela própria *****.

Estou extremamente insatisfeito com a condução do caso, a falta de suporte adequado e a postura da empresa em relação à prestação de contas e resolução do problema.",https://www.reclameaqui.com.br/localiza-aluguel-de-carros/indenizacao-negada-apos-colisao-com-veiculo-alugado-falta-de-responsabilizacao-da-locadora_8qH4DUJq2e4j_QpN/,1.0,Sinistro e Acidente
Reclamação sobre acidente com motorista do ***** e descaso da ***** com reparo do veículo,NÃO RESOLVIDO,Campina Grande do Sul,PR,"Faz 2 meses que um motorista do ***** bateu atrás do meu carro em *****. Fiz boletim de ocorrência e enviei a documentação solicitada pela *****, no entanto eu entro em contato por mensagem e a informação que passam é: o cliente não informou o sinistro, mas informou sim, pois a batida foi tão forte que estourou o radiador e o furgão quase não saiu do lugar. Enquanto isso, meu carro ainda ainda está com o porta malas amassado e uma das lanternas traseira quebrada.",https://www.reclameaqui.com.br/localiza-aluguel-de-carros/reclamacao-sobre-acidente-com-motorista-do-e-descaso-da-com-reparo-do-veiculo_JSO7KB-PmhitcK0W/,0.0,Sinistro e Acidente
Entrega de Carro com Defeito,RESOLVIDO,Rio de Janeiro,RJ,"Retirei um carro Fiat Argo na agência de Viracopos, Campinas, contrato *****, na quarta-feira dia 22/04/2026.
Como já tive problemas com o rádio do Argo, perguntei se o rádio estava funcionando. A resposta foi que sim, funcionando bem.
Foi só pegar estrada e o rádio parou de funcionar. Não era possível mudar de estação.
Não entrei em contato durante o aluguel porque aconteceu a mesma coisa em janeiro, quando liguei e fui até outra agência reclamar e me disseram que não tinha solução, ou melhor, a solução era dar um reset na bateria. Era um problema crônico.
Desta vez não entrei em contato porque já sabia que não haveria solução.
Atrapalhou muito minha viagem. Na estrada obviamente o rádio ficava mudo.
Eu imaginei que, desde a alocação anterior, este problema teria sido resolvido. É obvio que é do conhecimento da Localiza.
Como me entregam um carro sabidamente com defeito cobrando a mesma tarifa de um similar? Não é justo. O transtorno não foi pequeno.
Mais uma vez a Localiza deixou muito a desejar e continuo me sentindo enganado.",https://www.reclameaqui.com.br/localiza-aluguel-de-carros/entrega-de-carro-com-defeito_R9CiqzzWLB_lQJ0-/,10.0,Qualidade do Veículo
Prometeram reembolso por erro operacional e não cumpriram,RESOLVIDO,São Paulo,SP,"Contratei o aluguel de um veículo da categoria premium e recebi um veículo de categoria inferior no dia da retirada (*****). No momento da retirada, a própria equipe da Localiza reconheceu o erro operacional e me prometeu o estorno integral da diária e da taxa de devolução. Inclusive, além de me falarem isso no momento em loja, também tenho essa confirmação via Whatsapp da atendente da Localiza.

O estorno da diária foi realizado, porém a taxa de devolução nunca foi reembolsada. Ao buscar a resolução deste então, a Localiza se recusa a efetuar o estorno alegando que a reserva foi feita pela ***** argumento que considero completamente irrelevante, pois a promessa de reembolso foi feita diretamente por uma funcionária da Localiza, no balcão da Localiza, como reconhecimento de um erro operacional da própria empresa.

Não aceito a transferência de responsabilidade para a ***** por uma falha que é exclusivamente de operação da Localiza. A funcionária deveria ter verificado qualquer impedimento antes de realizar a promessa de reembolso presencialmente.

Exijo o reembolso imediato da taxa de devolução prometida. Caso não haja solução, registrarei ocorrência também no ***** e no portal *****.

Aguardo resolução.",https://www.reclameaqui.com.br/localiza-aluguel-de-carros/prometeram-reembolso-por-erro-operacional-e-nao-cumpriram_7i4RKdBSBqx4HiGP/,10.0,Problema Financeiro
Problema persistente com cadastro e pagamento via aplicativo/site na Localiza,RESOLVIDO,São José dos Pinhais,PR,"Estou novamente enfrentando um problema com a Localiza desde de ***** e, até agora, ninguém resolveu. Abri diversas reclamações sem solução do problema. O problema foi resolvido a 1 semana atrás e fui fazer o cadastro se um segundo cartão meu o sistema está dando mesmo erro não pode acadastrar ou usar. segue em anexo o erro. O problema não está no cartão.


Não estou conseguindo realizar pagamento nem prorrogação de contrato pelo aplicativo ou site utilizando meu cartão de crédito.


O mais estranho é que o cartão funciona normalmente quando utilizado diretamente no balcão da agência. Ou seja, não se trata de limite, bloqueio bancário ou problema financeiro. É claramente uma falha no sistema da própria Localiza.


Já abri diversas reclamações nos canais de atendimento, mas não tive retorno efetivo nem solução definitiva. O problema continua acontecendo, o que tem gerado transtornos, perda de tempo e insegurança em relação à continuidade do contrato.


Depender exclusivamente do atendimento presencial para algo que deveria funcionar digitalmente é inaceitável, principalmente após dois meses de tentativas frustradas.


Solicito:


Correção imediata da falha no [Editado pelo Reclame Aqui] ou no sistema;


Liberação do pagamento e prorrogação via app/site;


Explicação formal sobre o que está ocorrendo;


Prazo claro para resolução definitiva.


Aguardo um posicionamento sério e solução concreta.",https://www.reclameaqui.com.br/localiza-aluguel-de-carros/problema-persistente-com-cadastro-e-pagamento-via-aplicativosite-na-localiza_F4stGj-PW_h48i5b/,10.0,Problema Financeiro
COBRANÇA TAXA NO SHOW,RESOLVIDO,São Paulo,SP,"Recentemente realizei uma reserva de veículo com a Localiza, porém, no momento da retirada, a reserva simplesmente não aparecia no meu aplicativo. Diante disso, acreditei que a reserva anterior pudesse ter sido cancelada ou ter apresentado algum erro no sistema.

Como eu precisava retirar o veículo no mesmo horário, para o mesmo período de diárias e mesma categoria, realizei uma nova reserva diretamente no atendimento. Inclusive, a própria atendente localizou apenas uma reserva e em nenhum momento informou que existia outra reserva ativa vinculada ao meu *****.

O veículo foi retirado normalmente, o contrato foi cumprido integralmente e, dias depois, fui surpreendido com a cobrança de taxa de no-show referente à primeira reserva, sendo que a ausência ocorreu justamente por uma falha de comunicação/sistema da própria Localiza.

Não houve tentativa de descumprir regras ou gerar qualquer prejuízo operacional. A locação foi efetivamente realizada, apenas através de uma nova reserva, porque a original não estava disponível no aplicativo nem foi identificada corretamente no atendimento.

Antes de recorrer ao Reclame Aqui, tentei resolver a situação diretamente pelos canais oficiais da empresa. Abri manifestação pelo ***** da Localiza, relatei todo o ocorrido e, até o presente momento, não obtive qualquer retorno ou solução. Isso aumenta ainda mais o desgaste e a frustração com a situação.

Dessa forma, solicito o estorno integral da taxa de no-show cobrada indevidamente, além de uma solução adequada diante do transtorno, perda de tempo e falta de suporte no atendimento prestado.

Aguardo uma resolução amigável e definitiva para o caso.",https://www.reclameaqui.com.br/localiza-aluguel-de-carros/cobranca-taxa-no-show_3dpms9klKSNuSbXR/,10.0,Problema Financeiro
Cobrança de avarias em carro que tem seguro para avarias,RESOLVIDO,Ressaquinha,MG,"Eu tenho um cadastro de PJ com a localiza, a cada dois meses sempre retiro alguns veículos e em todos os contratos eu incluo o seguro de avaria total, que inclui pneus, vidros e outros tipos de avarias, pois bem, retirei uns veículos na agência de *****, uma agência que já é conhecida por fazer certos tipos de cobrança que muitas vezes nao tem lógica, muita das vezes referente a pneus, já aconteceu isso comigo na Pessoa física e com outras pessoas que conheço, tirei alguns veículos nessa agência e todos os veículos que retirei na agência eles fizeram cobrança de pneus, colocaram como desgaste excessivo e a localiza simplesmente tá me cobrando mais de 4 mil reais de indenizações de pneus dos veículos que tinha seguro de pneus, ou seja paguei seguro e ainda vou ter que pagar os pneus, nunca tenho problemas com isso em nenhuma agancia da localiza no Brasil mas na de ***** eles sempre fazem isso com a maioria dos clientes. Qual o sentindo de a empresa pagar um seguro e o seguro não cobrir as avarias? Já abri protocolo com a localiza e nem resposta eles me dão, inclusive tem uma das três cobranças que nem foto de vistoria tem, só tem a cobrança.
Quero uma solução, ou coloca o seguro pra pagar ou devolve o valor que eu paguei de seguro dos veículos já que o seguro não serve.",https://www.reclameaqui.com.br/localiza-aluguel-de-carros/cobranca-de-avarias-em-carro-que-tem-seguro-para-avarias_Y6Xh16B_d7Y4JfG9/,9.0,Sinistro e Acidente
Cobrança de multa indevida!,RESOLVIDO,Pindamonhangaba,SP,"Estou sendo cobrado de uma multa que eu não cometi, na data da infração. O carro não estava comigo
não.
A infração foi realizada no dia *****, porém a multa só foi gerada ***** (data que eu estava com o carro)",https://www.reclameaqui.com.br/localiza-aluguel-de-carros/cobranca-de-multa-indevida_ZItlFCpi0Qc6I-VN/,7.0,Problema Financeiro
Não subiu o nível para Gold,RESOLVIDO,Itanhaém,SP,"Só uma dúvida, já atingiu os 3 mil pontos para me tornar Gold, na verdade tenho quase 7 mil, mas alguns são pontos promocionais que não contam, mas descontando eles já tenho mais de 3 mil ainda, e já se passou 7 dias úteis que demora para elevar o nível e até agora não foi para nível gold.",https://www.reclameaqui.com.br/localiza-aluguel-de-carros/nao-subiu-o-nivel-para-gold_4YwvbPs-VjUiqIaN/,10.0,Tempo de Atendimento
Carro apresentou pane em rodovia,RESOLVIDO,Limeira,SP,"No dia 02/05 realizei a retirada do veículo referente à reserva *****, contrato *****. Poucas horas após sair da agência e já na rodovia, a luz de ignição acendeu na cor laranja e o veículo começou a perder força em diversos momentos, apesar de ainda conseguir se deslocar. A situação causou atraso na minha viagem até o destino e, imediatamente ao identificar o problema, entrei em contato com o 0800 da Localiza para informar o ocorrido e solicitar suporte.

Durante o atendimento, fui orientado a me deslocar até a agência mais próxima, localizada aproximadamente a 150 km de distância. Ao chegar ao local informado, constatei que a agência estava fechada, impossibilitando qualquer atendimento ou verificação do veículo.

Segui viagem com cautela até o destino e, ao chegar, entrei novamente em contato com o suporte da Localiza. No entanto, fui informado de que não havia agência disponível para realizar a troca ou verificação do automóvel. Em razão da insegurança e da falta de confiabilidade do veículo, no dia 03/05 não utilizei o carro alugado e precisei buscar meios alternativos para conseguir me deslocar e cumprir meus compromissos.

Ainda no dia 03/05, entrei novamente em contato com a central de atendimento e fui informado de que um prestador somente poderia realizar o atendimento no dia 04/05. Informei que possuía compromissos agendados, porém, diante da impossibilidade de solução imediata, precisei cancelar e reagendar meus compromissos para o dia 05/05, mesma data prevista para devolução do veículo.

No dia 04/05, a troca do veículo somente foi realizada após as 12h, o que inviabilizou totalmente a realização do compromisso que havia sido reagendado. Dessa forma, além dos transtornos causados pelo defeito apresentado poucas horas após a retirada do veículo, também enfrentei atrasos na viagem, impossibilidade de utilização adequada do automóvel, necessidade de buscar transporte alternativo e cancelamento de compromissos previamente agendados.

Diante dos fatos relatados, considerando que o veículo apresentou defeito durante a locação e permaneceu sem condições adequadas de uso, solicito uma solução para o caso, inclusive em relação ao período de utilização do veículo, aos transtornos suportados e à devolução prevista para o dia 05/05.

Dados da reserva:
Reserva: *****
Contrato: *****
Protocolo do atendimento: *****",https://www.reclameaqui.com.br/localiza-aluguel-de-carros/carro-apresentou-pane-em-rodovia_cDHCa8kQxLB-T3-G/,9.0,Falha no App / Reserva
Bloqueio de cadastro na Localiza após seguir orientação de atendente para pagamento de caução,NÃO RESOLVIDO,São Leopoldo,RS,"Prezados(as)
No dia *****, desloquei-me até a agência da Localiza junto ao Aeroporto *****, em *****, para retirada de um veículo previamente reservado via aplicativo.

Ao chegar na agência, realizei toda a etapa de conferência da reserva e efetuei o pagamento da locação. Inclusive, o veículo já havia sido disponibilizado na área externa, restando apenas o pagamento da caução via cartão de crédito.

Como o pagamento da locação foi realizado com meu próprio cartão, parte do limite foi consumida, fazendo com que o valor disponível ficasse abaixo do necessário para a caução. Diante desta situação, a atendente apresentou-me duas alternativas:

Submeter a locação à análise de crédito;
Utilizar o cartão de crédito de alguém próximo, desde que o titular estivesse presente no momento do pagamento.

Considerando que fui informado pela própria atendente de que a aprovação via análise de crédito costuma ser difícil em primeiras locações, optei pela segunda alternativa, conforme orientação recebida no balcão.

Entretanto, após a tentativa de pagamento utilizando o cartão da minha acompanhante, o sistema informou que a locação não havia sido aprovada. Posteriormente, ao retornar para casa, constatei que meu perfil/cadastro havia sido bloqueado, com previsão de liberação apenas após *****.

Entendo que a Localiza possui seus próprios critérios e mecanismos de verificação e segurança. Contudo, considero que houve uma orientação inadequada por parte da funcionária da agência, o que acabou resultando em uma situação extremamente prejudicial e injusta ao meu cadastro.

Além do transtorno causado, este bloqueio vem impactando diretamente minha rotina profissional, uma vez que a empresa em que trabalho utiliza exclusivamente a Localiza para locações corporativas. Com o perfil bloqueado, fico impossibilitado de realizar visitas e deslocamentos profissionais em nome da empresa, gerando situações constrangedoras no ambiente de trabalho.

Desta forma, solicito gentilmente a revisão desta situação e, se possível, a realização de uma nova análise ou qualquer outro procedimento que permita a regularização do meu cadastro.

Reforço que o ocorrido não decorreu de má-fé ou tentativa de descumprimento das políticas da empresa, mas sim do seguimento de uma orientação recebida diretamente no atendimento da agência.",https://www.reclameaqui.com.br/localiza-aluguel-de-carros/bloqueio-de-cadastro-na-localiza-apos-seguir-orientacao-de-atendente-para-pagamento-de-caucao_frqTXgf1PphvqcOA/,1.0,Problema Financeiro
Cancelamento de reserva de veículo por motivo de força maior - Localiza pune seus clientes,RESOLVIDO,Itanhaém,SP,"Estava em Brasília no dia *****, e como iria chegar tarde em São Paulo decidi fazer a reserva de um carro na agência do aeroporto de Congonhas. Acontece que durante o dia ocorreu um incidente que causou o fechamento do espaço aéreo de São Paulo, e com isso o meu voo foi cancelado e me colocaram em um voo no dia seguinte. Ao receber a comunicação da impossibilidade de retorno, fui fazer o cancelamento da reserva do veículo, e para minha surpresa fui cobrado em ***** do valor.
Até entendo que existe uma regra para o cancelamento de reservas, porém imagino que deveria existir uma exceção nestes casos em que o cancelamento é feito por motivos que fogem do controle do cliente, principalmente nas agências de aeroporto.
A companhia aérea me reembolsou os valores da hospedagem extra, alimentação e transporte, porém não se responsabiliza por este gasto com reserva de veículo no destino.",https://www.reclameaqui.com.br/localiza-aluguel-de-carros/cancelamento-de-reserva-de-veiculo-por-motivo-de-forca-maior-localiza-pune-seus-clientes_J0wI7URCg5LYE79T/,10.0,Problema Financeiro
Reclamação,RESOLVIDO,Boa Esperança,MG,"Olá, Elan!

Espero que esteja bem!

Vi aqui que a baixa bancária foi realizada, e o débito não consta mais em nosso sistema. Após este processo, o Serasa recebe a informação para realizar a retirada da restrição. A responsabilidade de exclusão é exclusivamente do órgão.

Aqui não tem complicação, por isso, enviei novamente o pedido de retirada da restrição ao órgão e vou acompanhar de perto até que seja resolvido!

Conta pra gente se deu tudo certo e se tiver qualquer dúvida, pode chamar por aqui!

Abraços,

Equipe Localiza",https://www.reclameaqui.com.br/localiza-aluguel-de-carros/reclamacao_D4B6JTvSKR5mhrLU/,10.0,Problema Financeiro
URGENTE - Minha reserva é amanha: Bug no site impede aplicação de desconto de parceria em reserva,RESOLVIDO,Foz do Iguaçu,PR,"Minha reserva é amanhã, preciso de ajuda urgente! O site está perdendo os descontos de parceria durante o fluxo da reserva. Sou de TI e tentei diferentes navegadores e formas mas não teve jeito, sendo assim realizei a reserva ***** tirando printscreen como evidencia de como o desconto é perdido.
Esse é o segundo chamado que abro, o primeiro foi no consumidor.gov onde anexei prints que mostravam claramente que o valor da minha reserva deveria ser R$78,68 e não R$95,95, mas a pessoa ou não entendeu ou não prestou atenção suficiente nos anexos. Estou reanexando as telas aqui e minha reserva ja é amanhã, não sei o que fazer. O pior é que estendi minha viagem e precisava do carro até dia 24 mas o site continua com o mesmo bug para aplicar voucher de parceiros. Sempre utilizei esse mesmo fluxo de telas por anos e nunca tive esse problema antes, a central confirmout que é um bug geral no sistema.

Peço que minha reserva ***** seja alterada para honrar o desconto de 18% na parceria da Mastercard surpreenda que sempre utilizei onde a diária ficaria por R$78,68 conforme os prints documentados em anexo. Solicito também como medida compensarória que minha reserva seja estendida até a data de 24/05 seguindo a diária de R$78,68. Sinceramente a Localiza deveria é dar um desconto compensatorio maior por todo o tempo que perdemos tentando resolver algo que na verdade é um bug do site da Localiza. Foram horas peridas até aqui.",https://www.reclameaqui.com.br/localiza-aluguel-de-carros/urgente-minha-reserva-e-amanha-bug-no-site-impede-aplicacao-de-desconto-de-parceria-em-reserva_MN1wyy0GKIa2UTEM/,10.0,Problema Financeiro
*****: Cobrança indevida e não realização de estorno no cartão de crédito após devolução de veículo alugado,RESOLVIDO,Vitória,ES,"aluguei um carro no dia 19/04/2026 e entreguei no dia 23/04/2026, na ***** do aeroporto de vitória ES, não houve nem um sinistro. Na devolução, o atendente não fez o estorno do valor do meu cartão de R$ 2.500,00 .. falou que levaria 8 dias, aguardei os 8 dias e não fizerma o estorno, mandaram ligar para o *****, liguei e falaram que é com o banco do meu cartão, fui ao banco e o mesmo me afirmou que não tem nada ha ver com eles, retornei a *****, porem eles falaram que não é com eles, disse que ia procurar meus direitos e mandaram eu ficar avontade.
É assim que a ***** resolve os problemas ???
Então a localiza vai ficar com meu dinheiro ??????
quero uma resposta, pois se não tiver resposta entrarei com uma ação de [Editado pelo Reclame Aqui].
fico no aguardo",https://www.reclameaqui.com.br/localiza-aluguel-de-carros/cobranca-indevida-e-nao-realizacao-de-estorno-no-cartao-de-credito-apos-devolucao-de-veiculo-alugado_b-7y8Ksq5p54avc1/,5.0,Sinistro e Acidente
***** não corrige o cadastro,NÃO RESOLVIDO,Fortaleza,CE,"Meu cadastro na localiza (Web ou App) não aceita a inclusão ou substituição do cartão de crédito. Já procurei atendimento por telefone, por WhatsApp e pessoalmente, nas lojas. Sempre sou informado que aquele não é o canal ""adequado"" para a trataria do problema. Enquanto isso, fico impossibilitado de retirar digitalmente o veículo (pois o cartão atual expirou) e agora, com a exclusão desse cartão pela loja, estou impossibilitado de alugar, pois não há cartão cadastrado e não consigo cadastrar outro.",https://www.reclameaqui.com.br/localiza-aluguel-de-carros/nao-corrige-o-cadastro_My7r33xzbsw63S2W/,0.0,Problema Financeiro
Cobrança Indevida de Lavagem Extra Já Paga Antecipadamente | Abuso na Devolução | Localiza,RESOLVIDO,João Pessoa,PB,"Cobrança Indevida de Lavagem Já Paga Antecipadamente | Abuso na Devolução | Localiza

Venho por meio desta registrar RECLAMAÇÃO FORMAL acerca de prática abusiva ocorrida na devolução de veículo alugado junto à empresa.

No momento da contratação, paguei antecipadamente pelo serviço de lavagem, justamente para evitar qualquer tipo de cobrança adicional. Ainda assim, fui indevidamente cobrado em R$ 125,00 sob a justificativa de lavagem extra.

Ressalto que:
- O veículo apresentava apenas sujeira externa (barro leve), absolutamente compatível com o uso normal;
- Não havia sujeira interna, resíduos ou dano que justificasse cobrança adicional;
- Possuo fotos que comprovam o estado do veículo no ato da devolução.

A cobrança é, portanto, abusiva, indevida e sem respaldo contratual claro, configurando violação direta ao Código de Defesa do Consumidor, especialmente:

- Art. 6, III e IV Direito à informação clara e proteção contra práticas abusivas;
- Art. 39, V Vedação à exigência de vantagem manifestamente excessiva;
- Art. 42, caput e parágrafo único Proibição de cobrança indevida e direito à restituição em dobro.

Importante destacar que a empresa já foi acionada diretamente e se recusou a solucionar a questão, demonstrando total desrespeito ao consumidor.

Diante disso, EXIJO:

1. Restituição imediata do valor de R$ 125,00;
2. Avaliação de restituição em dobro, conforme previsto em lei;
3. Posicionamento formal sobre os critérios utilizados para tal cobrança.

Caso não haja solução célere, informo que serão adotadas as seguintes medidas:

- Registro de reclamação junto ao PROCON;
- Abertura de demanda no Juizado Especial Cível;
- Comunicação aos órgãos de defesa do consumidor e plataformas públicas adicionais.

Palavras-chave (para outros consumidores): cobrança indevida Localiza, taxa de limpeza abusiva aluguel de carro, cobrança lavagem extra locadora, devolução carro cobrança irregular, direitos do consumidor locação de veículos.

Aguardo retorno imediato e resolutivo.",https://www.reclameaqui.com.br/localiza-aluguel-de-carros/cobranca-indevida-de-lavagem-extra-ja-paga-antecipadamente-abuso-na-devolucao-localiza_9YOiyPLzBHxf7VGA/,10.0,Sinistro e Acidente
COBRANÇA ABSURDA TAXA DE LIMPEZA,RESOLVIDO,Rio de Janeiro,RJ,"Venho registrar minha indignação com a Localiza pela cobrança abusiva e indevida de uma taxa de lavagem no valor de R$ 80,00 no momento da devolução do veículo.

O carro foi entregue completamente limpo, tanto por dentro quanto por fora, conforme demonstram as fotos tiradas no ato da devolução. Inclusive, o interior do veículo estava em perfeito estado de conservação e limpeza, sem sujeira excessiva, manchas, lixo ou qualquer situação que justificasse cobrança adicional.

Ainda assim, fui surpreendido com a cobrança dessa taxa sem qualquer justificativa plausível ou comprovação concreta da necessidade de lavagem extraordinária.

Entendo que a higienização comum faz parte do próprio serviço prestado pela locadora e não pode ser repassada ao consumidor de forma arbitrária, principalmente quando o veículo é devolvido em boas condições.

Solicito o estorno imediato do valor cobrado indevidamente, sob pena de adoção das medidas cabíveis junto aos órgãos de defesa do consumidor e eventualmente no Judiciário.

Aguardo uma solução rápida e respeitosa por parte da empresa.",https://www.reclameaqui.com.br/localiza-aluguel-de-carros/cobranca-absurda-taxa-de-limpeza_C28cVRyMp77wxzRB/,10.0,Problema Financeiro
Cupom de desconto enganoso.,RESOLVIDO,Gravataí,RS,"Venho por meio desta registrar uma reclamação formal contra a Localiza devido à inconsistência e possível propaganda enganosa no processo de reserva.

Há 3 dias venho tentando concluir uma reserva de veículo. Ao realizar a cotação com datas, horários e local de retirada, o sistema apresenta o valor total de R$ 797,82, com tarifa base de R$ 259,95 por diária.

No entanto, ao inserir um cupom de desconto de 15%, o valor da diária deveria ser reduzido para aproximadamente R$ 220, gerando um desconto real no valor final. Porém, ao avançar para a finalização da reserva, o sistema simplesmente ignora o cupom e mantém o valor original, sem qualquer aplicação do desconto prometido.

Ou seja, o benefício divulgado não é aplicado na prática, o que caracteriza publicidade enganosa, já que o consumidor é induzido a acreditar em uma condição que não se concretiza no momento da contratação.

Ressalto que essa situação tem ocorrido de forma repetida há dias, sem solução.

Diante disso, solicito:

A aplicação correta do desconto conforme anunciado, OU

Esclarecimento formal sobre o motivo pelo qual o cupom não está sendo aplicado, OU

Correção imediata do erro no sistema.


Caso não haja solução, me reservo o direito de registrar reclamação nos órgãos de defesa do consumidor.

Aguardo retorno com urgência.

Atenciosamente.",https://www.reclameaqui.com.br/localiza-aluguel-de-carros/cupom-de-desconto-enganoso_QpcYV1H6S9YH7YCV/,9.0,Problema Financeiro
Veículo inseguro e perigoso.,NÃO RESOLVIDO,Rio de Janeiro,RJ,"Aluguei um veículo em ***** e vim para minha cidade, no ***** capital. Contrato *****

Senti o freio do carro pouco eficiente. Como era a primeira vez em que dirigi o modelo (*****), considerei que seria característica do modelo, pelo fato de ser um SUV.

Ao chegar no *****, cerca de 400km de estrada, o freio estava ainda mais ineficiente.
Ao manobrar no condomínio, e realizar uma curva, o pedal do freio ficou duro e o carro fez um barulho na dianteira, fazendo com que eu colidisse na parede da garagem. A direção do modelo não respondeu.

Realizei o boletim de ocorrência, acionei o Reboque ***** e fui muito bem atendido.
O rapaz do reboque analisou o carro e constatou que havia uma folga de 1 dedo em algum componente do carro.

Alugo carros na ***** com certa frequência e nunca tive um experiência tão ruim, que poderia custado minha vida e de minha família.

O carro tinha 30mil km e minha locação foi péssima. Solicito que veículos desta quilometragem sejam devidamente revisados.

Em minhas próximas locações irei rejeitar os carros que possuem quilometragem elevada visando minha segurança.",https://www.reclameaqui.com.br/localiza-aluguel-de-carros/veiculo-inseguro-e-perigoso_SdHq7b5Gp7VNlXf_/,0.0,Qualidade do Veículo
Localiza: Cobranças indevidas reiteradas e prática abusiva em contrato de locação de veículo,NÃO RESOLVIDO,Rio de Janeiro,RJ,"Sou cliente da empresa Localiza há mais de 4 anos, mantendo contrato contínuo de locação de veículo no valor médio mensal de R$ 4.100,00, venho por meio desta formalizar reclamação em razão de cobranças indevidas reiteradas e prática abusiva por parte da empresa.

No mês de *****, fui surpreendido com uma cobrança no valor de R$ ***** lançado em meu cartão de crédito na data de *****, valor completamente incompatível com o contrato vigente. Após contestação, a empresa reconheceu o erro e realizou estorno parcial de R$ *****. Contudo, o estorno não foi imediato, sendo lançado apenas na fatura subsequente, obrigando-me a arcar temporariamente com valor indevido, o que gerou transtornos financeiros, pois tive meu saldo negativado.

Além disso, fui informado pela empresa de que o valor da locação passaria a ser naquele patamar elevado, o que caracteriza prática abusiva e violação aos princípios da boa-fé objetiva e do equilíbrio contratual, nos termos do Código de Defesa do Consumidor.

Diante disso, optei pela devolução do veículo e migração para outra locadora, onde consegui contratar o mesmo modelo por valor significativamente inferior (R$ 5.600,00 mensais), evidenciando ainda mais o caráter abusivo da tentativa de majoração.

Ocorre que, mesmo após a devolução do veículo (realizada em *****), a empresa voltou a efetuar nova cobrança indevida no valor de R$ *****, lançada em *****, agora referente ao mês de ***** período em que sequer permaneci com o veículo.

Após diversas tentativas de solução administrativa por meio de ligações e contatos telefônicos, sem resolução efetiva, venho requerer:

- O cancelamento imediato da cobrança indevida realizada em *****;
- A devolução em dobro dos valores cobrados indevidamente, nos termos do art. 42, parágrafo único, do Código de Defesa do Consumidor (repetição do indébito), tendo em vista a cobrança indevida reiterada;
- A responsabilização da empresa pelos transtornos causados, considerando tratar-se de cliente antigo, classificado como Platinum, sem histórico de inadimplência;
- A regularização definitiva da situação, com garantia de que novas cobranças indevidas não ocorrerão.

Ressalto que a reiteração do erro, mesmo após a primeira contestação, evidencia falha grave na prestação do serviço, passível de responsabilização. Não impedindo o prosseguimento do feito por via judicial.

Aguardo solução imediata.",https://www.reclameaqui.com.br/localiza-aluguel-de-carros/localiza-cobrancas-indevidas-reiteradas-e-pratica-abusiva-em-contrato-de-locacao-de-veiculo_L9cz13zPoJfA3nDm/,1.0,Problema Financeiro
Falta de padronização na categoria FX (diferença grande entre versões),RESOLVIDO,Três Corações,MG,"Sou cliente Platinum da Localiza e alugo veículos há vários anos. Meu histórico com a empresa sempre foi positivo, sem problemas, e sempre tive um bom relacionamento com a marca algo que valorizo e pretendo manter.
Faço questão de destacar também que o atendimento da unidade da minha cidade é um dos melhores que já vi. A equipe é sempre atenciosa, busca soluções e realmente faz a diferença na experiência do cliente.
Justamente por isso, deixo claro que esta não é uma reclamação no sentido negativo, mas sim uma crítica construtiva, com o objetivo de contribuir para tornar o serviço mais consistente e alinhado com a proposta das categorias oferecidas.
Recentemente aluguei um veículo da categoria FX (sedan automático) e recebi um Chevrolet Onix em versão básica (calotas, faróis halógenos, painel analógico e bancos de tecido).
O ponto principal não é o modelo, mas sim a inconsistência dentro da própria categoria. Existem versões do mesmo veículo muito mais completas (com rodas de liga leve, faróis em LED, painel digital e acabamento superior), que também se enquadram na mesma categoria.
Ou seja, estamos falando do mesmo carro, com o mesmo motor, porém com entregas de experiência completamente diferentes para o cliente mesmo sendo comercializados pelo mesmo valor.
Isso não faz sentido, principalmente considerando que a própria empresa segmenta veículos em categorias justamente com base no nível de conforto, tecnologia e experiência que entregam. Se essa é a lógica, não é coerente agrupar versões tão distintas dentro de uma mesma categoria.
Caso contrário, não haveria motivo para existir diferenciação de categorias, já que veículos com níveis muito diferentes estariam sendo tratados como equivalentes.
Para quem utiliza o carro de forma profissional, como no transporte de clientes, essa diferença impacta diretamente no serviço prestado.
Reforço novamente que o atendimento da unidade continua sendo excelente, e que essa situação foi exclusivamente relacionada ao veículo recebido dentro da categoria proposta.
Minha sugestão é revisar a padronização da categoria FX, seja criando subdivisões ou garantindo um nível mínimo mais uniforme entre os veículos.
A intenção é contribuir para a melhoria do serviço e manter o alto padrão que sempre tive com a empresa.
Aguardo retorno.",https://www.reclameaqui.com.br/localiza-aluguel-de-carros/falta-de-padronizacao-na-categoria-fx-diferenca-grande-entre-versoes_rumDWuc1lDYQPLYH/,10.0,Qualidade do Veículo
Reserva de veículo Localiza não aparece no sistema após confirmação da Livelo,RESOLVIDO,Vitória da Conquista,BA,"Fiz uma reserva na localiza por meio da livelo, no entanto ao tentar fazer a consulta da reserva no site da Localiza, consta que não existe essa reserva.
Estou alugando o veículo para fazer uma prova amanhã e não tenho certeza se realmente o veículo estará disponível.
Tentei falar com a Localiza e com a Livelo, as duas jogam o problema entre si. A livelo fala que gerou o código da reserva e me encaminhou, o que realmente aconteceu. Acredito que o problema de fato é com a Localiza.
O código da reserva: *****",https://www.reclameaqui.com.br/localiza-aluguel-de-carros/reserva-de-veiculo-localiza-nao-aparece-no-sistema-apos-confirmacao-da-livelo__A5GA1neO5COX-P0/,6.0,Falha no App / Reserva
Cobrança abusiva muito maior a que simulação,RESOLVIDO,Niterói,RJ,"Fiz a simulação ontem à tarde para devolver o carro que aluguei com cinco diárias. A pessoa que me atendeu informou que me passaria um valor baseado na tarifa daquele momento, mas que serviria como base de um valor aproximado. Na simulação recebi o valor de *****. Quando fui devolver o carro pela manhã, veio a conta de ***** pelas mesmas cinco diárias. Como que 50% a mais pode ser considerado um valor aproximado. Se soubesse tinha ido devolver o carro no mesmo momento. Cobrança totalmente abusiva!",https://www.reclameaqui.com.br/localiza-aluguel-de-carros/cobranca-abusiva-muito-maior-a-que-simulacao_Oi_pnB3OH1ay5eZB/,8.0,Problema Financeiro
Bloqueio de cadastro sem aviso prévio e explicação: cliente antigo da ***** prejudicado,NÃO RESOLVIDO,Camaçari,BA,"Sou cliente da ***** há alguns anos, utilizando o serviço tanto para uso pessoal quanto profissional, e nunca tive qualquer tipo de pendência financeira ou contratual. Para minha surpresa, recentemente tive meu cadastro bloqueado sem qualquer aviso prévio e sem explicação plausível.

Entro em contato com os canais de atendimento e recebo sempre a mesma mensagem automática:

""Atenção! No momento, o seu perfil não foi aprovado para alugar com a gente.
Periodicamente, os cadastros passam por uma análise sistêmica similar à avaliação de crédito tradicional. Em 180 dias, você poderá realizar uma nova tentativa.
Código: *****""

Essa resposta padronizada, sem detalhamento, é totalmente insatisfatória e incoerente com o tratamento humizado que sempre tive da *****. Não estamos falando de um financiamento ou concessão de crédito, e sim de um serviço pago, no qual sempre mantive minha parte do compromisso.

Trabalho com viagens e dependo da locação de veículos no local para execução de meus serviços. O bloqueio inesperado e sem qualquer esclarecimento causou prejuízos e transtornos diretos. A sensação é de descaso total com o cliente, como se estivessem fazendo um favor o que não condiz com o histórico que construí com a empresa ao longo dos anos.

Solicito uma explicação efetiva e personalizada sobre o motivo do bloqueio e uma revisão urgente da decisão, considerando meu histórico como cliente e a natureza do serviço.

Aguardo posicionamento sério e responsável da empresa.",https://www.reclameaqui.com.br/localiza-aluguel-de-carros/bloqueio-de-cadastro-sem-aviso-previo-e-explicacao-cliente-antigo-da-prejudicado_zSMmolsnp99Vst90/,0.0,Bloqueio de Cadastro
Recusa de aluguel de carro e cobrança indevida após reserva confirmada,RESOLVIDO,Montes Claros,MG,"Me chamo ***** e minha reclamação da empresa localiza é que fiz uma reserva de um carro para data de retirada no dia ***** e entrega dia ***** no aeroporto de Montes Claros para retirada do veículo, ao chegar no aeroporto de Montes Claros - mg no dia ***** às 18:30h para fazer a retirada do veículo pelo aplicativo o mesmo não concluía o destravamento do veículo, solicitei ajuda da atendente da recepção, a mesma com muita atenção e boa vontade não conseguiu me ajudar pelo app, então ela me conduziu até o balcão e não conseguiu dizendo que a localiza rejeitou a mim, ou seja o meu cadastro, minha ficha não foi aprovada e não poderia me alugar o veículo deixando-me constrangido diante de outras pessoas que estavam ali, e não falaram o porquê de não alugar, sou motorista profissional exerso atividade como motorista CLT na empresa Sesc mesa Brasil de Montes Claros e não há nada que me desabone da minha profissão, e mesmo de alugar um carro, diante disso tive de sair para outra empresa para ver se conseguia alugar de última hora uma vez que já tinha feito reserva na localiza desde as 13h do dia ***** e por motivo de recusa de meu cadastro não aluguei o carro. Hoje dia ***** recebi um e-mail da localiza me dizendo que vai descontar o valor da reserva no meu cartão de crédito por eu não ter ido retirar o veículo da qual fiz a reserva no dia ***** sendo que eu estive na empresa localiza as 18:30h do mesmo dia para retirada do veículo e a mesma se recusou a me alugar o carro, entendo que a empresa localiza além de me constranger recusando me alugar um de seus carros uma vez que ela a localiza já tinha aceitado meu cadastro e minha reserva via app fazendo eu me locomover até as suas dependências no aeroporto de Montes Claros - mg usa agora de má fé não assumindo suas responsabilidades e falhas para fazer com que eu pague pelos seus erros, não aceito e por isso faço essa reclamação aguardando um retorno positivo a meu favor. Uma experiência terrível que não desejo a ninguém e uma empresa que também não indica ninguém, tirando a recepcionista que tentou me ajudar no dia os outros funcionários todos com atendimento horrível, nota 0 em atendimento.",https://www.reclameaqui.com.br/localiza-aluguel-de-carros/recusa-de-aluguel-de-carro-e-cobranca-indevida-apos-reserva-confirmada_Djvn_OJ0hn8IRcSp/,0.0,Problema Financeiro
Reajuste de Mensalidade sem Aviso Prévio e Problemas Recorrentes no Contrato de Aluguel Mensal,RESOLVIDO,Belo Horizonte,MG,"Sou cliente da ***** no modelo de aluguel mensal e venho registrar uma insatisfação recorrente em relação à condução do meu contrato.

Recentemente, identifiquei um reajuste no valor da mensalidade sem qualquer comunicação prévia clara. Ao buscar esclarecimentos, fui informado de que a alteração estaria respaldada nas cláusulas ***** e ***** das Condições Gerais.

Entretanto, reforço que, mesmo havendo previsão contratual para reajustes, é essencial o cumprimento do dever de informação prévia, de forma clara e comprovável o que não ocorreu neste caso.

Além disso, este não é um fato isolado. Já enfrentei outros problemas anteriormente envolvendo este mesmo contrato (em contexto distinto), o que demonstra uma recorrência de falhas na experiência como cliente. Mais recentemente, esses episódios vêm impactando negativamente minha percepção sobre a qualidade do serviço prestado pela empresa.

Destaco que não me oponho à continuidade do contrato, porém considero inadequada a forma como o reajuste foi conduzido, somado ao histórico recente de inconsistências na experiência.

Diante disso, solicito:

Apresentação de comprovação formal do envio de comunicação prévia sobre o reajuste (data, meio e conteúdo);

Revisão da aplicação do novo valor, considerando a ausência de aviso prévio;

Concessão de condição comercial compensatória, incluindo:

Upgrade de categoria do veículo sem custo adicional; ou

Benefício equivalente (desconto temporário, manutenção do valor anterior por período determinado, ou crédito em fatura).

Reforço meu interesse em manter o contrato, desde que haja maior transparência, previsibilidade e melhoria na experiência como cliente.

Aguardo retorno com uma solução adequada.",https://www.reclameaqui.com.br/localiza-aluguel-de-carros/reajuste-de-mensalidade-sem-aviso-previo-e-problemas-recorrentes-no-contrato-de-aluguel-mensal_6P6TXaxA_pLAk7KY/,9.0,Problema Financeiro
"Carro alugado com problemas de freio e desalinhamento na viagem, colocando família em risco",RESOLVIDO,Rio de Janeiro,RJ,"Aluguei um carro (*****) na ***** com km ilimitado, e o carro estava com problemas nos freios, pastilha e disco. Andei 400km com o carro e após isso, já não tinha mais freio. Precisei percorrer mais 825km ha 80km/h. Estava com minha esposa grávida de 5 meses, minha sogra e meu irmão.

Estava numa viagem para o interior ba Bahia, 1 de maio. Precisei percorrer até o destino e, após chegar, liguei na central e eles prontamente substituíram meu carro por um *****. O carro chegou para mim no dia 02 de maio as 23:45. Viajei no dia 04 de maio de volta para Teresopolis (local de onde moro e retirei o carro), e ele estava extremamente desalinhado e desbalanceado, vibrando e puxando.

Não entendo quais checklist de segurança da *****, em permitir entregar um carro com problemas sérios na parte de freio. Minha família ficou em risco.

Nesse caso, registro aqui a minha indignação.",https://www.reclameaqui.com.br/localiza-aluguel-de-carros/carro-alugado-com-problemas-de-freio-e-desalinhamento-na-viagem-colocando-familia-em-risco_a-bGQFRMWoN-nI7c/,10.0,Qualidade do Veículo
Cobranças indevidas e problemas em locações de veículos com a Localiza,RESOLVIDO,Americana,SP,"Realizei duas locações com a Localiza (contratos n ***** e n *****) e tive cobranças indevidas nas duas situações.
Na primeira locação (***** a *****), houve problema mecânico durante a viagem, troca por veículo fora da categoria e cobrança indevida de R$110,05, que até hoje não foi reembolsada, apesar de constar como devolvida no sistema.
Na segunda locação (***** a *****), sendo cliente Gold, há direito a até 4 horas de tolerância na devolução. O carro foi entregue com apenas 7 minutos de atraso (16:07), ainda dentro desse prazo, mas mesmo assim foi cobrada uma diária adicional de R$283,11.
Após a primeira reclamação, foi informado que o atendimento não poderia continuar por não ter sido feito pela titular. Por isso, esta nova manifestação está sendo realizada diretamente pela titular.
O valor total cobrado indevidamente é de R$393,16. Solicito a devolução desse valor e um posicionamento sobre o ocorrido.",https://www.reclameaqui.com.br/localiza-aluguel-de-carros/cobrancas-indevidas-e-problemas-em-locacoes-de-veiculos-com-a-localiza_r6I04PUKsCYv4XKJ/,8.0,Problema Financeiro
Localiza cobra indevidamente quilometragem excedente e não retorna contato,RESOLVIDO,São Paulo,SP,"Fiz a reclamação ***** em *****, com prazo para retorno em *****. A Localiza simplesmente não retornou.

Sou cliente frequente e tive que trocar um carro que apresentou problema de vazamento de óleo em minha viagem a trabalho. Troquei na loja Localiza em São Roque por orientação da Localiza e passei por Araçariguama; R. ***** - *****, São Paulo - SP, *****; Estr. *****, ***** - *****, São Bernardo do Campo - SP, *****; R. *****, ***** - *****, São Paulo - SP, ***** e voltei para R. ***** - *****, São Paulo - SP, *****, devolvendo o carro no Shopping Morumbi Town, totalizando 132 km conforme o Google Maps, link *****.

O funcionario que recebeu o veículo me passou o valor por volta de R$ 65, o que autorizei debitar no meu cartão cadastrado. Para minha surpresa, a cobrança e a fatura chegaram apenas no dia seguinte no valor de R$ 155,29, o que não foi passado pela pessoa que recebeu o carro. A Localiza cobrou indevidamente mais de 3 vezes o que o que rodei, ou seja, 451 km.

Segue a fatura em anexo, que estranhamente só recebi em *****, uma vez que devolvi o carro em *****, às 18:44.

Solicito o estorno desta cobrança de quilometragem excedente cobrada indevidamente.",https://www.reclameaqui.com.br/localiza-aluguel-de-carros/localiza-cobra-indevidamente-quilometragem-excedente-e-nao-retorna-contato_gSXmZtnBMrFh5Lx9/,10.0,Problema Financeiro
Reserva de carro negada devido a restrição no Serasa e mau atendimento,NÃO RESOLVIDO,São Paulo,SP,"Fiz uma reserva de carro para 5 dias. Liguei para a empresa para tirar algumas dúvidas, como por exemplo sobre o cartão de credito. Tudo certo, entrei novamente no aplicativo e fiz a reserva, confirmaram com o código. A filial mais perto de casa fica a 3 horas de distância. Chegando lá, para pegar o carro e fazer o pagamento a atendente me informou que não seria possível, pois não tinha sido aprovada e que meu nome estava no Serasa. Além do constrangimento, a atendente e a empresa agiram de má fé, pois poderiam ter me informado que não tinha sido aprovada. O mais constrangedor foi a atendente que me tratou como se estivesse querendo dar o ""[Editado pelo Reclame Aqui]"". Se eu não me engano, este tipo de atitude, por parte de ambas (empresa e atendente) são passíveis de punição. Gostaria de ser ressarcida pelo ocorrido. Segue os dados da reserva:

O código da sua reserva é:

*****

Grupo B - Compacto Com Ar


Veículo similar a: Fiat Mobi 1.0, Renault Kwid 1.0, dentre outros.
Sua reserva garante um dos carros desse grupo.
Modelo sujeito à disponibilidade da agência.
O que você precisa para retirar o carro:
A apresentação da sua CNH - (Carteira Nacional de Habilitação) é obrigatória no momento da retirada do carro.
À vista em dinheiro, cartão de débito, cheque (mediante aprovação de perfil) ou cartões de crédito em seu nome, com limite disponível para a pré autorização e emitidos no Brasil, nas bandeiras American Express, Visa, Mastercard, Diners Club International e Elo, emitidos no Brasil.
O limite para você retirar o veículo é de 1h após o horário selecionado na reserva, desde que não ultrapasse o horário de funcionamento da agência.
Retirada

***** às *****

Centro - Shopping Sp Market
Av *****, *****, Jurubatuba
Sao Paulo - SP
Exibir horários de funcionamento
Devolução

***** às *****

Centro - Shopping Sp Market
Av *****, *****, Jurubatuba
Sao Paulo - SP
Exibir horários de funcionamento
Informações da Reserva
Diárias

Total

5 diárias x R$ 66,56
R$ 332,80
5 diárias x R$ 66,56
R$ 332,80
Franquia de km

5 diária(s) x 200km = 1000km
Incluso(s)

Pacote Padrão

5x R$ 39,90

R$ 199,50

5x R$ 35,55

R$ 177,75

Seguro de Terceiros

Incluso

Proteção do Carro

Incluso

Serviços
Taxa de Aluguel: 15% do valor total
R$ 76,58
Benefícios da reserva
Oba! Você recebeu um desconto de 10%

Total Previsto

R$ 587,13

Reenviar por Email
Exibir Termos e Condições",https://www.reclameaqui.com.br/localiza-aluguel-de-carros/reserva-de-carro-negada-devido-a-restricao-no-serasa-e-mau-atendimento_Lkh6gjr46akiI6Qz/,4.0,Sinistro e Acidente
"Cupom de desconto não funciona, propaganda enganosa",RESOLVIDO,São Paulo,SP,"Estou tentando usar cupons de desconto desde os da página como *****, *****, Mastercard Surpreenda e todos estao dando zero desconto,propaganda enganosa",https://www.reclameaqui.com.br/localiza-aluguel-de-carros/cupom-de-desconto-nao-funciona-propaganda-enganosa_x3ycRL6_vyz4Q6d3/,10.0,Problema Financeiro
Cadastro bloqueado indevidamente na ***** sem justificativa clara e sem resolução.,NÃO RESOLVIDO,Rio de Janeiro,RJ,"Estou tendo um problema com a ***** aluguel de carros desde o ano passado, *****, quando fui fazer uma reserva e apareceu que o meu cadastro estava incompleto e bloqueado por cerca de *****. Desta forma, sem entender o real motivo, aguardei o prazo e, este anos (*****), tentei fazer uma nova reserva porém meu cadastro continua aparecendo como se estivesse bloqueado.
Entrei em contato com a empresa através do telefone do SAC, também pelo chat da página oficial e pelo WhatsApp, todos me disseram que não tem a informação e não sabem o motivo pelo qual o meu cadastro está dessa forma. Apenas informam que é uma analise realizada pela localiza com alguns clientes e isso pode acontecer. Perguntei se tinha alguma coisa que eu pudesse fazer para mudar e me disseram que não que eu precisaria aguardar novamente mais *****.
Preciso de uma informação da empresa para identificar qual o motivo do bloqueio e porque eu não posso estar fazendo o aluguel de carros neste momento.",https://www.reclameaqui.com.br/localiza-aluguel-de-carros/cadastro-bloqueado-indevidamente-na-sem-justificativa-clara-e-sem-resolucao_47TGcALO61scKIvL/,0.0,Bloqueio de Cadastro
Propaganda Enganosa: Cupom Mastercard Surpreenda (15%) não aplica desconto real no site da Localiza,RESOLVIDO,Goiânia,GO,"Gostaria de registrar minha profunda indignação com a parceria entre o Mastercard Surpreenda e a Localiza. Utilizei meus pontos no programa Mastercard Surpreenda para resgatar um voucher de 15% de desconto em locações na Localiza (Código: *****).

No entanto, ao aplicar o código no site da Localiza, constatei uma prática abusiva e enganosa. Realizei a simulação da reserva com o cupom aplicado e, para minha surpresa, o valor total previsto (R$ 744,68) é exatamente o mesmo valor cobrado sem a utilização de qualquer código promocional.

Conforme demonstram os prints em anexo, o sistema chega a exibir o selo de ""15%"" de desconto nas diárias, mas o cálculo final permanece inalterado. Ou seja, o desconto é fictício. O cupom serve apenas para que o cliente gaste seus pontos acumulados no cartão de crédito em troca de absolutamente benefício nenhum.

Isso configura publicidade enganosa, conforme o Art. 37 do Código de Defesa do Consumidor, além de um descaso com o programa de fidelidade do cliente. Sinto-me enganado tanto pela Mastercard, que ""vende"" um benefício inexistente, quanto pela Localiza, que não aplica o desconto prometido em sua plataforma.",https://www.reclameaqui.com.br/localiza-aluguel-de-carros/propaganda-enganosa-cupom-mastercard-surpreenda-15-nao-aplica-desconto-real-no-site-da-localiza_Q8OfsCteikrhAdfV/,10.0,Problema Financeiro
Impossibilidade de Alugar,NÃO RESOLVIDO,Goiânia,GO,"Estou tentando utilizar os serviços da localiza há alguns meses, todavia não sei por qual motivo eles não me permitem, tendo em vista a seguinte mensagem: ""No momento, o seu perfil não foi aprovado para alugar com a gente."".

Não consigo entender, tenho bom score e não tenho dívidas, mas não me permitem realizar o aluguel.

Gostaria de ter, ao menos uma resposta quanto a demanda.",https://www.reclameaqui.com.br/localiza-aluguel-de-carros/impossibilidade-de-alugar_NUwOQ8RBfyNKBst1/,2.0,Problema Financeiro
Cobrança indevida,RESOLVIDO,Sorocaba,SP,"Fiz uma reserva na Localiza no dia 29/04 as 17:00 fui retirar o carro as 17:50, mas não consegui retirar o carro pois ia usar o cartão de crédito de terceiros para o calção no site não especifica que o cartão tinha que estar no meu nome, assim que sai do balcão abri um chamado no 0800 pois nao consegui cancelar a reserva pelo site protocolo da chamada *****. No site diz que se voce cancelar a reserva em até 4 horas após a solicitação tem multa. Mas mesmo eles nao aceitando cartão de terceiros para minha surpresa ontem foi descontado no cartão da minha cunhada $136,16. Lembrando que fui até a Localiza para retirar o carro e fui impedido. Quero que a cobrança seja cancelada.",https://www.reclameaqui.com.br/localiza-aluguel-de-carros/cobranca-indevida_3CfvQhB5kwH3NTab/,8.0,Problema Financeiro
*****,RESOLVIDO,Bom Jesus da Lapa,BA,"A ***** tinha uma reserva de carro hoje, *****, as 14h. Confirmaram há 5 dias a entrega do carro e solicitaram todas as informações como endereço, horário de entrega. Hoje em cima da hora de receber o carro, enviaram uma mensagem solicitando a cópia da *****. Como estava em horário de trabalho, só consegui responder meio-dia. Informaram que não iam enviar o carro mais, que enviaram para outro cliente. E eu fiquei sem carro, apesar de ter compromissos de trabalho em que precisava do carro. Informaram que só teriam disponibilidade de um novo carro em 2 dias. E que eu teria que arcar com os meus prejuízos.
Empresa que não tem respeito com o cliente.",https://www.reclameaqui.com.br/localiza-aluguel-de-carros/reclamacao_pUMFVHJfr-6m5pOd/,7.0,Falha no App / Reserva
Cobrança abusiva,RESOLVIDO,Belo Horizonte,MG,"Aluguei um carro na localiza dia *****, fiquei com ele até dia *****, sendo que utilizei apenas no dia ***** e no retorno dia *****
Ao devolver o carro, a placa do carro tinha soltado. Nos não vimos a placa cair, meu trajeto foi apenas rodovia e centro de Maceió. Cobraram R$ 414,00 pela placa, um absurdo, tendo em vista que a placa custa menos que a metade. A placa não é parafusado e não tínhamos como ver se a placa estava bem colocada. Sou cliente ativa da localiza e nunca me aconteceu isso. Não estou de acordo, pois p mim a placa já deveria estar bamba. Tentei fazer a reclamação pelo telefone mas não consegui",https://www.reclameaqui.com.br/localiza-aluguel-de-carros/cobranca-abusiva_MYFQ96DxJY48GVV6/,10.0,Outros
"Cobrança indevida de seguro ""Kit Conveniência"" após renovação automática não informada em contrato pela Localiza",RESOLVIDO,São Paulo,SP,Fui retirar um veículo na localiza do shopping plaza Sul e foi oferecido pelo atendente um seguro ' kit conveniência' foi explicado que a duração seria por 7 dias e caso acontecer alguma coisa após os 7 dias com o veículo eu pagaria a franquia. No contrato assinado não está mencionado que automaticamente ocorre a renovação caso prorrogue o tempo com o veículo. Fiquei com o veículo durante 17 dias e estão me cobrando os 10 dias de seguro.,https://www.reclameaqui.com.br/localiza-aluguel-de-carros/cobranca-indevida-de-seguro-kit-conveniencia-apos-renovacao-automatica-nao-informada-em-contrato-pela-localiza_3EjyspGGuLlfQNyX/,10.0,Sinistro e Acidente
Cobrança indevida,RESOLVIDO,São Paulo,SP,"Aluguei um veículo do dia 27/04/2026 a 04/05/2026 na localiza do aeroporto de Natal, RN, a retirada do veículo foi tranquila porém o veículo já possuía diversos riscos, inclusive um acentuado no pára-choque dianteiro. Utilizei o veículo durante a locação para ir a Galinhos, cidade próxima, e passe por uma estrada com muitas pedras e buracos que acabou arranhando um pouco o pára-choque dianteiro, próximo a outros riscos já existentes. Na hora da devolução o Rodrigo, funcionário da unidade, fez a inspeção e pediu para eu relatar o que houve e assinar um documento. Chegando ao caixa a funcionária Laís disse que eu tinha um débito de cerca de 400 reais, referente a troca do pára-choque. Fiquei sem entender aquela cobrança pois quem fez a vistoria não me falou absolutamente nada, não usou explicou como funciona o critério de avaliação de uma avaria, valor e etc. Questionei a funcionária citada, Laís, como era realizado esse julgamento do dano e se existia uma tabela de valores que eu pudesse consultar, me responderam, de forma totalmente antipática, que havia uma régua de medição e se o arranhado fosse maior que aquilo o cliente pagava a taxa e era realizado a troca/pintura do pára-choque. Após saber da régua voltei ao veículo e constatei que o arranhado eu realizei e o que já existia no pára-choque eram maiores do que a régua, logo questionei sobre a cobrança pois já existia outros riscos que justificaria a troca e a Localiza não realizou. A funcionária não soube responder minha pergunta e alegou que encaminharia o processo a central para avaliarem, até agora minha reserva consta como aberta devido a tal fato.
Venho neste canal questionar a cobrança, entendo que havendo dano é necessário o pagamento e reparo, porém o veículo que eu recebi já necessitava do mesmo reparo que eu ocasionei (arranhado acima da régua) e este serviço não foi feito, ou seja, a Localiza cobra diversos clientes que ocasionam pequenos arranhões e NÃO REALIZAM O REPARO, a postura da empresa é cobrar de diversos clientes o mesmo serviço e manter a peça como está?
Se eu tivesse arranhado uma peça NOVA, não questionaria nenhuma cobrança, entretanto recebi uma peça já danificada e querem me cobrar por todo serviço, ademais fico extremamente insatisfeito com o atendimento que tive na loja, em nenhum momento os funcionários procuraram explicar a cobrança e apresentar critérios objetivos da empresa, tal como uma tabela de preços e etc. Aguardo uma resposta da empresa pois é uma locadora que sempre confiei, porém é inaceitável realizar uma mesma cobrança de diversos clientes e não realizarem o reparo. Envio as fotos do arranhado que eu causei e o que já estava, ambos acima da régua.",https://www.reclameaqui.com.br/localiza-aluguel-de-carros/cobranca-indevida_oLEWOflHbPKU_316/,8.0,Sinistro e Acidente
"Pouco caso, taxa indevida!!!!",RESOLVIDO,São Paulo,SP,"Localiza estou no aguardo de um retorno!!!!
Gostaria de um retorno sobre a minha reclamação, pois ainda não tive resposta. Poderiam verificar, por gentileza?
Aguardo um posicionamento o quanto antes.",https://www.reclameaqui.com.br/localiza-aluguel-de-carros/pouco-caso-taxa-indevida_MQsOAumqmgWms0-x/,10.0,Outros
